genome	amino_acid	codon	count	relative_weight
GCF_000005845.2	K	AAA	45204	1.000000
GCF_000005845.2	N	AAC	29053	1.000000
GCF_000005845.2	K	AAG	13731	0.303756
GCF_000005845.2	N	AAT	23488	0.808454
GCF_000005845.2	T	ACA	9278	0.294194
GCF_000005845.2	T	ACC	31537	1.000000
GCF_000005845.2	T	ACG	19325	0.612772
GCF_000005845.2	T	ACT	11932	0.378349
GCF_000005845.2	R	AGA	2632	0.088760
GCF_000005845.2	S	AGC	21587	1.000000
GCF_000005845.2	R	AGG	1461	0.049270
GCF_000005845.2	S	AGT	11643	0.539352
GCF_000005845.2	I	ATA	5591	0.136666
GCF_000005845.2	I	ATC	33912	0.828942
GCF_000005845.2	M	ATG	33508	1.000000
GCF_000005845.2	I	ATT	40910	1.000000
GCF_000005845.2	Q	CAA	20630	0.531153
GCF_000005845.2	H	CAC	13032	0.756487
GCF_000005845.2	Q	CAG	38840	1.000000
GCF_000005845.2	H	CAT	17227	1.000000
GCF_000005845.2	P	CCA	11281	0.359772
GCF_000005845.2	P	CCC	7299	0.232778
GCF_000005845.2	P	CCG	31356	1.000000
GCF_000005845.2	P	CCT	9313	0.297009
GCF_000005845.2	R	CGA	4685	0.157994
GCF_000005845.2	R	CGC	29653	1.000000
GCF_000005845.2	R	CGG	7137	0.240684
GCF_000005845.2	R	CGT	28337	0.955620
GCF_000005845.2	L	CTA	5203	0.072961
GCF_000005845.2	L	CTC	14960	0.209782
GCF_000005845.2	L	CTG	71312	1.000000
GCF_000005845.2	L	CTT	14734	0.206613
GCF_000005845.2	E	GAA	53330	1.000000
GCF_000005845.2	D	GAC	25727	0.597635
GCF_000005845.2	E	GAG	23897	0.448097
GCF_000005845.2	D	GAT	43048	1.000000
GCF_000005845.2	A	GCA	27072	0.594715
GCF_000005845.2	A	GCC	34433	0.756420
GCF_000005845.2	A	GCG	45521	1.000000
GCF_000005845.2	A	GCT	20490	0.450122
GCF_000005845.2	G	GGA	10494	0.262219
GCF_000005845.2	G	GGC	40020	1.000000
GCF_000005845.2	G	GGG	14722	0.367866
GCF_000005845.2	G	GGT	33329	0.832809
GCF_000005845.2	V	GTA	14648	0.418514
GCF_000005845.2	V	GTC	20542	0.586914
GCF_000005845.2	V	GTG	35000	1.000000
GCF_000005845.2	V	GTT	24609	0.703114
GCF_000005845.2	Y	TAC	16389	0.761252
GCF_000005845.2	Y	TAT	21529	1.000000
GCF_000005845.2	S	TCA	9465	0.438458
GCF_000005845.2	S	TCC	11568	0.535878
GCF_000005845.2	S	TCG	11958	0.553945
GCF_000005845.2	S	TCT	11310	0.523926
GCF_000005845.2	C	TGC	8661	1.000000
GCF_000005845.2	W	TGG	20410	1.000000
GCF_000005845.2	C	TGT	6870	0.793211
GCF_000005845.2	L	TTA	18509	0.259550
GCF_000005845.2	F	TTC	22241	0.745192
GCF_000005845.2	L	TTG	18223	0.255539
GCF_000005845.2	F	TTT	29846	1.000000
GCF_000006925.2	K	AAA	43347	1.000000
GCF_000006925.2	N	AAC	26696	1.000000
GCF_000006925.2	K	AAG	14112	0.325559
GCF_000006925.2	N	AAT	22193	0.831323
GCF_000006925.2	T	ACA	9637	0.350781
GCF_000006925.2	T	ACC	27473	1.000000
GCF_000006925.2	T	ACG	18140	0.660285
GCF_000006925.2	T	ACT	11714	0.426382
GCF_000006925.2	R	AGA	3720	0.134403
GCF_000006925.2	S	AGC	19696	1.000000
GCF_000006925.2	R	AGG	2525	0.091228
GCF_000006925.2	S	AGT	11367	0.577122
GCF_000006925.2	I	ATA	6341	0.175418
GCF_000006925.2	I	ATC	30867	0.853906
GCF_000006925.2	M	ATG	31313	1.000000
GCF_000006925.2	I	ATT	36148	1.000000
GCF_000006925.2	Q	CAA	18457	0.500271
GCF_000006925.2	H	CAC	12720	0.769883
GCF_000006925.2	Q	CAG	36894	1.000000
GCF_000006925.2	H	CAT	16522	1.000000
GCF_000006925.2	P	CCA	10318	0.364735
GCF_000006925.2	P	CCC	6768	0.239245
GCF_000006925.2	P	CCG	28289	1.000000
GCF_000006925.2	P	CCT	8788	0.310651
GCF_000006925.2	R	CGA	4739	0.171219
GCF_000006925.2	R	CGC	27678	1.000000
GCF_000006925.2	R	CGG	7992	0.288749
GCF_000006925.2	R	CGT	27280	0.985620
GCF_000006925.2	L	CTA	5195	0.077439
GCF_000006925.2	L	CTC	13950	0.207945
GCF_000006925.2	L	CTG	67085	1.000000
GCF_000006925.2	L	CTT	14311	0.213326
GCF_000006925.2	E	GAA	49859	1.000000
GCF_000006925.2	D	GAC	24047	0.615485
GCF_000006925.2	E	GAG	23597	0.473275
GCF_000006925.2	D	GAT	39070	1.000000
GCF_000006925.2	A	GCA	25323	0.630867
GCF_000006925.2	A	GCC	31345	0.780892
GCF_000006925.2	A	GCG	40140	1.000000
GCF_000006925.2	A	GCT	20127	0.501420
GCF_000006925.2	G	GGA	11123	0.314689
GCF_000006925.2	G	GGC	35346	1.000000
GCF_000006925.2	G	GGG	13563	0.383721
GCF_000006925.2	G	GGT	30660	0.867425
GCF_000006925.2	V	GTA	13845	0.434189
GCF_000006925.2	V	GTC	18970	0.594913
GCF_000006925.2	V	GTG	31887	1.000000
GCF_000006925.2	V	GTT	23025	0.722081
GCF_000006925.2	Y	TAC	15993	0.791929
GCF_000006925.2	Y	TAT	20195	1.000000
GCF_000006925.2	S	TCA	9709	0.492943
GCF_000006925.2	S	TCC	11168	0.567019
GCF_000006925.2	S	TCG	11070	0.562043
GCF_000006925.2	S	TCT	11127	0.564937
GCF_000006925.2	C	TGC	8415	1.000000
GCF_000006925.2	W	TGG	19282	1.000000
GCF_000006925.2	C	TGT	6810	0.809269
GCF_000006925.2	L	TTA	16702	0.248968
GCF_000006925.2	F	TTC	20937	0.788766
GCF_000006925.2	L	TTG	16005	0.238578
GCF_000006925.2	F	TTT	26544	1.000000
GCF_000006945.1	K	AAA	45258	1.000000
GCF_000006945.1	N	AAC	28704	1.000000
GCF_000006945.1	K	AAG	16008	0.353705
GCF_000006945.1	N	AAT	25491	0.888064
GCF_000006945.1	T	ACA	8214	0.246415
GCF_000006945.1	T	ACC	33334	1.000000
GCF_000006945.1	T	ACG	26917	0.807494
GCF_000006945.1	T	ACT	9577	0.287304
GCF_000006945.1	R	AGA	3356	0.101402
GCF_000006945.1	S	AGC	24961	1.000000
GCF_000006945.1	R	AGG	2343	0.070794
GCF_000006945.1	S	AGT	10502	0.420736
GCF_000006945.1	I	ATA	7631	0.181903
GCF_000006945.1	I	ATC	34782	0.829110
GCF_000006945.1	M	ATG	35035	1.000000
GCF_000006945.1	I	ATT	41951	1.000000
GCF_000006945.1	Q	CAA	18173	0.411461
GCF_000006945.1	H	CAC	13629	0.718526
GCF_000006945.1	Q	CAG	44167	1.000000
GCF_000006945.1	H	CAT	18968	1.000000
GCF_000006945.1	P	CCA	8235	0.234428
GCF_000006945.1	P	CCC	9933	0.282766
GCF_000006945.1	P	CCG	35128	1.000000
GCF_000006945.1	P	CCT	10230	0.291221
GCF_000006945.1	R	CGA	5113	0.154490
GCF_000006945.1	R	CGC	33096	1.000000
GCF_000006945.1	R	CGG	9933	0.300127
GCF_000006945.1	R	CGT	26493	0.800489
GCF_000006945.1	L	CTA	7023	0.092010
GCF_000006945.1	L	CTC	14919	0.195457
GCF_000006945.1	L	CTG	76329	1.000000
GCF_000006945.1	L	CTT	16870	0.221017
GCF_000006945.1	E	GAA	50183	1.000000
GCF_000006945.1	D	GAC	28962	0.639931
GCF_000006945.1	E	GAG	29511	0.588068
GCF_000006945.1	D	GAT	45258	1.000000
GCF_000006945.1	A	GCA	18549	0.305791
GCF_000006945.1	A	GCC	41621	0.686147
GCF_000006945.1	A	GCG	60659	1.000000
GCF_000006945.1	A	GCT	18195	0.299955
GCF_000006945.1	G	GGA	12466	0.247170
GCF_000006945.1	G	GGC	50435	1.000000
GCF_000006945.1	G	GGG	17194	0.340914
GCF_000006945.1	G	GGT	24734	0.490413
GCF_000006945.1	V	GTA	16147	0.453440
GCF_000006945.1	V	GTC	25997	0.730048
GCF_000006945.1	V	GTG	35610	1.000000
GCF_000006945.1	V	GTT	22082	0.620107
GCF_000006945.1	Y	TAC	16450	0.672444
GCF_000006945.1	Y	TAT	24463	1.000000
GCF_000006945.1	S	TCA	8947	0.358439
GCF_000006945.1	S	TCC	14460	0.579304
GCF_000006945.1	S	TCG	13594	0.544610
GCF_000006945.1	S	TCT	10303	0.412764
GCF_000006945.1	C	TGC	9507	1.000000
GCF_000006945.1	W	TGG	21719	1.000000
GCF_000006945.1	C	TGT	6920	0.727885
GCF_000006945.1	L	TTA	18890	0.247481
GCF_000006945.1	F	TTC	21708	0.652440
GCF_000006945.1	L	TTG	17517	0.229493
GCF_000006945.1	F	TTT	33272	1.000000
GCF_000009065.1	K	AAA	43292	1.000000
GCF_000009065.1	N	AAC	22468	0.688717
GCF_000009065.1	K	AAG	16441	0.379770
GCF_000009065.1	N	AAT	32623	1.000000
GCF_000009065.1	T	ACA	13170	0.451290
GCF_000009065.1	T	ACC	29183	1.000000
GCF_000009065.1	T	ACG	16460	0.564027
GCF_000009065.1	T	ACT	14404	0.493575
GCF_000009065.1	R	AGA	4449	0.164146
GCF_000009065.1	S	AGC	19501	1.000000
GCF_000009065.1	R	AGG	2907	0.107254
GCF_000009065.1	S	AGT	17401	0.892313
GCF_000009065.1	I	ATA	10569	0.256206
GCF_000009065.1	I	ATC	31442	0.762193
GCF_000009065.1	M	ATG	31641	1.000000
GCF_000009065.1	I	ATT	41252	1.000000
GCF_000009065.1	Q	CAA	32132	0.962295
GCF_000009065.1	H	CAC	11783	0.618953
GCF_000009065.1	Q	CAG	33391	1.000000
GCF_000009065.1	H	CAT	19037	1.000000
GCF_000009065.1	P	CCA	16763	0.916963
GCF_000009065.1	P	CCC	10271	0.561840
GCF_000009065.1	P	CCG	18281	1.000000
GCF_000009065.1	P	CCT	13577	0.742684
GCF_000009065.1	R	CGA	5821	0.214765
GCF_000009065.1	R	CGC	22642	0.835375
GCF_000009065.1	R	CGG	10816	0.399055
GCF_000009065.1	R	CGT	27104	1.000000
GCF_000009065.1	L	CTA	10640	0.217480
GCF_000009065.1	L	CTC	12334	0.252105
GCF_000009065.1	L	CTG	48924	1.000000
GCF_000009065.1	L	CTT	12872	0.263102
GCF_000009065.1	E	GAA	46433	1.000000
GCF_000009065.1	D	GAC	19431	0.395140
GCF_000009065.1	E	GAG	27497	0.592187
GCF_000009065.1	D	GAT	49175	1.000000
GCF_000009065.1	A	GCA	28402	0.783071
GCF_000009065.1	A	GCC	36270	1.000000
GCF_000009065.1	A	GCG	32103	0.885112
GCF_000009065.1	A	GCT	26576	0.732727
GCF_000009065.1	G	GGA	8578	0.243908
GCF_000009065.1	G	GGC	31789	0.903893
GCF_000009065.1	G	GGG	21236	0.603827
GCF_000009065.1	G	GGT	35169	1.000000
GCF_000009065.1	V	GTA	15090	0.502230
GCF_000009065.1	V	GTC	20861	0.694302
GCF_000009065.1	V	GTG	30046	1.000000
GCF_000009065.1	V	GTT	25731	0.856387
GCF_000009065.1	Y	TAC	13696	0.512364
GCF_000009065.1	Y	TAT	26731	1.000000
GCF_000009065.1	S	TCA	14649	0.751192
GCF_000009065.1	S	TCC	10039	0.514794
GCF_000009065.1	S	TCG	9663	0.495513
GCF_000009065.1	S	TCT	13536	0.694118
GCF_000009065.1	C	TGC	6745	0.870884
GCF_000009065.1	W	TGG	18618	1.000000
GCF_000009065.1	C	TGT	7745	1.000000
GCF_000009065.1	L	TTA	29267	0.598214
GCF_000009065.1	F	TTC	21074	0.700925
GCF_000009065.1	L	TTG	31936	0.652768
GCF_000009065.1	F	TTT	30066	1.000000
GCF_000018045.1	K	AAA	41659	1.000000
GCF_000018045.1	N	AAC	31964	1.000000
GCF_000018045.1	K	AAG	15754	0.378166
GCF_000018045.1	N	AAT	20460	0.640095
GCF_000018045.1	T	ACA	7210	0.212885
GCF_000018045.1	T	ACC	33868	1.000000
GCF_000018045.1	T	ACG	27445	0.810352
GCF_000018045.1	T	ACT	7605	0.224548
GCF_000018045.1	R	AGA	2990	0.085358
GCF_000018045.1	S	AGC	26096	1.000000
GCF_000018045.1	R	AGG	1978	0.056467
GCF_000018045.1	S	AGT	8581	0.328824
GCF_000018045.1	I	ATA	5020	0.130508
GCF_000018045.1	I	ATC	38465	1.000000
GCF_000018045.1	M	ATG	34620	1.000000
GCF_000018045.1	I	ATT	38017	0.988353
GCF_000018045.1	Q	CAA	16401	0.354939
GCF_000018045.1	H	CAC	15136	0.891139
GCF_000018045.1	Q	CAG	46208	1.000000
GCF_000018045.1	H	CAT	16985	1.000000
GCF_000018045.1	P	CCA	7544	0.211471
GCF_000018045.1	P	CCC	9387	0.263133
GCF_000018045.1	P	CCG	35674	1.000000
GCF_000018045.1	P	CCT	9798	0.274654
GCF_000018045.1	R	CGA	4470	0.127609
GCF_000018045.1	R	CGC	35029	1.000000
GCF_000018045.1	R	CGG	8375	0.239088
GCF_000018045.1	R	CGT	26575	0.758657
GCF_000018045.1	L	CTA	4108	0.046920
GCF_000018045.1	L	CTC	15982	0.182541
GCF_000018045.1	L	CTG	87553	1.000000
GCF_000018045.1	L	CTT	14109	0.161148
GCF_000018045.1	E	GAA	49004	1.000000
GCF_000018045.1	D	GAC	30773	0.735299
GCF_000018045.1	E	GAG	29117	0.594176
GCF_000018045.1	D	GAT	41851	1.000000
GCF_000018045.1	A	GCA	19159	0.310811
GCF_000018045.1	A	GCC	41026	0.665553
GCF_000018045.1	A	GCG	61642	1.000000
GCF_000018045.1	A	GCT	15674	0.254275
GCF_000018045.1	G	GGA	10333	0.204590
GCF_000018045.1	G	GGC	50506	1.000000
GCF_000018045.1	G	GGG	19323	0.382588
GCF_000018045.1	G	GGT	24024	0.475666
GCF_000018045.1	V	GTA	12665	0.320300
GCF_000018045.1	V	GTC	24826	0.627855
GCF_000018045.1	V	GTG	39541	1.000000
GCF_000018045.1	V	GTT	22269	0.563188
GCF_000018045.1	Y	TAC	18179	0.885355
GCF_000018045.1	Y	TAT	20533	1.000000
GCF_000018045.1	S	TCA	8181	0.313496
GCF_000018045.1	S	TCC	15207	0.582733
GCF_000018045.1	S	TCG	13298	0.509580
GCF_000018045.1	S	TCT	10457	0.400713
GCF_000018045.1	C	TGC	10088	1.000000
GCF_000018045.1	W	TGG	21400	1.000000
GCF_000018045.1	C	TGT	5538	0.548969
GCF_000018045.1	L	TTA	14083	0.160851
GCF_000018045.1	F	TTC	24811	0.859136
GCF_000018045.1	L	TTG	15779	0.180222
GCF_000018045.1	F	TTT	28879	1.000000
GCF_000025565.1	K	AAA	47869	1.000000
GCF_000025565.1	N	AAC	41686	1.000000
GCF_000025565.1	K	AAG	23619	0.493409
GCF_000025565.1	N	AAT	21098	0.506117
GCF_000025565.1	T	ACA	9221	0.195787
GCF_000025565.1	T	ACC	47097	1.000000
GCF_000025565.1	T	ACG	28553	0.606259
GCF_000025565.1	T	ACT	8743	0.185638
GCF_000025565.1	R	AGA	3892	0.093362
GCF_000025565.1	S	AGC	32578	1.000000
GCF_000025565.1	R	AGG	3498	0.083911
GCF_000025565.1	S	AGT	10162	0.311928
GCF_000025565.1	I	ATA	6171	0.130427
GCF_000025565.1	I	ATC	47314	1.000000
GCF_000025565.1	M	ATG	40457	1.000000
GCF_000025565.1	I	ATT	39957	0.844507
GCF_000025565.1	Q	CAA	13411	0.229991
GCF_000025565.1	H	CAC	19644	1.000000
GCF_000025565.1	Q	CAG	58311	1.000000
GCF_000025565.1	H	CAT	17410	0.886276
GCF_000025565.1	P	CCA	11092	0.274793
GCF_000025565.1	P	CCC	11052	0.273802
GCF_000025565.1	P	CCG	40365	1.000000
GCF_000025565.1	P	CCT	11451	0.283686
GCF_000025565.1	R	CGA	5159	0.123756
GCF_000025565.1	R	CGC	41687	1.000000
GCF_000025565.1	R	CGG	11021	0.264375
GCF_000025565.1	R	CGT	31105	0.746156
GCF_000025565.1	L	CTA	3877	0.036835
GCF_000025565.1	L	CTC	22540	0.214151
GCF_000025565.1	L	CTG	105253	1.000000
GCF_000025565.1	L	CTT	18824	0.178845
GCF_000025565.1	E	GAA	52959	1.000000
GCF_000025565.1	D	GAC	40324	0.860117
GCF_000025565.1	E	GAG	40883	0.771975
GCF_000025565.1	D	GAT	46882	1.000000
GCF_000025565.1	A	GCA	27081	0.438381
GCF_000025565.1	A	GCC	54675	0.885067
GCF_000025565.1	A	GCG	61775	1.000000
GCF_000025565.1	A	GCT	19620	0.317604
GCF_000025565.1	G	GGA	11747	0.209704
GCF_000025565.1	G	GGC	56017	1.000000
GCF_000025565.1	G	GGG	23420	0.418087
GCF_000025565.1	G	GGT	32933	0.587911
GCF_000025565.1	V	GTA	13758	0.261678
GCF_000025565.1	V	GTC	27935	0.531326
GCF_000025565.1	V	GTG	52576	1.000000
GCF_000025565.1	V	GTT	24564	0.467209
GCF_000025565.1	Y	TAC	23907	1.000000
GCF_000025565.1	Y	TAT	22119	0.925210
GCF_000025565.1	S	TCA	10725	0.329210
GCF_000025565.1	S	TCC	18885	0.579686
GCF_000025565.1	S	TCG	15462	0.474615
GCF_000025565.1	S	TCT	12262	0.376389
GCF_000025565.1	C	TGC	11321	1.000000
GCF_000025565.1	W	TGG	25944	1.000000
GCF_000025565.1	C	TGT	6677	0.589789
GCF_000025565.1	L	TTA	12201	0.115921
GCF_000025565.1	F	TTC	31897	1.000000
GCF_000025565.1	L	TTG	12659	0.120272
GCF_000025565.1	F	TTT	31477	0.986833
GCF_000069965.1	K	AAA	54204	1.000000
GCF_000069965.1	N	AAC	14756	0.370493
GCF_000069965.1	K	AAG	10717	0.197716
GCF_000069965.1	N	AAT	39828	1.000000
GCF_000069965.1	T	ACA	20135	1.000000
GCF_000069965.1	T	ACC	15854	0.787385
GCF_000069965.1	T	ACG	9960	0.494661
GCF_000069965.1	T	ACT	17833	0.885672
GCF_000069965.1	R	AGA	7220	0.290730
GCF_000069965.1	S	AGC	10454	0.582850
GCF_000069965.1	R	AGG	1785	0.071877
GCF_000069965.1	S	AGT	17936	1.000000
GCF_000069965.1	I	ATA	13650	0.274234
GCF_000069965.1	I	ATC	21005	0.421999
GCF_000069965.1	M	ATG	26168	1.000000
GCF_000069965.1	I	ATT	49775	1.000000
GCF_000069965.1	Q	CAA	40892	1.000000
GCF_000069965.1	H	CAC	6928	0.370244
GCF_000069965.1	Q	CAG	13617	0.332999
GCF_000069965.1	H	CAT	18712	1.000000
GCF_000069965.1	P	CCA	14739	0.751875
GCF_000069965.1	P	CCC	5786	0.295159
GCF_000069965.1	P	CCG	6965	0.355303
GCF_000069965.1	P	CCT	19603	1.000000
GCF_000069965.1	R	CGA	6280	0.252879
GCF_000069965.1	R	CGC	11654	0.469276
GCF_000069965.1	R	CGG	2600	0.104695
GCF_000069965.1	R	CGT	24834	1.000000
GCF_000069965.1	L	CTA	12689	0.226214
GCF_000069965.1	L	CTC	7771	0.138538
GCF_000069965.1	L	CTG	12610	0.224805
GCF_000069965.1	L	CTT	17773	0.316849
GCF_000069965.1	E	GAA	48512	1.000000
GCF_000069965.1	D	GAC	10071	0.202111
GCF_000069965.1	E	GAG	19632	0.404683
GCF_000069965.1	D	GAT	49829	1.000000
GCF_000069965.1	A	GCA	30581	1.000000
GCF_000069965.1	A	GCC	17468	0.571204
GCF_000069965.1	A	GCG	18410	0.602008
GCF_000069965.1	A	GCT	27826	0.909911
GCF_000069965.1	G	GGA	13626	0.386345
GCF_000069965.1	G	GGC	16517	0.468315
GCF_000069965.1	G	GGG	11688	0.331396
GCF_000069965.1	G	GGT	35269	1.000000
GCF_000069965.1	V	GTA	16336	0.585037
GCF_000069965.1	V	GTC	11799	0.422555
GCF_000069965.1	V	GTG	16903	0.605343
GCF_000069965.1	V	GTT	27923	1.000000
GCF_000069965.1	Y	TAC	8304	0.273743
GCF_000069965.1	Y	TAT	30335	1.000000
GCF_000069965.1	S	TCA	17833	0.994257
GCF_000069965.1	S	TCC	4981	0.277710
GCF_000069965.1	S	TCG	5039	0.280943
GCF_000069965.1	S	TCT	17586	0.980486
GCF_000069965.1	C	TGC	3687	0.422047
GCF_000069965.1	W	TGG	14868	1.000000
GCF_000069965.1	C	TGT	8736	1.000000
GCF_000069965.1	L	TTA	56093	1.000000
GCF_000069965.1	F	TTC	10381	0.280795
GCF_000069965.1	L	TTG	13743	0.245004
GCF_000069965.1	F	TTT	36970	1.000000
GCF_000240185.1	K	AAA	41876	1.000000
GCF_000240185.1	N	AAC	36713	1.000000
GCF_000240185.1	K	AAG	23924	0.571306
GCF_000240185.1	N	AAT	20624	0.561763
GCF_000240185.1	T	ACA	5179	0.100739
GCF_000240185.1	T	ACC	51410	1.000000
GCF_000240185.1	T	ACG	21677	0.421649
GCF_000240185.1	T	ACT	8373	0.162867
GCF_000240185.1	R	AGA	2945	0.057719
GCF_000240185.1	S	AGC	35894	1.000000
GCF_000240185.1	R	AGG	2807	0.055014
GCF_000240185.1	S	AGT	7679	0.213935
GCF_000240185.1	I	ATA	5443	0.101858
GCF_000240185.1	I	ATC	53437	1.000000
GCF_000240185.1	M	ATG	39906	1.000000
GCF_000240185.1	I	ATT	34075	0.637667
GCF_000240185.1	Q	CAA	11958	0.190402
GCF_000240185.1	H	CAC	18712	0.993417
GCF_000240185.1	Q	CAG	62804	1.000000
GCF_000240185.1	H	CAT	18836	1.000000
GCF_000240185.1	P	CCA	6927	0.141590
GCF_000240185.1	P	CCC	12491	0.255320
GCF_000240185.1	P	CCG	48923	1.000000
GCF_000240185.1	P	CCT	8053	0.164606
GCF_000240185.1	R	CGA	4589	0.089940
GCF_000240185.1	R	CGC	51023	1.000000
GCF_000240185.1	R	CGG	16524	0.323854
GCF_000240185.1	R	CGT	21913	0.429473
GCF_000240185.1	L	CTA	5076	0.043545
GCF_000240185.1	L	CTC	25555	0.219225
GCF_000240185.1	L	CTG	116570	1.000000
GCF_000240185.1	L	CTT	13664	0.117217
GCF_000240185.1	E	GAA	46322	1.000000
GCF_000240185.1	D	GAC	40026	0.891607
GCF_000240185.1	E	GAG	44821	0.967596
GCF_000240185.1	D	GAT	44892	1.000000
GCF_000240185.1	A	GCA	14307	0.201209
GCF_000240185.1	A	GCC	71105	1.000000
GCF_000240185.1	A	GCG	70024	0.984797
GCF_000240185.1	A	GCT	17651	0.248239
GCF_000240185.1	G	GGA	10044	0.144595
GCF_000240185.1	G	GGC	69463	1.000000
GCF_000240185.1	G	GGG	23760	0.342053
GCF_000240185.1	G	GGT	21874	0.314901
GCF_000240185.1	V	GTA	11692	0.223586
GCF_000240185.1	V	GTC	34763	0.664773
GCF_000240185.1	V	GTG	52293	1.000000
GCF_000240185.1	V	GTT	17912	0.342532
GCF_000240185.1	Y	TAC	22001	0.924567
GCF_000240185.1	Y	TAT	23796	1.000000
GCF_000240185.1	S	TCA	7269	0.202513
GCF_000240185.1	S	TCC	18388	0.512286
GCF_000240185.1	S	TCG	19000	0.529336
GCF_000240185.1	S	TCT	8061	0.224578
GCF_000240185.1	C	TGC	13155	1.000000
GCF_000240185.1	W	TGG	26322	1.000000
GCF_000240185.1	C	TGT	4920	0.374002
GCF_000240185.1	L	TTA	10466	0.089783
GCF_000240185.1	F	TTC	32601	1.000000
GCF_000240185.1	L	TTG	11356	0.097418
GCF_000240185.1	F	TTT	31504	0.966351
GCF_000762985.1	K	AAA	4671	0.148239
GCF_000762985.1	N	AAC	33273	1.000000
GCF_000762985.1	K	AAG	31510	1.000000
GCF_000762985.1	N	AAT	4363	0.131127
GCF_000762985.1	T	ACA	4764	0.065981
GCF_000762985.1	T	ACC	72203	1.000000
GCF_000762985.1	T	ACG	38098	0.527651
GCF_000762985.1	T	ACT	3068	0.042491
GCF_000762985.1	R	AGA	1541	0.022789
GCF_000762985.1	S	AGC	25904	0.650707
GCF_000762985.1	R	AGG	4639	0.068605
GCF_000762985.1	S	AGT	4351	0.109297
GCF_000762985.1	I	ATA	694	0.009546
GCF_000762985.1	I	ATC	72701	1.000000
GCF_000762985.1	M	ATG	31711	1.000000
GCF_000762985.1	I	ATT	3103	0.042682
GCF_000762985.1	Q	CAA	5605	0.117582
GCF_000762985.1	H	CAC	35507	1.000000
GCF_000762985.1	Q	CAG	47669	1.000000
GCF_000762985.1	H	CAT	6580	0.185316
GCF_000762985.1	P	CCA	3768	0.058224
GCF_000762985.1	P	CCC	38864	0.600532
GCF_000762985.1	P	CCG	64716	1.000000
GCF_000762985.1	P	CCT	4101	0.063369
GCF_000762985.1	R	CGA	8090	0.119641
GCF_000762985.1	R	CGC	67619	1.000000
GCF_000762985.1	R	CGG	49267	0.728597
GCF_000762985.1	R	CGT	11124	0.164510
GCF_000762985.1	L	CTA	1672	0.014996
GCF_000762985.1	L	CTC	54582	0.489533
GCF_000762985.1	L	CTG	111498	1.000000
GCF_000762985.1	L	CTT	3697	0.033158
GCF_000762985.1	E	GAA	21038	0.284190
GCF_000762985.1	D	GAC	102941	1.000000
GCF_000762985.1	E	GAG	74028	1.000000
GCF_000762985.1	D	GAT	19332	0.187797
GCF_000762985.1	A	GCA	14238	0.116585
GCF_000762985.1	A	GCC	122126	1.000000
GCF_000762985.1	A	GCG	109295	0.894936
GCF_000762985.1	A	GCT	8980	0.073531
GCF_000762985.1	G	GGA	14997	0.155256
GCF_000762985.1	G	GGC	96595	1.000000
GCF_000762985.1	G	GGG	32977	0.341394
GCF_000762985.1	G	GGT	23326	0.241482
GCF_000762985.1	V	GTA	2770	0.034052
GCF_000762985.1	V	GTC	79632	0.978942
GCF_000762985.1	V	GTG	81345	1.000000
GCF_000762985.1	V	GTT	5029	0.061823
GCF_000762985.1	Y	TAC	33974	1.000000
GCF_000762985.1	Y	TAT	5365	0.157915
GCF_000762985.1	S	TCA	3604	0.090532
GCF_000762985.1	S	TCC	23721	0.595870
GCF_000762985.1	S	TCG	39809	1.000000
GCF_000762985.1	S	TCT	2092	0.052551
GCF_000762985.1	C	TGC	13310	1.000000
GCF_000762985.1	W	TGG	28717	1.000000
GCF_000762985.1	C	TGT	2304	0.173103
GCF_000762985.1	L	TTA	530	0.004753
GCF_000762985.1	F	TTC	54658	1.000000
GCF_000762985.1	L	TTG	13370	0.119912
GCF_000762985.1	F	TTT	2026	0.037067
GCF_000270125.2	K	AAA	36719	1.000000
GCF_000270125.2	N	AAC	28859	1.000000
GCF_000270125.2	K	AAG	17398	0.473815
GCF_000270125.2	N	AAT	21954	0.760733
GCF_000270125.2	T	ACA	8152	0.241791
GCF_000270125.2	T	ACC	33715	1.000000
GCF_000270125.2	T	ACG	25339	0.751565
GCF_000270125.2	T	ACT	7416	0.219961
GCF_000270125.2	R	AGA	3178	0.091680
GCF_000270125.2	S	AGC	27610	1.000000
GCF_000270125.2	R	AGG	3017	0.087036
GCF_000270125.2	S	AGT	11757	0.425824
GCF_000270125.2	I	ATA	5508	0.145637
GCF_000270125.2	I	ATC	33886	0.895981
GCF_000270125.2	M	ATG	33628	1.000000
GCF_000270125.2	I	ATT	37820	1.000000
GCF_000270125.2	Q	CAA	15008	0.287901
GCF_000270125.2	H	CAC	15247	0.863559
GCF_000270125.2	Q	CAG	52129	1.000000
GCF_000270125.2	H	CAT	17656	1.000000
GCF_000270125.2	P	CCA	8576	0.325341
GCF_000270125.2	P	CCC	15062	0.571396
GCF_000270125.2	P	CCG	26360	1.000000
GCF_000270125.2	P	CCT	12594	0.477769
GCF_000270125.2	R	CGA	5059	0.145944
GCF_000270125.2	R	CGC	34664	1.000000
GCF_000270125.2	R	CGG	11046	0.318659
GCF_000270125.2	R	CGT	25759	0.743105
GCF_000270125.2	L	CTA	4128	0.047472
GCF_000270125.2	L	CTC	14939	0.171800
GCF_000270125.2	L	CTG	86956	1.000000
GCF_000270125.2	L	CTT	16485	0.189579
GCF_000270125.2	E	GAA	44874	1.000000
GCF_000270125.2	D	GAC	29564	0.682204
GCF_000270125.2	E	GAG	28863	0.643201
GCF_000270125.2	D	GAT	43336	1.000000
GCF_000270125.2	A	GCA	24866	0.497250
GCF_000270125.2	A	GCC	50007	1.000000
GCF_000270125.2	A	GCG	48107	0.962005
GCF_000270125.2	A	GCT	19131	0.382566
GCF_000270125.2	G	GGA	11192	0.219004
GCF_000270125.2	G	GGC	51104	1.000000
GCF_000270125.2	G	GGG	14165	0.277180
GCF_000270125.2	G	GGT	27624	0.540545
GCF_000270125.2	V	GTA	11637	0.294570
GCF_000270125.2	V	GTC	24404	0.617745
GCF_000270125.2	V	GTG	39505	1.000000
GCF_000270125.2	V	GTT	22557	0.570991
GCF_000270125.2	Y	TAC	16393	0.800361
GCF_000270125.2	Y	TAT	20482	1.000000
GCF_000270125.2	S	TCA	11867	0.429808
GCF_000270125.2	S	TCC	11900	0.431003
GCF_000270125.2	S	TCG	13550	0.490764
GCF_000270125.2	S	TCT	10296	0.372908
GCF_000270125.2	C	TGC	8482	1.000000
GCF_000270125.2	W	TGG	21441	1.000000
GCF_000270125.2	C	TGT	6279	0.740274
GCF_000270125.2	L	TTA	15814	0.181862
GCF_000270125.2	F	TTC	20585	0.630571
GCF_000270125.2	L	TTG	15265	0.175549
GCF_000270125.2	F	TTT	32645	1.000000
