orthogroup_2	GCF_000005845.2|NP_414648.1
orthogroup_2	GCF_000006925.2|NP_706061.1
orthogroup_2	GCF_000006945.1|NP_459147.1
orthogroup_2	GCF_000009065.1|WP_002209321.1
orthogroup_2	GCF_000018045.1|WP_012134059.1
orthogroup_2	GCF_000025565.1|WP_013095586.1
orthogroup_2	GCF_000069965.1|WP_012368229.1
orthogroup_2	GCF_000240185.1|YP_005225127.1
orthogroup_2	GCF_000270125.2|WP_014592919.1
orthogroup_6	GCF_000005845.2|NP_414963.1
orthogroup_6	GCF_000006925.2|NP_706321.1
orthogroup_6	GCF_000006945.1|NP_459436.1
orthogroup_6	GCF_000009065.1|WP_002208652.1
orthogroup_6	GCF_000018045.1|WP_012133553.1
orthogroup_6	GCF_000025565.1|WP_006176899.1
orthogroup_6	GCF_000069965.1|WP_004245105.1
orthogroup_6	GCF_000240185.1|YP_005225431.1
orthogroup_6	GCF_000270125.2|WP_013024878.1
orthogroup_7	GCF_000005845.2|NP_414995.1
orthogroup_7	GCF_000006925.2|NP_706355.1
orthogroup_7	GCF_000006945.1|NP_459470.1
orthogroup_7	GCF_000009065.1|WP_002208616.1
orthogroup_7	GCF_000018045.1|WP_012133513.1
orthogroup_7	GCF_000025565.1|WP_013095890.1
orthogroup_7	GCF_000069965.1|WP_004245072.1
orthogroup_7	GCF_000240185.1|YP_005225488.1
orthogroup_7	GCF_000270125.2|WP_014593090.1
orthogroup_14	GCF_000005845.2|NP_415575.1
orthogroup_14	GCF_000006925.2|NP_706979.2
orthogroup_14	GCF_000006945.1|NP_460129.1
orthogroup_14	GCF_000009065.1|WP_002211010.1
orthogroup_14	GCF_000018045.1|WP_012132871.1
orthogroup_14	GCF_000025565.1|WP_044158657.1
orthogroup_14	GCF_000069965.1|WP_004244184.1
orthogroup_14	GCF_000270125.2|WP_014593409.1
orthogroup_22	GCF_000005845.2|NP_416467.1
orthogroup_22	GCF_000006925.2|NP_707841.1
orthogroup_22	GCF_000006945.1|NP_460940.1
orthogroup_22	GCF_000018045.1|WP_024130229.1
orthogroup_22	GCF_000025565.1|WP_169746050.1
orthogroup_22	GCF_000240185.1|YP_005227746.1
orthogroup_22	GCF_000270125.2|WP_013026196.1
orthogroup_22	GCF_000762985.1|WP_043407150.1
orthogroup_23	GCF_000005845.2|NP_416683.1
orthogroup_23	GCF_000006925.2|NP_708077.1
orthogroup_23	GCF_000006945.1|NP_461161.1
orthogroup_23	GCF_000009065.1|WP_002208826.1
orthogroup_23	GCF_000018045.1|WP_012131578.1
orthogroup_23	GCF_000025565.1|WP_013097985.1
orthogroup_23	GCF_000240185.1|YP_005227977.1
orthogroup_23	GCF_000270125.2|WP_015699894.1
orthogroup_25	GCF_000005845.2|NP_416783.1
orthogroup_25	GCF_000006925.2|NP_708162.1
orthogroup_25	GCF_000006945.1|NP_461262.1
orthogroup_25	GCF_000009065.1|WP_002210272.1
orthogroup_25	GCF_000018045.1|WP_012131498.1
orthogroup_25	GCF_000025565.1|WP_008500212.1
orthogroup_25	GCF_000069965.1|WP_004243688.1
orthogroup_25	GCF_000240185.1|YP_005228037.1
orthogroup_25	GCF_000270125.2|WP_014605380.1
orthogroup_33	GCF_000005845.2|NP_417229.1
orthogroup_33	GCF_000006925.2|NP_708554.1
orthogroup_33	GCF_000006945.1|NP_461853.2
orthogroup_33	GCF_000009065.1|WP_002209389.1
orthogroup_33	GCF_000018045.1|WP_012134865.1
orthogroup_33	GCF_000025565.1|WP_013098502.1
orthogroup_33	GCF_000240185.1|YP_005228486.1
orthogroup_33	GCF_000270125.2|WP_013026921.1
orthogroup_36	GCF_000005845.2|NP_417482.1
orthogroup_36	GCF_000006925.2|NP_708825.1
orthogroup_36	GCF_000006945.1|NP_462077.1
orthogroup_36	GCF_000009065.1|WP_002212173.1
orthogroup_36	GCF_000018045.1|WP_012135142.1
orthogroup_36	GCF_000025565.1|WP_013098714.1
orthogroup_36	GCF_000240185.1|YP_005228856.1
orthogroup_36	GCF_000270125.2|WP_013027223.1
orthogroup_46	GCF_000005845.2|NP_418282.1
orthogroup_46	GCF_000006925.2|NP_709644.1
orthogroup_46	GCF_000006945.1|NP_462860.1
orthogroup_46	GCF_000009065.1|WP_002211538.1
orthogroup_46	GCF_000018045.1|WP_012131184.1
orthogroup_46	GCF_000025565.1|WP_013099236.1
orthogroup_46	GCF_000069965.1|WP_004246116.1
orthogroup_46	GCF_000240185.1|YP_005224479.1
orthogroup_46	GCF_000270125.2|WP_013024100.1
orthogroup_46	GCF_000762985.1|WP_043409940.1
orthogroup_49	GCF_000005845.2|NP_418454.1
orthogroup_49	GCF_000006925.2|NP_709889.1
orthogroup_49	GCF_000006945.1|NP_463091.1
orthogroup_49	GCF_000009065.1|WP_002212086.1
orthogroup_49	GCF_000018045.1|WP_012907714.1
orthogroup_49	GCF_000025565.1|WP_000202963.1
orthogroup_49	GCF_000069965.1|WP_004248313.1
orthogroup_49	GCF_000240185.1|YP_005224555.1
orthogroup_49	GCF_000270125.2|WP_013024151.1
orthogroup_65	GCF_000005845.2|NP_415410.1
orthogroup_65	GCF_000006925.2|NP_706775.1
orthogroup_65	GCF_000006945.1|NP_459936.1
orthogroup_65	GCF_000009065.1|WP_002211339.1
orthogroup_65	GCF_000018045.1|WP_024130483.1
orthogroup_65	GCF_000025565.1|WP_013097320.1
orthogroup_65	GCF_000069965.1|WP_012367705.1
orthogroup_65	GCF_000240185.1|YP_005226101.1
orthogroup_65	GCF_000270125.2|WP_041930731.1
orthogroup_72	GCF_000005845.2|NP_416332.1
orthogroup_72	GCF_000006925.2|NP_707304.1
orthogroup_72	GCF_000006945.1|NP_460787.1
orthogroup_72	GCF_000009065.1|WP_002211068.1
orthogroup_72	GCF_000018045.1|WP_012132054.1
orthogroup_72	GCF_000025565.1|WP_003859914.1
orthogroup_72	GCF_000240185.1|YP_005227648.1
orthogroup_72	GCF_000270125.2|WP_026020938.1
orthogroup_76	GCF_000005845.2|NP_416684.1
orthogroup_76	GCF_000006925.2|NP_708078.1
orthogroup_76	GCF_000006945.1|NP_461162.1
orthogroup_76	GCF_000009065.1|WP_002353954.1
orthogroup_76	GCF_000018045.1|WP_012131577.1
orthogroup_76	GCF_000025565.1|WP_013097986.1
orthogroup_76	GCF_000240185.1|YP_005227978.1
orthogroup_76	GCF_000270125.2|WP_014594131.1
orthogroup_80	GCF_000005845.2|NP_416816.1
orthogroup_80	GCF_000006925.2|NP_708195.1
orthogroup_80	GCF_000006945.1|NP_461305.1
orthogroup_80	GCF_000009065.1|WP_002209732.1
orthogroup_80	GCF_000018045.1|WP_012131456.1
orthogroup_80	GCF_000025565.1|WP_013098135.1
orthogroup_80	GCF_000069965.1|WP_004243731.1
orthogroup_80	GCF_000240185.1|YP_005228072.1
orthogroup_80	GCF_000270125.2|WP_026021019.1
orthogroup_81	GCF_000005845.2|NP_416919.1
orthogroup_81	GCF_000006925.2|NP_708276.1
orthogroup_81	GCF_000006945.1|NP_461378.1
orthogroup_81	GCF_000009065.1|WP_002208511.1
orthogroup_81	GCF_000018045.1|WP_012131358.1
orthogroup_81	GCF_000025565.1|WP_013098204.1
orthogroup_81	GCF_000069965.1|WP_012368120.1
orthogroup_81	GCF_000240185.1|YP_005228140.1
orthogroup_81	GCF_000270125.2|WP_014594252.1
orthogroup_81	GCF_000762985.1|WP_043410574.1
orthogroup_96	GCF_000005845.2|NP_418231.1
orthogroup_96	GCF_000006925.2|NP_709588.1
orthogroup_96	GCF_000006945.1|NP_462808.1
orthogroup_96	GCF_000009065.1|WP_002211988.1
orthogroup_96	GCF_000018045.1|WP_012131134.1
orthogroup_96	GCF_000025565.1|WP_013099278.1
orthogroup_96	GCF_000069965.1|WP_004246352.1
orthogroup_96	GCF_000240185.1|YP_005224431.1
orthogroup_96	GCF_000270125.2|WP_014595000.1
orthogroup_100	GCF_000005845.2|NP_414560.1
orthogroup_100	GCF_000006925.2|NP_705975.1
orthogroup_100	GCF_000006945.1|NP_459044.1
orthogroup_100	GCF_000009065.1|WP_002220711.1
orthogroup_100	GCF_000018045.1|WP_012134155.1
orthogroup_100	GCF_000025565.1|WP_013095522.1
orthogroup_100	GCF_000069965.1|WP_004245211.1
orthogroup_100	GCF_000240185.1|YP_005225026.1
orthogroup_100	GCF_000270125.2|WP_013024560.1
orthogroup_100	GCF_000762985.1|WP_043408138.1
orthogroup_104	GCF_000005845.2|NP_416634.1
orthogroup_104	GCF_000006925.2|NP_708031.2
orthogroup_104	GCF_000006945.1|NP_461109.1
orthogroup_104	GCF_000009065.1|WP_002210801.1
orthogroup_104	GCF_000018045.1|WP_048902379.1
orthogroup_104	GCF_000025565.1|WP_013097935.1
orthogroup_104	GCF_000240185.1|YP_005227930.1
orthogroup_104	GCF_000270125.2|WP_014593248.1
orthogroup_105	GCF_000005845.2|NP_414697.1
orthogroup_105	GCF_000006925.2|NP_706103.1
orthogroup_105	GCF_000006945.1|NP_459208.1
orthogroup_105	GCF_000009065.1|WP_002209364.1
orthogroup_105	GCF_000018045.1|WP_012134002.1
orthogroup_105	GCF_000025565.1|WP_023620753.1
orthogroup_105	GCF_000069965.1|WP_012368252.1
orthogroup_105	GCF_000240185.1|YP_005225204.1
orthogroup_105	GCF_000762985.1|WP_043411869.1
orthogroup_110	GCF_000005845.2|NP_415250.1
orthogroup_110	GCF_000006925.2|NP_706512.1
orthogroup_110	GCF_000006945.1|NP_459718.1
orthogroup_110	GCF_000009065.1|WP_002210723.1
orthogroup_110	GCF_000018045.1|WP_012133278.1
orthogroup_110	GCF_000025565.1|WP_008501088.1
orthogroup_110	GCF_000069965.1|WP_012367666.1
orthogroup_110	GCF_000240185.1|YP_005225865.1
orthogroup_110	GCF_000270125.2|WP_013025060.1
orthogroup_119	GCF_000005845.2|NP_416334.1
orthogroup_119	GCF_000006925.2|NP_707302.1
orthogroup_119	GCF_000006945.1|NP_460789.1
orthogroup_119	GCF_000009065.1|WP_002211066.1
orthogroup_119	GCF_000018045.1|WP_012132052.1
orthogroup_119	GCF_000025565.1|WP_013096131.1
orthogroup_119	GCF_000240185.1|YP_005227650.1
orthogroup_119	GCF_000270125.2|WP_014593854.1
orthogroup_136	GCF_000005845.2|NP_417661.1
orthogroup_136	GCF_000006925.2|NP_708993.1
orthogroup_136	GCF_000006945.1|NP_462222.1
orthogroup_136	GCF_000009065.1|WP_002210122.1
orthogroup_136	GCF_000018045.1|WP_012135327.1
orthogroup_136	GCF_000025565.1|WP_010436044.1
orthogroup_136	GCF_000069965.1|WP_004248921.1
orthogroup_136	GCF_000240185.1|YP_005229043.1
orthogroup_136	GCF_000270125.2|WP_013024331.1
orthogroup_139	GCF_000005845.2|NP_417868.1
orthogroup_139	GCF_000006925.2|NP_709182.2
orthogroup_139	GCF_000006945.1|NP_462409.1
orthogroup_139	GCF_000009065.1|WP_002208919.1
orthogroup_139	GCF_000018045.1|WP_012135517.1
orthogroup_139	GCF_000025565.1|WP_013099092.1
orthogroup_139	GCF_000069965.1|WP_012368551.1
orthogroup_139	GCF_000240185.1|YP_005229231.1
orthogroup_139	GCF_000270125.2|WP_014595136.1
orthogroup_140	GCF_000005845.2|NP_417909.1
orthogroup_140	GCF_000006925.2|NP_709222.1
orthogroup_140	GCF_000006945.1|NP_462457.1
orthogroup_140	GCF_000009065.1|WP_002211521.1
orthogroup_140	GCF_000018045.1|WP_024131024.1
orthogroup_140	GCF_000025565.1|WP_013099126.1
orthogroup_140	GCF_000069965.1|WP_004245374.1
orthogroup_140	GCF_000240185.1|YP_005229265.1
orthogroup_140	GCF_000270125.2|WP_014594803.1
orthogroup_140	GCF_000762985.1|WP_043409822.1
orthogroup_141	GCF_000005845.2|NP_417979.1
orthogroup_141	GCF_000006925.2|NP_709300.1
orthogroup_141	GCF_000006945.1|NP_462509.1
orthogroup_141	GCF_000009065.1|WP_002209545.1
orthogroup_141	GCF_000018045.1|WP_012135646.1
orthogroup_141	GCF_000025565.1|WP_013099206.1
orthogroup_141	GCF_000069965.1|WP_004246850.1
orthogroup_141	GCF_000240185.1|YP_005229328.1
orthogroup_141	GCF_000270125.2|WP_014594860.1
orthogroup_141	GCF_000762985.1|WP_043406222.1
orthogroup_145	GCF_000005845.2|NP_418322.1
orthogroup_145	GCF_000006925.2|NP_709686.1
orthogroup_145	GCF_000006945.1|NP_462907.1
orthogroup_145	GCF_000009065.1|WP_002209010.1
orthogroup_145	GCF_000018045.1|WP_012133924.1
orthogroup_145	GCF_000025565.1|WP_013099364.1
orthogroup_145	GCF_000240185.1|YP_005224331.1
orthogroup_145	GCF_000270125.2|WP_013027778.1
orthogroup_147	GCF_000005845.2|NP_418457.1
orthogroup_147	GCF_000006925.2|NP_709886.2
orthogroup_147	GCF_000006945.1|NP_463093.1
orthogroup_147	GCF_000009065.1|WP_002212088.1
orthogroup_147	GCF_000018045.1|WP_012134653.1
orthogroup_147	GCF_000025565.1|WP_013095044.1
orthogroup_147	GCF_000240185.1|YP_005224557.1
orthogroup_147	GCF_000270125.2|WP_014593715.1
orthogroup_156	GCF_000005845.2|NP_414717.2
orthogroup_156	GCF_000006925.2|NP_706120.4
orthogroup_156	GCF_000006945.1|NP_459227.1
orthogroup_156	GCF_000009065.1|WP_002212137.1
orthogroup_156	GCF_000018045.1|WP_012133982.1
orthogroup_156	GCF_000025565.1|WP_013095657.1
orthogroup_156	GCF_000069965.1|WP_012368302.1
orthogroup_156	GCF_000240185.1|YP_005225222.1
orthogroup_156	GCF_000270125.2|WP_013024691.1
orthogroup_158	GCF_000005845.2|NP_414935.1
orthogroup_158	GCF_000006925.2|NP_706289.1
orthogroup_158	GCF_000006945.1|NP_459394.1
orthogroup_158	GCF_000009065.1|WP_002208680.1
orthogroup_158	GCF_000018045.1|WP_012133587.1
orthogroup_158	GCF_000025565.1|WP_013095826.1
orthogroup_158	GCF_000069965.1|WP_012367452.1
orthogroup_158	GCF_000240185.1|YP_005225380.1
orthogroup_158	GCF_000270125.2|WP_014593055.1
orthogroup_159	GCF_000005845.2|NP_414967.1
orthogroup_159	GCF_000006925.2|NP_706326.1
orthogroup_159	GCF_000006945.1|NP_459440.1
orthogroup_159	GCF_000009065.1|WP_002223277.1
orthogroup_159	GCF_000018045.1|WP_024130594.1
orthogroup_159	GCF_000025565.1|WP_013095853.1
orthogroup_159	GCF_000069965.1|WP_004245096.1
orthogroup_159	GCF_000240185.1|YP_005225435.1
orthogroup_174	GCF_000005845.2|NP_416303.1
orthogroup_174	GCF_000006925.2|NP_707327.1
orthogroup_174	GCF_000006945.1|NP_460246.1
orthogroup_174	GCF_000009065.1|WP_002208553.1
orthogroup_174	GCF_000018045.1|WP_012132677.1
orthogroup_174	GCF_000025565.1|WP_008500737.1
orthogroup_174	GCF_000069965.1|WP_012368034.1
orthogroup_174	GCF_000240185.1|YP_005226359.1
orthogroup_174	GCF_000270125.2|WP_022622414.1
orthogroup_178	GCF_000005845.2|NP_416687.1
orthogroup_178	GCF_000006925.2|NP_708081.1
orthogroup_178	GCF_000006945.1|NP_461165.1
orthogroup_178	GCF_000009065.1|WP_002208831.1
orthogroup_178	GCF_000018045.1|WP_024130168.1
orthogroup_178	GCF_000025565.1|WP_013097989.1
orthogroup_178	GCF_000069965.1|WP_004247802.1
orthogroup_178	GCF_000240185.1|YP_005227981.1
orthogroup_178	GCF_000270125.2|WP_013026454.1
orthogroup_178	GCF_000762985.1|WP_052428917.1
orthogroup_188	GCF_000005845.2|NP_417375.1
orthogroup_188	GCF_000006925.2|NP_708663.1
orthogroup_188	GCF_000006945.1|NP_461965.1
orthogroup_188	GCF_000009065.1|WP_002209942.1
orthogroup_188	GCF_000018045.1|WP_012135004.1
orthogroup_188	GCF_000025565.1|WP_003863433.1
orthogroup_188	GCF_000240185.1|YP_005228695.1
orthogroup_188	GCF_000270125.2|WP_014594494.1
orthogroup_195	GCF_000005845.2|NP_417980.1
orthogroup_195	GCF_000006925.2|NP_709301.1
orthogroup_195	GCF_000006945.1|NP_462510.1
orthogroup_195	GCF_000018045.1|WP_012135648.1
orthogroup_195	GCF_000025565.1|WP_013099207.1
orthogroup_195	GCF_000240185.1|YP_005229329.1
orthogroup_195	GCF_000270125.2|WP_013027652.1
orthogroup_195	GCF_000762985.1|WP_043412937.1
orthogroup_203	GCF_000005845.2|NP_418491.1
orthogroup_203	GCF_000006925.2|NP_709844.1
orthogroup_203	GCF_000006945.1|NP_463138.1
orthogroup_203	GCF_000009065.1|WP_002209029.1
orthogroup_203	GCF_000018045.1|WP_012134589.1
orthogroup_203	GCF_000025565.1|WP_013095079.1
orthogroup_203	GCF_000069965.1|WP_004246620.1
orthogroup_203	GCF_000240185.1|YP_005224616.1
orthogroup_203	GCF_000270125.2|WP_013024190.1
orthogroup_203	GCF_000762985.1|WP_043411616.1
orthogroup_204	GCF_000005845.2|NP_418559.1
orthogroup_204	GCF_000006925.2|NP_710001.1
orthogroup_204	GCF_000006945.1|NP_463187.1
orthogroup_204	GCF_000009065.1|WP_002209121.1
orthogroup_204	GCF_000018045.1|WP_012134474.1
orthogroup_204	GCF_000025565.1|WP_013095255.1
orthogroup_204	GCF_000240185.1|YP_005224671.1
orthogroup_204	GCF_000270125.2|WP_014595142.1
orthogroup_210	GCF_000005845.2|NP_416144.1
orthogroup_210	GCF_000006925.2|NP_707527.1
orthogroup_210	GCF_000006945.1|NP_460422.1
orthogroup_210	GCF_000009065.1|WP_002210595.1
orthogroup_210	GCF_000018045.1|WP_005121199.1
orthogroup_210	GCF_000025565.1|WP_013096898.1
orthogroup_210	GCF_000069965.1|WP_004243017.1
orthogroup_210	GCF_000240185.1|YP_005227242.1
orthogroup_210	GCF_000270125.2|WP_013025663.1
orthogroup_231	GCF_000005845.2|NP_415935.2
orthogroup_231	GCF_000006925.2|NP_707656.3
orthogroup_231	GCF_000006945.1|NP_460598.1
orthogroup_231	GCF_000009065.1|WP_002215100.1
orthogroup_231	GCF_000018045.1|WP_012132327.1
orthogroup_231	GCF_000025565.1|WP_013096695.1
orthogroup_231	GCF_000240185.1|YP_005227232.1
orthogroup_231	GCF_000270125.2|WP_014593771.1
orthogroup_233	GCF_000005845.2|NP_417031.1
orthogroup_233	GCF_000006925.2|NP_708375.1
orthogroup_233	GCF_000006945.1|NP_461489.1
orthogroup_233	GCF_000009065.1|WP_002213316.1
orthogroup_233	GCF_000018045.1|WP_012131239.1
orthogroup_233	GCF_000025565.1|WP_013098300.1
orthogroup_233	GCF_000069965.1|WP_012368131.1
orthogroup_233	GCF_000240185.1|YP_005228241.1
orthogroup_233	GCF_000270125.2|WP_014594325.1
orthogroup_244	GCF_000005845.2|NP_415418.1
orthogroup_244	GCF_000006925.2|NP_706783.1
orthogroup_244	GCF_000006945.1|NP_459943.1
orthogroup_244	GCF_000009065.1|WP_002211335.1
orthogroup_244	GCF_000018045.1|WP_012133025.1
orthogroup_244	GCF_000025565.1|WP_013097314.1
orthogroup_244	GCF_000069965.1|WP_012368167.1
orthogroup_244	GCF_000240185.1|YP_005226109.1
orthogroup_244	GCF_000270125.2|WP_014593317.1
orthogroup_260	GCF_000005845.2|NP_415001.1
orthogroup_260	GCF_000006925.2|NP_706361.1
orthogroup_260	GCF_000006945.1|NP_459477.1
orthogroup_260	GCF_000018045.1|WP_012133505.1
orthogroup_260	GCF_000025565.1|WP_013095896.1
orthogroup_260	GCF_000069965.1|WP_004250834.1
orthogroup_260	GCF_000240185.1|YP_005225495.1
orthogroup_260	GCF_000270125.2|WP_013024916.1
orthogroup_272	GCF_000005845.2|NP_416240.1
orthogroup_272	GCF_000006925.2|NP_707388.1
orthogroup_272	GCF_000006945.1|NP_460289.1
orthogroup_272	GCF_000009065.1|WP_002211847.1
orthogroup_272	GCF_000018045.1|WP_012132617.1
orthogroup_272	GCF_000025565.1|WP_013097011.1
orthogroup_272	GCF_000069965.1|WP_004242582.1
orthogroup_272	GCF_000240185.1|YP_005226442.1
orthogroup_272	GCF_000270125.2|WP_014593590.1
orthogroup_277	GCF_000005845.2|NP_416581.1
orthogroup_277	GCF_000006925.2|NP_707969.1
orthogroup_277	GCF_000006945.1|NP_461074.1
orthogroup_277	GCF_000009065.1|WP_002209795.1
orthogroup_277	GCF_000018045.1|WP_012131681.1
orthogroup_277	GCF_000025565.1|WP_044158099.1
orthogroup_277	GCF_000240185.1|YP_005227889.1
orthogroup_277	GCF_000270125.2|WP_013026397.1
orthogroup_279	GCF_000005845.2|NP_416657.1
orthogroup_279	GCF_000006925.2|NP_708051.1
orthogroup_279	GCF_000006945.1|NP_461137.1
orthogroup_279	GCF_000009065.1|WP_002211961.1
orthogroup_279	GCF_000018045.1|WP_012131617.1
orthogroup_279	GCF_000025565.1|WP_013097956.1
orthogroup_279	GCF_000069965.1|WP_012367687.1
orthogroup_279	GCF_000240185.1|YP_005227953.1
orthogroup_279	GCF_000270125.2|WP_014594110.1
orthogroup_283	GCF_000005845.2|NP_416924.1
orthogroup_283	GCF_000006925.2|NP_708281.1
orthogroup_283	GCF_000006945.1|NP_461505.1
orthogroup_283	GCF_000018045.1|WP_012131350.1
orthogroup_283	GCF_000025565.1|WP_013098311.1
orthogroup_283	GCF_000069965.1|WP_012368783.1
orthogroup_283	GCF_000240185.1|YP_005229513.1
orthogroup_283	GCF_000270125.2|WP_014595078.1
orthogroup_284	GCF_000005845.2|NP_416988.1
orthogroup_284	GCF_000006925.2|NP_708331.1
orthogroup_284	GCF_000006945.1|NP_461428.1
orthogroup_284	GCF_000009065.1|WP_002208563.1
orthogroup_284	GCF_000018045.1|WP_012131296.1
orthogroup_284	GCF_000025565.1|WP_013098230.1
orthogroup_284	GCF_000069965.1|WP_004243419.1
orthogroup_284	GCF_000240185.1|YP_005228187.1
orthogroup_284	GCF_000270125.2|WP_013026686.1
orthogroup_300	GCF_000005845.2|NP_418018.1
orthogroup_300	GCF_000006925.2|NP_709348.1
orthogroup_300	GCF_000006945.1|NP_462558.1
orthogroup_300	GCF_000009065.1|WP_002209600.1
orthogroup_300	GCF_000018045.1|WP_012135699.1
orthogroup_300	GCF_000025565.1|WP_013094968.1
orthogroup_300	GCF_000240185.1|YP_005229384.1
orthogroup_300	GCF_000270125.2|WP_014594971.1
orthogroup_303	GCF_000005845.2|NP_418241.1
orthogroup_303	GCF_000006925.2|NP_709598.1
orthogroup_303	GCF_000006945.1|NP_462818.1
orthogroup_303	GCF_000009065.1|WP_002211978.1
orthogroup_303	GCF_000018045.1|WP_012131144.1
orthogroup_303	GCF_000025565.1|WP_013099270.1
orthogroup_303	GCF_000069965.1|WP_004246340.1
orthogroup_303	GCF_000240185.1|YP_005224441.1
orthogroup_303	GCF_000270125.2|WP_014595006.1
orthogroup_322	GCF_000005845.2|NP_414901.1
orthogroup_322	GCF_000006925.2|NP_706205.1
orthogroup_322	GCF_000009065.1|WP_002212309.1
orthogroup_322	GCF_000018045.1|WP_012133629.1
orthogroup_322	GCF_000025565.1|WP_013095795.1
orthogroup_322	GCF_000240185.1|YP_005225351.1
orthogroup_322	GCF_000270125.2|WP_014594765.1
orthogroup_322	GCF_000762985.1|WP_043403860.1
orthogroup_329	GCF_000005845.2|NP_415480.2
orthogroup_329	GCF_000006925.2|NP_706883.1
orthogroup_329	GCF_000006945.1|NP_460047.1
orthogroup_329	GCF_000009065.1|WP_002213063.1
orthogroup_329	GCF_000018045.1|WP_024130467.1
orthogroup_329	GCF_000025565.1|WP_013097254.1
orthogroup_329	GCF_000069965.1|WP_004247689.1
orthogroup_329	GCF_000240185.1|YP_005226168.1
orthogroup_329	GCF_000270125.2|WP_015700635.1
orthogroup_331	GCF_000005845.2|NP_416639.2
orthogroup_331	GCF_000006925.2|NP_708036.2
orthogroup_331	GCF_000006945.1|NP_461114.1
orthogroup_331	GCF_000009065.1|WP_002210965.1
orthogroup_331	GCF_000018045.1|WP_012131637.1
orthogroup_331	GCF_000025565.1|WP_013097942.1
orthogroup_331	GCF_000240185.1|YP_005227936.1
orthogroup_331	GCF_000270125.2|WP_013025130.1
orthogroup_334	GCF_000005845.2|NP_415226.1
orthogroup_334	GCF_000006925.2|NP_706533.2
orthogroup_334	GCF_000006945.1|NP_459691.1
orthogroup_334	GCF_000009065.1|WP_002209652.1
orthogroup_334	GCF_000018045.1|WP_012133304.1
orthogroup_334	GCF_000025565.1|WP_013097553.1
orthogroup_334	GCF_000240185.1|YP_005225850.1
orthogroup_334	GCF_000270125.2|WP_041930932.1
orthogroup_334	GCF_000762985.1|WP_043404695.1
orthogroup_335	GCF_000005845.2|NP_415186.1
orthogroup_335	GCF_000006925.2|NP_706558.1
orthogroup_335	GCF_000006945.1|NP_459655.1
orthogroup_335	GCF_000009065.1|WP_002210337.1
orthogroup_335	GCF_000018045.1|WP_012133340.1
orthogroup_335	GCF_000025565.1|WP_013097580.1
orthogroup_335	GCF_000069965.1|WP_004246042.1
orthogroup_335	GCF_000240185.1|YP_005225819.1
orthogroup_335	GCF_000270125.2|WP_013025022.1
orthogroup_338	GCF_000005845.2|NP_418194.1
orthogroup_338	GCF_000006925.2|NP_709551.1
orthogroup_338	GCF_000006945.1|NP_462770.1
orthogroup_338	GCF_000009065.1|WP_002228150.1
orthogroup_338	GCF_000018045.1|WP_012131095.1
orthogroup_338	GCF_000025565.1|WP_013099405.1
orthogroup_338	GCF_000069965.1|WP_004246597.1
orthogroup_338	GCF_000240185.1|YP_005229613.1
orthogroup_338	GCF_000270125.2|WP_013023932.1
orthogroup_338	GCF_000762985.1|WP_043411279.1
orthogroup_346	GCF_000005845.2|NP_416242.6
orthogroup_346	GCF_000006925.2|NP_707386.2
orthogroup_346	GCF_000006945.1|NP_460287.2
orthogroup_346	GCF_000009065.1|WP_002210837.1
orthogroup_346	GCF_000018045.1|WP_024130387.1
orthogroup_346	GCF_000025565.1|WP_013097014.1
orthogroup_346	GCF_000069965.1|WP_004242580.1
orthogroup_346	GCF_000240185.1|YP_005226439.1
orthogroup_346	GCF_000270125.2|WP_015700429.1
orthogroup_352	GCF_000005845.2|NP_416791.3
orthogroup_352	GCF_000006925.2|NP_708170.1
orthogroup_352	GCF_000006945.1|NP_461270.1
orthogroup_352	GCF_000009065.1|WP_002210279.1
orthogroup_352	GCF_000018045.1|WP_012131490.1
orthogroup_352	GCF_000025565.1|WP_014171000.1
orthogroup_352	GCF_000069965.1|WP_004243698.1
orthogroup_352	GCF_000240185.1|YP_005228045.1
orthogroup_352	GCF_000270125.2|WP_013026514.1
orthogroup_352	GCF_000762985.1|WP_043407004.1
orthogroup_354	GCF_000005845.2|NP_416893.1
orthogroup_354	GCF_000006925.2|NP_708258.1
orthogroup_354	GCF_000006945.1|NP_461349.1
orthogroup_354	GCF_000009065.1|WP_002211621.1
orthogroup_354	GCF_000018045.1|WP_024130137.1
orthogroup_354	GCF_000025565.1|WP_040022336.1
orthogroup_354	GCF_000240185.1|YP_005228115.1
orthogroup_354	GCF_000270125.2|WP_013026627.1
orthogroup_354	GCF_000762985.1|WP_052428952.1
orthogroup_371	GCF_000005845.2|NP_418195.2
orthogroup_371	GCF_000006925.2|NP_709552.3
orthogroup_371	GCF_000006945.1|NP_462771.1
orthogroup_371	GCF_000009065.1|WP_002212262.1
orthogroup_371	GCF_000018045.1|WP_012131096.1
orthogroup_371	GCF_000025565.1|WP_008500194.1
orthogroup_371	GCF_000069965.1|WP_004246598.1
orthogroup_371	GCF_000240185.1|YP_005229614.1
orthogroup_371	GCF_000270125.2|WP_014332968.1
orthogroup_378	GCF_000005845.2|NP_418629.1
orthogroup_378	GCF_000006925.2|NP_709989.1
orthogroup_378	GCF_000006945.1|NP_463259.1
orthogroup_378	GCF_000009065.1|WP_002211170.1
orthogroup_378	GCF_000018045.1|WP_012134401.1
orthogroup_378	GCF_000025565.1|WP_013095311.1
orthogroup_378	GCF_000069965.1|WP_004243480.1
orthogroup_378	GCF_000240185.1|YP_005224746.1
orthogroup_385	GCF_000005845.2|NP_416439.1
orthogroup_385	GCF_000006925.2|NP_707815.2
orthogroup_385	GCF_000006945.1|NP_460918.2
orthogroup_385	GCF_000009065.1|WP_002209054.1
orthogroup_385	GCF_000018045.1|WP_012131911.1
orthogroup_385	GCF_000025565.1|WP_013096289.1
orthogroup_385	GCF_000069965.1|WP_004245174.1
orthogroup_385	GCF_000240185.1|YP_005226710.1
orthogroup_387	GCF_000005845.2|NP_416760.1
orthogroup_387	GCF_000006925.2|NP_708143.2
orthogroup_387	GCF_000006945.1|NP_461243.1
orthogroup_387	GCF_000009065.1|WP_002211821.1
orthogroup_387	GCF_000025565.1|WP_013099173.1
orthogroup_387	GCF_000069965.1|WP_012367836.1
orthogroup_387	GCF_000240185.1|YP_005229298.1
orthogroup_387	GCF_000270125.2|WP_014598156.1
orthogroup_390	GCF_000005845.2|NP_416894.1
orthogroup_390	GCF_000006925.2|NP_708259.2
orthogroup_390	GCF_000006945.1|NP_461350.1
orthogroup_390	GCF_000009065.1|WP_002211622.1
orthogroup_390	GCF_000018045.1|WP_012131386.1
orthogroup_390	GCF_000025565.1|WP_013098187.1
orthogroup_390	GCF_000069965.1|WP_004248418.1
orthogroup_390	GCF_000240185.1|YP_005228116.1
orthogroup_390	GCF_000270125.2|WP_014594244.1
orthogroup_408	GCF_000005845.2|NP_417985.1
orthogroup_408	GCF_000006925.2|NP_709306.1
orthogroup_408	GCF_000006945.1|NP_462515.1
orthogroup_408	GCF_000009065.1|WP_002209553.1
orthogroup_408	GCF_000018045.1|WP_012135654.1
orthogroup_408	GCF_000025565.1|WP_013099213.1
orthogroup_408	GCF_000240185.1|YP_005229334.1
orthogroup_408	GCF_000270125.2|WP_170934936.1
orthogroup_408	GCF_000762985.1|WP_043411830.1
orthogroup_415	GCF_000005845.2|NP_418464.1
orthogroup_415	GCF_000006925.2|NP_709880.1
orthogroup_415	GCF_000006945.1|NP_463099.1
orthogroup_415	GCF_000009065.1|WP_002209088.1
orthogroup_415	GCF_000018045.1|WP_012134645.1
orthogroup_415	GCF_000025565.1|WP_013095050.1
orthogroup_415	GCF_000069965.1|WP_004250107.1
orthogroup_415	GCF_000240185.1|YP_005224563.1
orthogroup_415	GCF_000270125.2|WP_041930947.1
orthogroup_418	GCF_000005845.2|NP_418783.2
orthogroup_418	GCF_000006925.2|NP_710102.5
orthogroup_418	GCF_000006945.1|NP_463404.1
orthogroup_418	GCF_000009065.1|WP_002210498.1
orthogroup_418	GCF_000018045.1|WP_012134217.1
orthogroup_418	GCF_000025565.1|WP_013095466.1
orthogroup_418	GCF_000069965.1|WP_004243197.1
orthogroup_418	GCF_000240185.1|YP_005224967.1
orthogroup_419	GCF_000005845.2|YP_026264.1
orthogroup_419	GCF_000006925.2|NP_709629.3
orthogroup_419	GCF_000006945.1|NP_462844.1
orthogroup_419	GCF_000009065.1|WP_002211485.1
orthogroup_419	GCF_000018045.1|WP_012131165.1
orthogroup_419	GCF_000025565.1|WP_014833703.1
orthogroup_419	GCF_000240185.1|YP_005224464.1
orthogroup_419	GCF_000270125.2|WP_013024083.1
orthogroup_420	GCF_000005845.2|NP_415454.4
orthogroup_420	GCF_000006925.2|NP_706853.1
orthogroup_420	GCF_000009065.1|WP_002213853.1
orthogroup_420	GCF_000018045.1|WP_012132983.1
orthogroup_420	GCF_000025565.1|WP_013097273.1
orthogroup_420	GCF_000240185.1|YP_005226150.1
orthogroup_420	GCF_000270125.2|WP_014606182.1
orthogroup_420	GCF_000762985.1|WP_043409877.1
orthogroup_425	GCF_000005845.2|NP_415724.2
orthogroup_425	GCF_000006925.2|NP_707115.2
orthogroup_425	GCF_000006945.1|NP_460737.2
orthogroup_425	GCF_000018045.1|WP_024130291.1
orthogroup_425	GCF_000025565.1|WP_013096229.1
orthogroup_425	GCF_000069965.1|WP_004247967.1
orthogroup_425	GCF_000240185.1|YP_005227538.1
orthogroup_425	GCF_000762985.1|WP_043413623.1
orthogroup_429	GCF_000005845.2|NP_418129.2
orthogroup_429	GCF_000006925.2|NP_709522.1
orthogroup_429	GCF_000006945.1|NP_462699.1
orthogroup_429	GCF_000018045.1|WP_012000777.1
orthogroup_429	GCF_000025565.1|WP_044159577.1
orthogroup_429	GCF_000069965.1|WP_004246423.1
orthogroup_429	GCF_000240185.1|YP_005229550.1
orthogroup_429	GCF_000270125.2|WP_013027698.1
orthogroup_454	GCF_000005845.2|NP_414942.1
orthogroup_454	GCF_000006925.2|NP_706296.1
orthogroup_454	GCF_000006945.1|NP_459402.1
orthogroup_454	GCF_000009065.1|WP_002208670.1
orthogroup_454	GCF_000018045.1|WP_048902403.1
orthogroup_454	GCF_000025565.1|WP_071830016.1
orthogroup_454	GCF_000069965.1|WP_012367466.1
orthogroup_454	GCF_000240185.1|YP_005225399.1
orthogroup_454	GCF_000270125.2|WP_013024855.1
orthogroup_471	GCF_000005845.2|NP_417928.1
orthogroup_471	GCF_000006925.2|NP_709241.1
orthogroup_471	GCF_000006945.1|NP_462480.1
orthogroup_471	GCF_000009065.1|WP_002211495.1
orthogroup_471	GCF_000018045.1|WP_012135586.1
orthogroup_471	GCF_000025565.1|WP_013099151.1
orthogroup_471	GCF_000069965.1|WP_004245400.1
orthogroup_471	GCF_000240185.1|YP_005229291.1
orthogroup_471	GCF_000270125.2|WP_014604826.1
orthogroup_480	GCF_000005845.2|NP_418683.4
orthogroup_480	GCF_000006925.2|NP_709939.2
orthogroup_480	GCF_000006945.1|NP_463340.1
orthogroup_480	GCF_000009065.1|WP_002223173.1
orthogroup_480	GCF_000018045.1|WP_012134314.1
orthogroup_480	GCF_000025565.1|WP_013098949.1
orthogroup_480	GCF_000069965.1|WP_004246180.1
orthogroup_480	GCF_000240185.1|YP_005224820.1
orthogroup_480	GCF_000270125.2|WP_014595186.1
orthogroup_484	GCF_000005845.2|NP_416908.1
orthogroup_484	GCF_000006925.2|NP_708268.1
orthogroup_484	GCF_000006945.1|NP_461364.1
orthogroup_484	GCF_000009065.1|WP_002213487.1
orthogroup_484	GCF_000018045.1|WP_012131370.1
orthogroup_484	GCF_000025565.1|WP_013098197.1
orthogroup_484	GCF_000069965.1|WP_004243796.1
orthogroup_484	GCF_000240185.1|YP_005228127.1
orthogroup_484	GCF_000270125.2|WP_013026639.1
orthogroup_489	GCF_000005845.2|NP_416046.1
orthogroup_489	GCF_000006925.2|NP_707447.1
orthogroup_489	GCF_000006945.1|NP_460481.1
orthogroup_489	GCF_000009065.1|WP_002211840.1
orthogroup_489	GCF_000018045.1|WP_012132423.1
orthogroup_489	GCF_000025565.1|WP_013096626.1
orthogroup_489	GCF_000069965.1|WP_004242597.1
orthogroup_489	GCF_000240185.1|YP_005226850.1
orthogroup_489	GCF_000270125.2|WP_014595200.1
orthogroup_515	GCF_000005845.2|NP_418466.1
orthogroup_515	GCF_000006925.2|NP_709878.1
orthogroup_515	GCF_000006945.1|NP_463101.1
orthogroup_515	GCF_000009065.1|WP_002209089.1
orthogroup_515	GCF_000018045.1|WP_012134643.1
orthogroup_515	GCF_000025565.1|WP_013095052.1
orthogroup_515	GCF_000069965.1|WP_004245908.1
orthogroup_515	GCF_000240185.1|YP_005224565.1
orthogroup_515	GCF_000270125.2|WP_013024155.1
orthogroup_526	GCF_000005845.2|NP_414943.1
orthogroup_526	GCF_000006925.2|NP_706297.2
orthogroup_526	GCF_000006945.1|NP_459403.1
orthogroup_526	GCF_000009065.1|WP_002208669.1
orthogroup_526	GCF_000018045.1|WP_024130598.1
orthogroup_526	GCF_000025565.1|WP_013095834.1
orthogroup_526	GCF_000069965.1|WP_004247209.1
orthogroup_526	GCF_000240185.1|YP_005225400.1
orthogroup_526	GCF_000270125.2|WP_014606451.1
orthogroup_531	GCF_000005845.2|NP_415587.1
orthogroup_531	GCF_000006925.2|NP_706990.2
orthogroup_531	GCF_000006945.1|NP_460141.1
orthogroup_531	GCF_000009065.1|WP_002211214.1
orthogroup_531	GCF_000018045.1|WP_024130442.1
orthogroup_531	GCF_000025565.1|WP_023620179.1
orthogroup_531	GCF_000069965.1|WP_004242702.1
orthogroup_531	GCF_000240185.1|YP_005226258.1
orthogroup_531	GCF_000270125.2|WP_014593415.1
orthogroup_534	GCF_000005845.2|NP_415187.1
orthogroup_534	GCF_000006925.2|NP_706557.1
orthogroup_534	GCF_000006945.1|NP_459656.1
orthogroup_534	GCF_000009065.1|WP_002210338.1
orthogroup_534	GCF_000018045.1|WP_012133339.1
orthogroup_534	GCF_000025565.1|WP_013097579.1
orthogroup_534	GCF_000069965.1|WP_004247440.1
orthogroup_534	GCF_000240185.1|YP_005225820.1
orthogroup_534	GCF_000270125.2|WP_013025023.1
orthogroup_534	GCF_000762985.1|WP_043408024.1
orthogroup_540	GCF_000005845.2|NP_415424.1
orthogroup_540	GCF_000006925.2|NP_706822.2
orthogroup_540	GCF_000006945.1|NP_459949.1
orthogroup_540	GCF_000009065.1|WP_002211331.1
orthogroup_540	GCF_000018045.1|WP_024130478.1
orthogroup_540	GCF_000025565.1|WP_013097310.1
orthogroup_540	GCF_000069965.1|WP_004244577.1
orthogroup_540	GCF_000240185.1|YP_005226112.1
orthogroup_540	GCF_000270125.2|WP_013025235.1
orthogroup_547	GCF_000005845.2|NP_415761.1
orthogroup_547	GCF_000006925.2|NP_707152.1
orthogroup_547	GCF_000006945.1|NP_460703.1
orthogroup_547	GCF_000009065.1|WP_025470761.1
orthogroup_547	GCF_000018045.1|WP_012132202.1
orthogroup_547	GCF_000025565.1|WP_013096272.1
orthogroup_547	GCF_000069965.1|WP_004243229.1
orthogroup_547	GCF_000240185.1|YP_005227489.1
orthogroup_547	GCF_000270125.2|WP_013025962.1
orthogroup_547	GCF_000762985.1|WP_043411368.1
orthogroup_548	GCF_000005845.2|NP_415794.1
orthogroup_548	GCF_000006925.2|NP_707187.1
orthogroup_548	GCF_000006945.1|NP_460669.1
orthogroup_548	GCF_000009065.1|WP_002210617.1
orthogroup_548	GCF_000018045.1|WP_012132240.1
orthogroup_548	GCF_000025565.1|WP_028027956.1
orthogroup_548	GCF_000069965.1|WP_012367957.1
orthogroup_548	GCF_000240185.1|YP_005226481.1
orthogroup_548	GCF_000270125.2|WP_013025928.1
orthogroup_551	GCF_000005845.2|NP_416116.1
orthogroup_551	GCF_000006925.2|NP_707496.1
orthogroup_551	GCF_000006945.1|NP_460443.1
orthogroup_551	GCF_000009065.1|WP_002211187.1
orthogroup_551	GCF_000018045.1|WP_012132478.1
orthogroup_551	GCF_000025565.1|WP_013096842.1
orthogroup_551	GCF_000069965.1|WP_004247986.1
orthogroup_551	GCF_000240185.1|YP_005226775.1
orthogroup_551	GCF_000270125.2|WP_013026047.1
orthogroup_554	GCF_000005845.2|NP_416347.1
orthogroup_554	GCF_000006925.2|NP_707286.1
orthogroup_554	GCF_000006945.1|NP_460804.1
orthogroup_554	GCF_000009065.1|WP_002367629.1
orthogroup_554	GCF_000018045.1|WP_024130263.1
orthogroup_554	GCF_000025565.1|WP_038984489.1
orthogroup_554	GCF_000069965.1|WP_012367828.1
orthogroup_554	GCF_000240185.1|YP_005227665.1
orthogroup_554	GCF_000270125.2|WP_013026037.1
orthogroup_565	GCF_000005845.2|NP_414695.1
orthogroup_565	GCF_000006925.2|NP_706101.1
orthogroup_565	GCF_000006945.1|NP_459199.1
orthogroup_565	GCF_000009065.1|WP_002209361.1
orthogroup_565	GCF_000018045.1|WP_012134005.1
orthogroup_565	GCF_000025565.1|WP_013095640.1
orthogroup_565	GCF_000240185.1|YP_005225202.1
orthogroup_565	GCF_000270125.2|WP_014592951.1
orthogroup_582	GCF_000005845.2|NP_417817.2
orthogroup_582	GCF_000006925.2|NP_709133.2
orthogroup_582	GCF_000006945.1|NP_462370.1
orthogroup_582	GCF_000009065.1|WP_002212296.1
orthogroup_582	GCF_000018045.1|WP_012135464.1
orthogroup_582	GCF_000025565.1|WP_013099057.1
orthogroup_582	GCF_000240185.1|YP_005229195.1
orthogroup_582	GCF_000270125.2|WP_041930928.1
orthogroup_588	GCF_000005845.2|NP_415758.1
orthogroup_588	GCF_000006925.2|NP_707147.2
orthogroup_588	GCF_000006945.1|NP_460707.1
orthogroup_588	GCF_000009065.1|WP_002210656.1
orthogroup_588	GCF_000018045.1|WP_024130298.1
orthogroup_588	GCF_000069965.1|WP_004243244.1
orthogroup_588	GCF_000240185.1|YP_005227493.1
orthogroup_588	GCF_000270125.2|WP_013025965.1
orthogroup_596	GCF_000005845.2|NP_416343.1
orthogroup_596	GCF_000006925.2|NP_707290.2
orthogroup_596	GCF_000006945.1|NP_460800.1
orthogroup_596	GCF_000009065.1|WP_002210847.1
orthogroup_596	GCF_000018045.1|WP_012132039.1
orthogroup_596	GCF_000025565.1|WP_013096120.1
orthogroup_596	GCF_000069965.1|WP_004242578.1
orthogroup_596	GCF_000240185.1|YP_005227661.1
orthogroup_596	GCF_000270125.2|WP_013026033.1
orthogroup_598	GCF_000005845.2|NP_416663.1
orthogroup_598	GCF_000006925.2|NP_708055.1
orthogroup_598	GCF_000006945.1|NP_461147.1
orthogroup_598	GCF_000009065.1|WP_002208790.1
orthogroup_598	GCF_000018045.1|WP_012131604.1
orthogroup_598	GCF_000025565.1|WP_013097963.1
orthogroup_598	GCF_000069965.1|WP_012367756.1
orthogroup_598	GCF_000240185.1|YP_005227961.1
orthogroup_598	GCF_000270125.2|WP_014594116.1
orthogroup_609	GCF_000005845.2|NP_417531.1
orthogroup_609	GCF_000006925.2|NP_708869.1
orthogroup_609	GCF_000006945.1|NP_462122.1
orthogroup_609	GCF_000009065.1|WP_002217581.1
orthogroup_609	GCF_000018045.1|WP_012135188.1
orthogroup_609	GCF_000025565.1|WP_013098765.1
orthogroup_609	GCF_000069965.1|WP_004245577.1
orthogroup_609	GCF_000240185.1|YP_005228892.1
orthogroup_609	GCF_000270125.2|WP_013027256.1
orthogroup_610	GCF_000005845.2|NP_417566.1
orthogroup_610	GCF_000006925.2|NP_708903.1
orthogroup_610	GCF_000006945.1|NP_462140.1
orthogroup_610	GCF_000009065.1|WP_002210414.1
orthogroup_610	GCF_000018045.1|WP_012135234.1
orthogroup_610	GCF_000025565.1|WP_013098863.1
orthogroup_610	GCF_000069965.1|WP_012368851.1
orthogroup_610	GCF_000240185.1|YP_005228956.1
orthogroup_610	GCF_000270125.2|WP_014594688.1
orthogroup_618	GCF_000005845.2|NP_417919.1
orthogroup_618	GCF_000006925.2|NP_709232.2
orthogroup_618	GCF_000006945.1|NP_462470.1
orthogroup_618	GCF_000009065.1|WP_002211505.1
orthogroup_618	GCF_000018045.1|WP_024131031.1
orthogroup_618	GCF_000025565.1|WP_013099139.1
orthogroup_618	GCF_000069965.1|WP_012368819.1
orthogroup_618	GCF_000240185.1|YP_005229282.1
orthogroup_618	GCF_000270125.2|WP_014594806.1
orthogroup_626	GCF_000005845.2|NP_418365.1
orthogroup_626	GCF_000006925.2|NP_709734.2
orthogroup_626	GCF_000006945.1|NP_462971.1
orthogroup_626	GCF_000009065.1|WP_002208944.1
orthogroup_626	GCF_000018045.1|WP_012133862.1
orthogroup_626	GCF_000025565.1|WP_013099314.1
orthogroup_626	GCF_000069965.1|WP_004249712.1
orthogroup_626	GCF_000240185.1|YP_005224377.1
orthogroup_626	GCF_000762985.1|WP_043405073.1
orthogroup_627	GCF_000005845.2|NP_418399.1
orthogroup_627	GCF_000006925.2|NP_709768.1
orthogroup_627	GCF_000006945.1|NP_463007.1
orthogroup_627	GCF_000009065.1|WP_002209475.1
orthogroup_627	GCF_000018045.1|WP_012133827.1
orthogroup_627	GCF_000025565.1|WP_008501783.1
orthogroup_627	GCF_000069965.1|WP_004249699.1
orthogroup_627	GCF_000240185.1|YP_005224406.1
orthogroup_627	GCF_000270125.2|WP_014604773.1
orthogroup_663	GCF_000005845.2|NP_417276.1
orthogroup_663	GCF_000006925.2|NP_708591.1
orthogroup_663	GCF_000006945.1|NP_461890.1
orthogroup_663	GCF_000009065.1|WP_002215443.1
orthogroup_663	GCF_000018045.1|WP_012134907.1
orthogroup_663	GCF_000025565.1|WP_013098531.1
orthogroup_663	GCF_000069965.1|WP_004244537.1
orthogroup_663	GCF_000240185.1|YP_005228516.1
orthogroup_663	GCF_000270125.2|WP_024471162.1
orthogroup_682	GCF_000005845.2|NP_416761.4
orthogroup_682	GCF_000006925.2|NP_708144.4
orthogroup_682	GCF_000006945.1|NP_461245.1
orthogroup_682	GCF_000009065.1|WP_002211819.1
orthogroup_682	GCF_000025565.1|WP_013099171.1
orthogroup_682	GCF_000069965.1|WP_004242625.1
orthogroup_682	GCF_000240185.1|YP_005229296.1
orthogroup_682	GCF_000270125.2|WP_013027841.1
orthogroup_684	GCF_000005845.2|NP_416661.1
orthogroup_684	GCF_000006925.2|NP_708053.1
orthogroup_684	GCF_000006945.1|NP_461145.1
orthogroup_684	GCF_000009065.1|WP_002208786.1
orthogroup_684	GCF_000018045.1|WP_012131607.1
orthogroup_684	GCF_000025565.1|WP_013097961.1
orthogroup_684	GCF_000069965.1|WP_004247812.1
orthogroup_684	GCF_000240185.1|YP_005227958.1
orthogroup_684	GCF_000270125.2|WP_014594114.1
orthogroup_687	GCF_000005845.2|NP_416830.1
orthogroup_687	GCF_000006925.2|NP_708209.1
orthogroup_687	GCF_000006945.1|NP_461324.1
orthogroup_687	GCF_000009065.1|WP_002209713.1
orthogroup_687	GCF_000018045.1|WP_012131441.1
orthogroup_687	GCF_000025565.1|WP_013098149.1
orthogroup_687	GCF_000069965.1|WP_004243750.1
orthogroup_687	GCF_000240185.1|YP_005228086.1
orthogroup_687	GCF_000270125.2|WP_014594199.1
orthogroup_689	GCF_000005845.2|NP_416965.1
orthogroup_689	GCF_000006925.2|NP_708308.1
orthogroup_689	GCF_000006945.1|NP_461416.1
orthogroup_689	GCF_000009065.1|WP_002208539.1
orthogroup_689	GCF_000018045.1|WP_012131312.1
orthogroup_689	GCF_000025565.1|WP_013098219.1
orthogroup_689	GCF_000240185.1|YP_005228174.1
orthogroup_689	GCF_000270125.2|WP_014594274.1
orthogroup_703	GCF_000005845.2|NP_415011.1
orthogroup_703	GCF_000006925.2|NP_706371.1
orthogroup_703	GCF_000006945.1|NP_459487.1
orthogroup_703	GCF_000009065.1|WP_002208585.1
orthogroup_703	GCF_000018045.1|WP_012133496.1
orthogroup_703	GCF_000025565.1|WP_013095902.1
orthogroup_703	GCF_000069965.1|WP_004244273.1
orthogroup_703	GCF_000240185.1|YP_005225505.1
orthogroup_703	GCF_000270125.2|WP_014606421.1
orthogroup_719	GCF_000005845.2|NP_417312.1
orthogroup_719	GCF_000006925.2|NP_708624.1
orthogroup_719	GCF_000006945.1|NP_461926.1
orthogroup_719	GCF_000009065.1|WP_002209842.1
orthogroup_719	GCF_000018045.1|WP_012134953.1
orthogroup_719	GCF_000025565.1|WP_038983856.1
orthogroup_719	GCF_000069965.1|WP_012367571.1
orthogroup_719	GCF_000240185.1|YP_005228608.1
orthogroup_719	GCF_000270125.2|WP_014595179.1
orthogroup_741	GCF_000005845.2|NP_418639.1
orthogroup_741	GCF_000006925.2|NP_709980.1
orthogroup_741	GCF_000006945.1|NP_463268.1
orthogroup_741	GCF_000009065.1|WP_002210164.1
orthogroup_741	GCF_000018045.1|WP_012134390.1
orthogroup_741	GCF_000025565.1|WP_013095324.1
orthogroup_741	GCF_000069965.1|WP_012368722.1
orthogroup_741	GCF_000240185.1|YP_005224756.1
orthogroup_741	GCF_000270125.2|WP_013027381.1
orthogroup_755	GCF_000005845.2|NP_415190.1
orthogroup_755	GCF_000006925.2|NP_706555.1
orthogroup_755	GCF_000006945.1|NP_459658.1
orthogroup_755	GCF_000009065.1|WP_002210341.1
orthogroup_755	GCF_000018045.1|WP_012133337.1
orthogroup_755	GCF_000025565.1|WP_013097577.1
orthogroup_755	GCF_000069965.1|WP_012367590.1
orthogroup_755	GCF_000240185.1|YP_005225822.1
orthogroup_755	GCF_000270125.2|WP_026021048.1
orthogroup_758	GCF_000005845.2|NP_415363.1
orthogroup_758	GCF_000006925.2|NP_706721.1
orthogroup_758	GCF_000006945.1|NP_459843.1
orthogroup_758	GCF_000009065.1|WP_002215753.1
orthogroup_758	GCF_000018045.1|WP_012133116.1
orthogroup_758	GCF_000025565.1|WP_013097422.1
orthogroup_758	GCF_000240185.1|YP_005226009.1
orthogroup_758	GCF_000270125.2|WP_014595295.1
orthogroup_759	GCF_000005845.2|NP_415395.2
orthogroup_759	GCF_000006925.2|NP_706755.1
orthogroup_759	GCF_000006945.1|NP_459915.1
orthogroup_759	GCF_000009065.1|WP_002211358.1
orthogroup_759	GCF_000018045.1|WP_012133055.1
orthogroup_759	GCF_000025565.1|WP_013097331.1
orthogroup_759	GCF_000069965.1|WP_004244553.1
orthogroup_759	GCF_000240185.1|YP_005226085.1
orthogroup_759	GCF_000270125.2|WP_024470921.1
orthogroup_767	GCF_000005845.2|NP_416119.1
orthogroup_767	GCF_000006925.2|NP_707499.1
orthogroup_767	GCF_000006945.1|NP_460440.1
orthogroup_767	GCF_000009065.1|WP_002211020.1
orthogroup_767	GCF_000018045.1|WP_012132483.1
orthogroup_767	GCF_000025565.1|WP_013096868.1
orthogroup_767	GCF_000069965.1|WP_004242825.1
orthogroup_767	GCF_000240185.1|YP_005226734.1
orthogroup_767	GCF_000270125.2|WP_013025871.1
orthogroup_767	GCF_000762985.1|WP_043403857.1
orthogroup_768	GCF_000005845.2|NP_416151.1
orthogroup_768	GCF_000006925.2|NP_707534.1
orthogroup_768	GCF_000006945.1|NP_460415.1
orthogroup_768	GCF_000009065.1|WP_002215910.1
orthogroup_768	GCF_000018045.1|WP_024130362.1
orthogroup_768	GCF_000025565.1|WP_013096905.1
orthogroup_768	GCF_000069965.1|WP_004243443.1
orthogroup_768	GCF_000240185.1|YP_005227251.1
orthogroup_768	GCF_000270125.2|WP_013025655.1
orthogroup_772	GCF_000005845.2|NP_417925.1
orthogroup_772	GCF_000006925.2|NP_709238.1
orthogroup_772	GCF_000006945.1|NP_462476.1
orthogroup_772	GCF_000009065.1|WP_002211498.1
orthogroup_772	GCF_000018045.1|WP_012135582.1
orthogroup_772	GCF_000025565.1|WP_013099145.1
orthogroup_772	GCF_000069965.1|WP_004248875.1
orthogroup_772	GCF_000240185.1|YP_005229288.1
orthogroup_772	GCF_000270125.2|WP_014594809.1
orthogroup_784	GCF_000005845.2|YP_026273.1
orthogroup_784	GCF_000006925.2|NP_709653.1
orthogroup_784	GCF_000006945.1|NP_462871.1
orthogroup_784	GCF_000009065.1|WP_002211550.1
orthogroup_784	GCF_000018045.1|WP_012131195.1
orthogroup_784	GCF_000025565.1|WP_013099227.1
orthogroup_784	GCF_000069965.1|WP_004252906.1
orthogroup_784	GCF_000240185.1|YP_005224489.1
orthogroup_784	GCF_000270125.2|WP_013024109.1
orthogroup_790	GCF_000005845.2|NP_414982.1
orthogroup_790	GCF_000006925.2|NP_706342.1
orthogroup_790	GCF_000006945.1|NP_459456.1
orthogroup_790	GCF_000009065.1|WP_002208629.1
orthogroup_790	GCF_000018045.1|WP_024130591.1
orthogroup_790	GCF_000025565.1|WP_013095869.1
orthogroup_790	GCF_000069965.1|WP_012367481.1
orthogroup_790	GCF_000240185.1|YP_005225453.1
orthogroup_790	GCF_000270125.2|WP_013024896.1
orthogroup_799	GCF_000005845.2|NP_416120.1
orthogroup_799	GCF_000006925.2|NP_707500.2
orthogroup_799	GCF_000006945.1|NP_460439.1
orthogroup_799	GCF_000009065.1|WP_002211019.1
orthogroup_799	GCF_000018045.1|WP_024130353.1
orthogroup_799	GCF_000025565.1|WP_013096869.1
orthogroup_799	GCF_000069965.1|WP_004242824.1
orthogroup_799	GCF_000240185.1|YP_005226733.1
orthogroup_799	GCF_000270125.2|WP_041930805.1
orthogroup_799	GCF_000762985.1|WP_043403858.1
orthogroup_812	GCF_000005845.2|NP_417427.1
orthogroup_812	GCF_000006925.2|NP_708717.1
orthogroup_812	GCF_000006945.1|NP_462017.1
orthogroup_812	GCF_000009065.1|WP_002209984.1
orthogroup_812	GCF_000018045.1|WP_012135068.1
orthogroup_812	GCF_000025565.1|WP_013098667.1
orthogroup_812	GCF_000069965.1|WP_004244828.1
orthogroup_812	GCF_000240185.1|YP_005228756.1
orthogroup_812	GCF_000270125.2|WP_014594515.1
orthogroup_824	GCF_000005845.2|NP_414983.1
orthogroup_824	GCF_000006925.2|NP_706343.2
orthogroup_824	GCF_000006945.1|NP_459457.1
orthogroup_824	GCF_000009065.1|WP_002208628.1
orthogroup_824	GCF_000018045.1|WP_012133532.1
orthogroup_824	GCF_000025565.1|WP_013095870.1
orthogroup_824	GCF_000069965.1|WP_012367482.1
orthogroup_824	GCF_000240185.1|YP_005225454.1
orthogroup_824	GCF_000270125.2|WP_014606436.1
orthogroup_824	GCF_000762985.1|WP_043411396.1
orthogroup_834	GCF_000005845.2|NP_415731.1
orthogroup_834	GCF_000006925.2|NP_707122.1
orthogroup_834	GCF_000006945.1|NP_460730.1
orthogroup_834	GCF_000009065.1|WP_002211234.1
orthogroup_834	GCF_000018045.1|WP_012132160.1
orthogroup_834	GCF_000025565.1|WP_013096235.1
orthogroup_834	GCF_000240185.1|YP_005227531.1
orthogroup_834	GCF_000270125.2|WP_014593559.1
orthogroup_864	GCF_000005845.2|NP_418408.1
orthogroup_864	GCF_000006925.2|NP_709776.1
orthogroup_864	GCF_000006945.1|NP_463016.1
orthogroup_864	GCF_000009065.1|WP_002210670.1
orthogroup_864	GCF_000018045.1|WP_012133816.1
orthogroup_864	GCF_000025565.1|WP_013094999.1
orthogroup_864	GCF_000069965.1|WP_004246899.1
orthogroup_864	GCF_000240185.1|YP_005224495.1
orthogroup_864	GCF_000270125.2|WP_014606967.1
orthogroup_867	GCF_000005845.2|NP_418576.1
orthogroup_867	GCF_000006925.2|NP_710021.1
orthogroup_867	GCF_000006945.1|NP_463205.1
orthogroup_867	GCF_000009065.1|WP_002209135.1
orthogroup_867	GCF_000018045.1|WP_012134454.1
orthogroup_867	GCF_000025565.1|WP_013095273.1
orthogroup_867	GCF_000069965.1|WP_004245411.1
orthogroup_867	GCF_000240185.1|YP_005224698.1
orthogroup_870	GCF_000005845.2|NP_418682.1
orthogroup_870	GCF_000006925.2|NP_709940.2
orthogroup_870	GCF_000006945.1|NP_463339.1
orthogroup_870	GCF_000009065.1|WP_002209311.1
orthogroup_870	GCF_000018045.1|WP_012134315.1
orthogroup_870	GCF_000025565.1|WP_029883394.1
orthogroup_870	GCF_000069965.1|WP_004249580.1
orthogroup_870	GCF_000240185.1|YP_005224819.1
orthogroup_870	GCF_000270125.2|WP_013024393.1
orthogroup_900	GCF_000005845.2|YP_026244.1
orthogroup_900	GCF_000006925.2|NP_709561.1
orthogroup_900	GCF_000006945.1|NP_462779.1
orthogroup_900	GCF_000009065.1|WP_002212253.1
orthogroup_900	GCF_000018045.1|WP_012131104.1
orthogroup_900	GCF_000025565.1|WP_013099398.1
orthogroup_900	GCF_000240185.1|YP_005224306.1
orthogroup_900	GCF_000270125.2|WP_014332974.1
orthogroup_900	GCF_000762985.1|WP_052429171.1
orthogroup_921	GCF_000005845.2|NP_414670.1
orthogroup_921	GCF_000006925.2|NP_706081.1
orthogroup_921	GCF_000006945.1|NP_459178.1
orthogroup_921	GCF_000009065.1|WP_002209344.1
orthogroup_921	GCF_000018045.1|WP_012134028.1
orthogroup_921	GCF_000025565.1|WP_013095617.1
orthogroup_921	GCF_000069965.1|WP_004245036.1
orthogroup_921	GCF_000240185.1|YP_005225163.1
orthogroup_921	GCF_000270125.2|WP_014592940.1
orthogroup_923	GCF_000005845.2|NP_414985.1
orthogroup_923	GCF_000006925.2|NP_706345.1
orthogroup_923	GCF_000006945.1|NP_459459.1
orthogroup_923	GCF_000009065.1|WP_002228344.1
orthogroup_923	GCF_000018045.1|WP_024130590.1
orthogroup_923	GCF_000025565.1|WP_013095872.1
orthogroup_923	GCF_000069965.1|WP_004245076.1
orthogroup_923	GCF_000240185.1|YP_005225456.1
orthogroup_923	GCF_000270125.2|WP_014606435.1
orthogroup_923	GCF_000762985.1|WP_043414881.1
orthogroup_934	GCF_000005845.2|NP_416051.1
orthogroup_934	GCF_000006925.2|NP_707442.1
orthogroup_934	GCF_000006945.1|NP_460476.1
orthogroup_934	GCF_000009065.1|WP_002211973.1
orthogroup_934	GCF_000018045.1|WP_012132430.1
orthogroup_934	GCF_000025565.1|WP_013096630.1
orthogroup_934	GCF_000069965.1|WP_012367922.1
orthogroup_934	GCF_000240185.1|YP_005226844.1
orthogroup_938	GCF_000005845.2|NP_416420.1
orthogroup_938	GCF_000006925.2|NP_707797.1
orthogroup_938	GCF_000006945.1|NP_460893.1
orthogroup_938	GCF_000009065.1|WP_002221775.1
orthogroup_938	GCF_000018045.1|WP_024130240.1
orthogroup_938	GCF_000025565.1|WP_013096036.1
orthogroup_938	GCF_000069965.1|WP_012368096.1
orthogroup_938	GCF_000240185.1|YP_005227728.1
orthogroup_946	GCF_000005845.2|NP_418444.1
orthogroup_946	GCF_000006925.2|NP_709804.1
orthogroup_946	GCF_000006945.1|NP_463054.1
orthogroup_946	GCF_000018045.1|WP_024130841.1
orthogroup_946	GCF_000025565.1|WP_013095027.1
orthogroup_946	GCF_000069965.1|WP_004245660.1
orthogroup_946	GCF_000240185.1|YP_005224534.1
orthogroup_946	GCF_000270125.2|WP_041930946.1
orthogroup_968	GCF_000005845.2|NP_415400.1
orthogroup_968	GCF_000006925.2|NP_706765.1
orthogroup_968	GCF_000006945.1|NP_459919.1
orthogroup_968	GCF_000009065.1|WP_002211351.1
orthogroup_968	GCF_000018045.1|WP_012133051.1
orthogroup_968	GCF_000025565.1|WP_013097326.1
orthogroup_968	GCF_000069965.1|WP_012367701.1
orthogroup_968	GCF_000240185.1|YP_005226090.1
orthogroup_971	GCF_000005845.2|NP_415734.1
orthogroup_971	GCF_000006925.2|NP_707125.1
orthogroup_971	GCF_000006945.1|NP_460727.1
orthogroup_971	GCF_000009065.1|WP_002212036.1
orthogroup_971	GCF_000018045.1|WP_012132163.1
orthogroup_971	GCF_000025565.1|WP_013096238.1
orthogroup_971	GCF_000240185.1|YP_005227528.1
orthogroup_971	GCF_000270125.2|WP_013025529.1
orthogroup_972	GCF_000005845.2|NP_415770.1
orthogroup_972	GCF_000006925.2|NP_707163.1
orthogroup_972	GCF_000006945.1|NP_460694.1
orthogroup_972	GCF_000009065.1|WP_002210640.1
orthogroup_972	GCF_000018045.1|WP_012132211.1
orthogroup_972	GCF_000025565.1|WP_013096282.1
orthogroup_972	GCF_000069965.1|WP_004243074.1
orthogroup_972	GCF_000240185.1|YP_005226445.1
orthogroup_972	GCF_000270125.2|WP_014605727.1
orthogroup_980	GCF_000005845.2|NP_416458.1
orthogroup_980	GCF_000006925.2|NP_707833.3
orthogroup_980	GCF_000006945.1|NP_460932.1
orthogroup_980	GCF_000009065.1|WP_002220494.1
orthogroup_980	GCF_000018045.1|WP_012131898.1
orthogroup_980	GCF_000025565.1|WP_013097738.1
orthogroup_980	GCF_000069965.1|WP_004248331.1
orthogroup_980	GCF_000270125.2|WP_033765984.1
orthogroup_985	GCF_000005845.2|NP_417398.1
orthogroup_985	GCF_000006925.2|NP_708683.2
orthogroup_985	GCF_000006945.1|NP_461982.1
orthogroup_985	GCF_000009065.1|WP_002209960.1
orthogroup_985	GCF_000018045.1|WP_024130930.1
orthogroup_985	GCF_000025565.1|WP_013098632.1
orthogroup_985	GCF_000069965.1|WP_004244063.1
orthogroup_985	GCF_000240185.1|YP_005228717.1
orthogroup_985	GCF_000270125.2|WP_013027071.1
orthogroup_985	GCF_000762985.1|WP_052428643.1
orthogroup_995	GCF_000005845.2|NP_417305.1
orthogroup_995	GCF_000006925.2|NP_708617.1
orthogroup_995	GCF_000006945.1|NP_461919.1
orthogroup_995	GCF_000009065.1|WP_002211383.1
orthogroup_995	GCF_000018045.1|WP_012134944.1
orthogroup_995	GCF_000025565.1|WP_013098551.1
orthogroup_995	GCF_000069965.1|WP_004245522.1
orthogroup_995	GCF_000240185.1|YP_005228600.1
orthogroup_995	GCF_000270125.2|WP_024471441.1
orthogroup_1013	GCF_000005845.2|NP_415703.3
orthogroup_1013	GCF_000006925.2|NP_707082.2
orthogroup_1013	GCF_000006945.1|NP_460763.1
orthogroup_1013	GCF_000009065.1|WP_002227934.1
orthogroup_1013	GCF_000018045.1|WP_024130271.1
orthogroup_1013	GCF_000025565.1|WP_028028084.1
orthogroup_1013	GCF_000069965.1|WP_004248244.1
orthogroup_1013	GCF_000240185.1|YP_005227625.1
orthogroup_1013	GCF_000270125.2|WP_024472129.1
orthogroup_1014	GCF_000005845.2|NP_415771.1
orthogroup_1014	GCF_000006925.2|NP_707164.2
orthogroup_1014	GCF_000006945.1|NP_460693.1
orthogroup_1014	GCF_000009065.1|WP_002210639.1
orthogroup_1014	GCF_000018045.1|WP_012132212.1
orthogroup_1014	GCF_000025565.1|WP_013096283.1
orthogroup_1014	GCF_000069965.1|WP_004243072.1
orthogroup_1014	GCF_000240185.1|YP_005226446.1
orthogroup_1014	GCF_000270125.2|WP_013025951.1
orthogroup_1024	GCF_000005845.2|NP_416567.4
orthogroup_1024	GCF_000006925.2|NP_707957.2
orthogroup_1024	GCF_000006945.1|NP_461064.1
orthogroup_1024	GCF_000009065.1|WP_002211875.1
orthogroup_1024	GCF_000018045.1|WP_012131695.1
orthogroup_1024	GCF_000025565.1|WP_013097884.1
orthogroup_1024	GCF_000069965.1|WP_004247594.1
orthogroup_1024	GCF_000240185.1|YP_005227875.1
orthogroup_1024	GCF_000270125.2|WP_014594084.1
orthogroup_1031	GCF_000005845.2|NP_417287.1
orthogroup_1031	GCF_000006925.2|NP_708601.1
orthogroup_1031	GCF_000006945.1|NP_461900.1
orthogroup_1031	GCF_000009065.1|WP_002212118.1
orthogroup_1031	GCF_000018045.1|WP_012134924.1
orthogroup_1031	GCF_000025565.1|WP_003862756.1
orthogroup_1031	GCF_000069965.1|WP_004245496.1
orthogroup_1031	GCF_000240185.1|YP_005228539.1
orthogroup_1031	GCF_000270125.2|WP_014605150.1
orthogroup_1038	GCF_000005845.2|NP_418002.2
orthogroup_1038	GCF_000006925.2|NP_709324.3
orthogroup_1038	GCF_000006945.1|NP_462536.1
orthogroup_1038	GCF_000009065.1|WP_002209571.1
orthogroup_1038	GCF_000018045.1|WP_012135679.1
orthogroup_1038	GCF_000025565.1|WP_023620079.1
orthogroup_1038	GCF_000069965.1|WP_012368811.1
orthogroup_1038	GCF_000240185.1|YP_005229362.1
orthogroup_1038	GCF_000270125.2|WP_014594986.1
orthogroup_1040	GCF_000005845.2|NP_418140.4
orthogroup_1040	GCF_000006925.2|NP_709513.2
orthogroup_1040	GCF_000006945.1|NP_462707.1
orthogroup_1040	GCF_000009065.1|WP_002209634.1
orthogroup_1040	GCF_000018045.1|WP_012000791.1
orthogroup_1040	GCF_000025565.1|WP_013094791.1
orthogroup_1040	GCF_000069965.1|WP_004250064.1
orthogroup_1040	GCF_000240185.1|YP_005229561.1
orthogroup_1042	GCF_000005845.2|NP_418271.1
orthogroup_1042	GCF_000006925.2|NP_709633.1
orthogroup_1042	GCF_000006945.1|NP_462848.1
orthogroup_1042	GCF_000009065.1|WP_002215597.1
orthogroup_1042	GCF_000018045.1|WP_012131171.1
orthogroup_1042	GCF_000025565.1|WP_013099246.1
orthogroup_1042	GCF_000069965.1|WP_012368786.1
orthogroup_1042	GCF_000240185.1|YP_005224469.1
orthogroup_1042	GCF_000270125.2|WP_013024088.1
orthogroup_1047	GCF_000005845.2|NP_417399.1
orthogroup_1047	GCF_000006925.2|NP_708684.1
orthogroup_1047	GCF_000006945.1|NP_461983.1
orthogroup_1047	GCF_000009065.1|WP_002209961.1
orthogroup_1047	GCF_000018045.1|WP_012135025.1
orthogroup_1047	GCF_000025565.1|WP_013098633.1
orthogroup_1047	GCF_000069965.1|WP_012368224.1
orthogroup_1047	GCF_000240185.1|YP_005228719.1
orthogroup_1047	GCF_000270125.2|WP_014594505.1
orthogroup_1050	GCF_000005845.2|NP_418161.1
orthogroup_1050	GCF_000006925.2|NP_709495.2
orthogroup_1050	GCF_000006945.1|NP_462742.1
orthogroup_1050	GCF_000009065.1|WP_002220739.1
orthogroup_1050	GCF_000018045.1|WP_012000810.1
orthogroup_1050	GCF_000025565.1|WP_013099419.1
orthogroup_1050	GCF_000069965.1|WP_004246512.1
orthogroup_1050	GCF_000240185.1|YP_005229581.1
orthogroup_1050	GCF_000270125.2|WP_013024000.1
orthogroup_1051	GCF_000005845.2|NP_418056.1
orthogroup_1051	GCF_000006925.2|NP_709373.1
orthogroup_1051	GCF_000006945.1|NP_462585.1
orthogroup_1051	GCF_000009065.1|WP_002209621.1
orthogroup_1051	GCF_000018045.1|WP_012135735.1
orthogroup_1051	GCF_000025565.1|WP_013094933.1
orthogroup_1051	GCF_000240185.1|YP_005229402.1
orthogroup_1051	GCF_000270125.2|WP_014594983.1
orthogroup_1051	GCF_000762985.1|WP_043413401.1
orthogroup_1059	GCF_000005845.2|NP_415583.4
orthogroup_1059	GCF_000006925.2|NP_706986.2
orthogroup_1059	GCF_000006945.1|NP_460137.1
orthogroup_1059	GCF_000009065.1|WP_002211217.1
orthogroup_1059	GCF_000018045.1|WP_012132860.1
orthogroup_1059	GCF_000025565.1|WP_013097148.1
orthogroup_1059	GCF_000069965.1|WP_012367855.1
orthogroup_1059	GCF_000240185.1|YP_005226254.1
orthogroup_1074	GCF_000005845.2|NP_417102.4
orthogroup_1074	GCF_000006925.2|NP_708459.1
orthogroup_1074	GCF_000006945.1|NP_461608.1
orthogroup_1074	GCF_000009065.1|WP_002209455.1
orthogroup_1074	GCF_000018045.1|WP_012134700.1
orthogroup_1074	GCF_000025565.1|WP_014832951.1
orthogroup_1074	GCF_000069965.1|WP_004244774.1
orthogroup_1074	GCF_000240185.1|YP_005228349.1
orthogroup_1074	GCF_000270125.2|WP_013026897.1
orthogroup_1107	GCF_000005845.2|NP_416646.1
orthogroup_1107	GCF_000006925.2|NP_708041.2
orthogroup_1107	GCF_000006945.1|NP_461126.1
orthogroup_1107	GCF_000009065.1|WP_002211971.1
orthogroup_1107	GCF_000018045.1|WP_012131626.1
orthogroup_1107	GCF_000025565.1|WP_013097947.1
orthogroup_1107	GCF_000069965.1|WP_004247588.1
orthogroup_1107	GCF_000240185.1|YP_005227945.1
orthogroup_1107	GCF_000270125.2|WP_014594104.1
orthogroup_1110	GCF_000005845.2|NP_416810.1
orthogroup_1110	GCF_000006925.2|NP_708189.1
orthogroup_1110	GCF_000006945.1|NP_461294.1
orthogroup_1110	GCF_000009065.1|WP_002209737.1
orthogroup_1110	GCF_000018045.1|WP_012131463.1
orthogroup_1110	GCF_000025565.1|WP_008502590.1
orthogroup_1110	GCF_000240185.1|YP_005228065.1
orthogroup_1110	GCF_000270125.2|WP_014594184.1
orthogroup_1124	GCF_000005845.2|NP_415634.1
orthogroup_1124	GCF_000006925.2|NP_707031.2
orthogroup_1124	GCF_000006945.1|NP_460187.2
orthogroup_1124	GCF_000009065.1|WP_002222341.1
orthogroup_1124	GCF_000018045.1|WP_024130430.1
orthogroup_1124	GCF_000025565.1|WP_013097098.1
orthogroup_1124	GCF_000069965.1|WP_012367767.1
orthogroup_1124	GCF_000240185.1|YP_005226297.1
orthogroup_1124	GCF_000270125.2|WP_014593442.1
orthogroup_1141	GCF_000005845.2|NP_415262.1
orthogroup_1141	GCF_000006925.2|NP_706500.1
orthogroup_1141	GCF_000006945.1|NP_459726.1
orthogroup_1141	GCF_000009065.1|WP_002210731.1
orthogroup_1141	GCF_000018045.1|WP_012133250.1
orthogroup_1141	GCF_000025565.1|WP_013097535.1
orthogroup_1141	GCF_000069965.1|WP_004244423.1
orthogroup_1141	GCF_000240185.1|YP_005225875.1
orthogroup_1141	GCF_000270125.2|WP_013025069.1
orthogroup_1141	GCF_000762985.1|WP_043408830.1
orthogroup_1154	GCF_000005845.2|NP_416147.1
orthogroup_1154	GCF_000006925.2|NP_707530.1
orthogroup_1154	GCF_000006945.1|NP_460419.1
orthogroup_1154	GCF_000009065.1|WP_002210599.1
orthogroup_1154	GCF_000018045.1|WP_012132514.1
orthogroup_1154	GCF_000025565.1|WP_044158702.1
orthogroup_1154	GCF_000069965.1|WP_004243022.1
orthogroup_1154	GCF_000240185.1|YP_005227246.1
orthogroup_1154	GCF_000270125.2|WP_013025660.1
orthogroup_1158	GCF_000005845.2|NP_416693.1
orthogroup_1158	GCF_000006925.2|NP_708087.1
orthogroup_1158	GCF_000006945.1|NP_461172.1
orthogroup_1158	GCF_000009065.1|WP_002208837.1
orthogroup_1158	GCF_000018045.1|WP_012131564.1
orthogroup_1158	GCF_000025565.1|WP_013097996.1
orthogroup_1158	GCF_000069965.1|WP_012367752.1
orthogroup_1158	GCF_000240185.1|YP_005227991.1
orthogroup_1158	GCF_000270125.2|WP_014594137.1
orthogroup_1177	GCF_000005845.2|NP_415273.1
orthogroup_1177	GCF_000006925.2|NP_706489.1
orthogroup_1177	GCF_000006945.1|NP_459738.1
orthogroup_1177	GCF_000009065.1|WP_002210743.1
orthogroup_1177	GCF_000018045.1|WP_024130521.1
orthogroup_1177	GCF_000025565.1|WP_013097525.1
orthogroup_1177	GCF_000069965.1|WP_004249537.1
orthogroup_1177	GCF_000240185.1|YP_005225888.1
orthogroup_1177	GCF_000270125.2|WP_014593206.1
orthogroup_1177	GCF_000762985.1|WP_043404557.1
orthogroup_1181	GCF_000005845.2|NP_415434.1
orthogroup_1181	GCF_000006925.2|NP_706832.1
orthogroup_1181	GCF_000006945.1|NP_459959.1
orthogroup_1181	GCF_000009065.1|WP_002211320.1
orthogroup_1181	GCF_000018045.1|WP_012133012.1
orthogroup_1181	GCF_000025565.1|WP_013097303.1
orthogroup_1181	GCF_000069965.1|WP_004244589.1
orthogroup_1181	GCF_000240185.1|YP_005226121.1
orthogroup_1181	GCF_000270125.2|WP_013025243.1
orthogroup_1181	GCF_000762985.1|WP_043414391.1
orthogroup_1208	GCF_000005845.2|NP_417857.1
orthogroup_1208	GCF_000006925.2|NP_709170.1
orthogroup_1208	GCF_000006945.1|NP_462398.1
orthogroup_1208	GCF_000009065.1|WP_002208908.1
orthogroup_1208	GCF_000018045.1|WP_012135507.1
orthogroup_1208	GCF_000025565.1|WP_013099081.1
orthogroup_1208	GCF_000069965.1|WP_004249850.1
orthogroup_1208	GCF_000240185.1|YP_005229220.1
orthogroup_1208	GCF_000270125.2|WP_013027515.1
orthogroup_1225	GCF_000005845.2|NP_415021.2
orthogroup_1225	GCF_000006925.2|NP_706381.2
orthogroup_1225	GCF_000006945.1|NP_459495.1
orthogroup_1225	GCF_000009065.1|WP_002208577.1
orthogroup_1225	GCF_000018045.1|WP_012133478.1
orthogroup_1225	GCF_000025565.1|WP_013095908.1
orthogroup_1225	GCF_000069965.1|WP_004250295.1
orthogroup_1225	GCF_000240185.1|YP_005225514.1
orthogroup_1225	GCF_000270125.2|WP_014593102.1
orthogroup_1243	GCF_000005845.2|NP_417707.1
orthogroup_1243	GCF_000006925.2|NP_709037.1
orthogroup_1243	GCF_000006945.1|NP_462274.1
orthogroup_1243	GCF_000009065.1|WP_002210095.1
orthogroup_1243	GCF_000018045.1|WP_012135374.1
orthogroup_1243	GCF_000025565.1|WP_013098977.1
orthogroup_1243	GCF_000240185.1|YP_005229080.1
orthogroup_1243	GCF_000270125.2|WP_013027423.1
orthogroup_1267	GCF_000005845.2|NP_415167.1
orthogroup_1267	GCF_000006925.2|NP_706576.1
orthogroup_1267	GCF_000006945.1|NP_459631.1
orthogroup_1267	GCF_000009065.1|WP_002210325.1
orthogroup_1267	GCF_000018045.1|WP_012133352.1
orthogroup_1267	GCF_000025565.1|WP_013097590.1
orthogroup_1267	GCF_000069965.1|WP_004246052.1
orthogroup_1267	GCF_000240185.1|YP_005225805.1
orthogroup_1267	GCF_000270125.2|WP_024471157.1
orthogroup_1270	GCF_000005845.2|NP_415307.1
orthogroup_1270	GCF_000006925.2|NP_706664.2
orthogroup_1270	GCF_000006945.1|NP_459785.1
orthogroup_1270	GCF_000009065.1|WP_002210775.1
orthogroup_1270	GCF_000018045.1|WP_024130511.1
orthogroup_1270	GCF_000025565.1|WP_014831151.1
orthogroup_1270	GCF_000069965.1|WP_004244477.1
orthogroup_1270	GCF_000240185.1|YP_005225942.1
orthogroup_1270	GCF_000270125.2|WP_014593230.1
orthogroup_1271	GCF_000005845.2|NP_416780.1
orthogroup_1271	GCF_000006925.2|NP_708159.1
orthogroup_1271	GCF_000006945.1|NP_461259.1
orthogroup_1271	GCF_000009065.1|WP_002210269.1
orthogroup_1271	GCF_000018045.1|WP_012131500.1
orthogroup_1271	GCF_000025565.1|WP_013098102.1
orthogroup_1271	GCF_000069965.1|WP_004243685.1
orthogroup_1271	GCF_000240185.1|YP_005228034.1
orthogroup_1271	GCF_000270125.2|WP_013026504.1
orthogroup_1271	GCF_000762985.1|WP_043406975.1
orthogroup_1294	GCF_000005845.2|NP_416404.1
orthogroup_1294	GCF_000006925.2|NP_707785.1
orthogroup_1294	GCF_000006945.1|NP_460880.1
orthogroup_1294	GCF_000009065.1|WP_002210888.1
orthogroup_1294	GCF_000018045.1|WP_024130247.1
orthogroup_1294	GCF_000025565.1|WP_008500417.1
orthogroup_1294	GCF_000069965.1|WP_004243566.1
orthogroup_1294	GCF_000270125.2|WP_006120238.1
orthogroup_1307	GCF_000005845.2|NP_418025.1
orthogroup_1307	GCF_000006925.2|NP_709354.1
orthogroup_1307	GCF_000009065.1|WP_002209589.1
orthogroup_1307	GCF_000018045.1|WP_012135705.1
orthogroup_1307	GCF_000025565.1|WP_013094961.1
orthogroup_1307	GCF_000240185.1|YP_005229391.1
orthogroup_1307	GCF_000270125.2|WP_014594938.1
orthogroup_1307	GCF_000762985.1|WP_043412913.1
orthogroup_1309	GCF_000005845.2|NP_415012.1
orthogroup_1309	GCF_000006925.2|NP_706372.1
orthogroup_1309	GCF_000006945.1|NP_459488.1
orthogroup_1309	GCF_000009065.1|WP_002208584.1
orthogroup_1309	GCF_000018045.1|WP_012133495.1
orthogroup_1309	GCF_000025565.1|WP_013095903.1
orthogroup_1309	GCF_000240185.1|YP_005225508.1
orthogroup_1309	GCF_000270125.2|WP_014593725.1
orthogroup_1311	GCF_000005845.2|NP_415265.1
orthogroup_1311	GCF_000006925.2|NP_706497.1
orthogroup_1311	GCF_000006945.1|NP_459730.1
orthogroup_1311	GCF_000009065.1|WP_002210735.1
orthogroup_1311	GCF_000018045.1|WP_024130524.1
orthogroup_1311	GCF_000025565.1|WP_013097532.1
orthogroup_1311	GCF_000069965.1|WP_004244434.1
orthogroup_1311	GCF_000240185.1|YP_005225879.1
orthogroup_1311	GCF_000270125.2|WP_013025072.1
orthogroup_1313	GCF_000005845.2|NP_415362.1
orthogroup_1313	GCF_000006925.2|NP_706720.2
orthogroup_1313	GCF_000006945.1|NP_459842.1
orthogroup_1313	GCF_000009065.1|WP_002208768.1
orthogroup_1313	GCF_000018045.1|WP_012133117.1
orthogroup_1313	GCF_000025565.1|WP_013097424.1
orthogroup_1313	GCF_000069965.1|WP_004247606.1
orthogroup_1313	GCF_000240185.1|YP_005226008.1
orthogroup_1313	GCF_000270125.2|WP_013025194.1
orthogroup_1328	GCF_000005845.2|NP_418182.1
orthogroup_1328	GCF_000006925.2|NP_709468.1
orthogroup_1328	GCF_000006945.1|NP_462754.1
orthogroup_1328	GCF_000009065.1|WP_002215560.1
orthogroup_1328	GCF_000018045.1|WP_012000822.1
orthogroup_1328	GCF_000025565.1|WP_013099412.1
orthogroup_1328	GCF_000069965.1|WP_004249075.1
orthogroup_1328	GCF_000240185.1|YP_005229598.1
orthogroup_1328	GCF_000270125.2|WP_013023942.1
orthogroup_1328	GCF_000762985.1|WP_043412522.1
orthogroup_1335	GCF_000005845.2|NP_418583.1
orthogroup_1335	GCF_000006925.2|NP_710027.1
orthogroup_1335	GCF_000006945.1|NP_463211.1
orthogroup_1335	GCF_000009065.1|WP_002209140.1
orthogroup_1335	GCF_000018045.1|WP_024130797.1
orthogroup_1335	GCF_000025565.1|WP_013095277.1
orthogroup_1335	GCF_000069965.1|WP_004249643.1
orthogroup_1335	GCF_000240185.1|YP_005224703.1
orthogroup_1335	GCF_000270125.2|WP_014594727.1
orthogroup_1362	GCF_000005845.2|NP_416647.1
orthogroup_1362	GCF_000006925.2|NP_708042.1
orthogroup_1362	GCF_000006945.1|NP_461127.1
orthogroup_1362	GCF_000009065.1|WP_002211970.1
orthogroup_1362	GCF_000018045.1|WP_012131625.1
orthogroup_1362	GCF_000025565.1|WP_013097948.1
orthogroup_1362	GCF_000069965.1|WP_004247587.1
orthogroup_1362	GCF_000240185.1|YP_005227946.1
orthogroup_1362	GCF_000270125.2|WP_014594105.1
orthogroup_1363	GCF_000005845.2|NP_416679.4
orthogroup_1363	GCF_000006925.2|NP_708073.2
orthogroup_1363	GCF_000006945.1|NP_461157.1
orthogroup_1363	GCF_000009065.1|WP_002208820.1
orthogroup_1363	GCF_000018045.1|WP_012131584.1
orthogroup_1363	GCF_000025565.1|WP_029883087.1
orthogroup_1363	GCF_000069965.1|WP_004247051.1
orthogroup_1363	GCF_000240185.1|YP_005227973.1
orthogroup_1363	GCF_000270125.2|WP_014594127.1
orthogroup_1365	GCF_000005845.2|NP_416779.2
orthogroup_1365	GCF_000006925.2|NP_708158.4
orthogroup_1365	GCF_000006945.1|NP_461258.2
orthogroup_1365	GCF_000009065.1|WP_002210268.1
orthogroup_1365	GCF_000018045.1|WP_012131501.1
orthogroup_1365	GCF_000025565.1|WP_013098101.1
orthogroup_1365	GCF_000069965.1|WP_012368100.1
orthogroup_1365	GCF_000240185.1|YP_005228033.1
orthogroup_1365	GCF_000270125.2|WP_013026503.1
orthogroup_1365	GCF_000762985.1|WP_043406972.1
orthogroup_1379	GCF_000005845.2|NP_417759.1
orthogroup_1379	GCF_000006925.2|NP_709088.1
orthogroup_1379	GCF_000006945.1|NP_462324.1
orthogroup_1379	GCF_000009065.1|WP_002213344.1
orthogroup_1379	GCF_000018045.1|WP_001118864.1
orthogroup_1379	GCF_000025565.1|WP_003863305.1
orthogroup_1379	GCF_000069965.1|WP_004246943.1
orthogroup_1379	GCF_000240185.1|YP_005229148.1
orthogroup_1379	GCF_000270125.2|WP_013027461.1
orthogroup_1379	GCF_000762985.1|WP_043405830.1
orthogroup_1380	GCF_000005845.2|NP_417823.1
orthogroup_1380	GCF_000006925.2|NP_709139.1
orthogroup_1380	GCF_000006945.1|NP_462376.1
orthogroup_1380	GCF_000009065.1|WP_002215690.1
orthogroup_1380	GCF_000018045.1|WP_012135472.1
orthogroup_1380	GCF_000025565.1|WP_013099062.1
orthogroup_1380	GCF_000240185.1|YP_005229201.1
orthogroup_1380	GCF_000270125.2|WP_013027499.1
orthogroup_1384	GCF_000005845.2|NP_418183.1
orthogroup_1384	GCF_000006925.2|NP_709467.3
orthogroup_1384	GCF_000006945.1|NP_462755.1
orthogroup_1384	GCF_000009065.1|WP_002215558.1
orthogroup_1384	GCF_000018045.1|WP_012000823.1
orthogroup_1384	GCF_000025565.1|WP_013099411.1
orthogroup_1384	GCF_000069965.1|WP_004246789.1
orthogroup_1384	GCF_000240185.1|YP_005229599.1
orthogroup_1384	GCF_000270125.2|WP_013023941.1
orthogroup_1384	GCF_000762985.1|WP_043412525.1
orthogroup_1400	GCF_000005845.2|NP_415024.4
orthogroup_1400	GCF_000006925.2|NP_706384.1
orthogroup_1400	GCF_000006945.1|NP_459498.1
orthogroup_1400	GCF_000018045.1|WP_012133475.1
orthogroup_1400	GCF_000025565.1|WP_013095910.1
orthogroup_1400	GCF_000069965.1|WP_004242789.1
orthogroup_1400	GCF_000240185.1|YP_005225517.1
orthogroup_1400	GCF_000270125.2|WP_024471601.1
orthogroup_1406	GCF_000005845.2|NP_415406.1
orthogroup_1406	GCF_000006925.2|NP_706771.1
orthogroup_1406	GCF_000006945.1|NP_459932.1
orthogroup_1406	GCF_000009065.1|WP_002211344.1
orthogroup_1406	GCF_000018045.1|WP_012133040.1
orthogroup_1406	GCF_000025565.1|WP_013097323.1
orthogroup_1406	GCF_000069965.1|WP_012367703.1
orthogroup_1406	GCF_000240185.1|YP_005226096.1
orthogroup_1406	GCF_000270125.2|WP_014593309.1
orthogroup_1408	GCF_000005845.2|NP_415470.1
orthogroup_1408	GCF_000006925.2|NP_706873.1
orthogroup_1408	GCF_000006945.1|NP_460037.1
orthogroup_1408	GCF_000009065.1|WP_002211291.1
orthogroup_1408	GCF_000018045.1|WP_024130471.1
orthogroup_1408	GCF_000025565.1|WP_028027912.1
orthogroup_1408	GCF_000069965.1|WP_012367738.1
orthogroup_1408	GCF_000240185.1|YP_005226159.1
orthogroup_1408	GCF_000270125.2|WP_014593348.1
orthogroup_1410	GCF_000005845.2|NP_415636.1
orthogroup_1410	GCF_000006925.2|NP_707033.1
orthogroup_1410	GCF_000006945.1|NP_460189.1
orthogroup_1410	GCF_000009065.1|WP_002210922.1
orthogroup_1410	GCF_000018045.1|WP_024130429.1
orthogroup_1410	GCF_000025565.1|WP_013097096.1
orthogroup_1410	GCF_000069965.1|WP_004247833.1
orthogroup_1410	GCF_000240185.1|YP_005226299.1
orthogroup_1410	GCF_000270125.2|WP_014593444.1
orthogroup_1412	GCF_000005845.2|NP_415808.1
orthogroup_1412	GCF_000006925.2|NP_707201.1
orthogroup_1412	GCF_000006945.1|NP_460652.1
orthogroup_1412	GCF_000009065.1|WP_002210971.1
orthogroup_1412	GCF_000018045.1|WP_012132258.1
orthogroup_1412	GCF_000025565.1|WP_013096395.1
orthogroup_1412	GCF_000069965.1|WP_004243108.1
orthogroup_1412	GCF_000240185.1|YP_005226499.1
orthogroup_1412	GCF_000270125.2|WP_013025909.1
orthogroup_1435	GCF_000005845.2|NP_418350.1
orthogroup_1435	GCF_000006925.2|NP_709720.2
orthogroup_1435	GCF_000006945.1|NP_462942.1
orthogroup_1435	GCF_000009065.1|WP_002208967.1
orthogroup_1435	GCF_000018045.1|WP_012133884.1
orthogroup_1435	GCF_000025565.1|WP_013099328.1
orthogroup_1435	GCF_000240185.1|YP_005224374.1
orthogroup_1435	GCF_000270125.2|WP_014604761.1
orthogroup_1439	GCF_000005845.2|NP_418111.1
orthogroup_1439	GCF_000006925.2|NP_709434.2
orthogroup_1439	GCF_000006945.1|NP_462647.1
orthogroup_1439	GCF_000009065.1|WP_002209006.1
orthogroup_1439	GCF_000018045.1|WP_024131065.1
orthogroup_1439	GCF_000025565.1|WP_013094877.1
orthogroup_1439	GCF_000069965.1|WP_012368529.1
orthogroup_1439	GCF_000240185.1|YP_005229480.1
orthogroup_1439	GCF_000270125.2|WP_014332996.1
orthogroup_1443	GCF_000005845.2|NP_416632.1
orthogroup_1443	GCF_000006925.2|NP_708029.1
orthogroup_1443	GCF_000006945.1|NP_461107.1
orthogroup_1443	GCF_000009065.1|WP_002353933.1
orthogroup_1443	GCF_000018045.1|WP_012131644.1
orthogroup_1443	GCF_000025565.1|WP_013097933.1
orthogroup_1443	GCF_000240185.1|YP_005227928.1
orthogroup_1443	GCF_000270125.2|WP_014593250.1
orthogroup_1443	GCF_000762985.1|WP_043409902.1
orthogroup_1444	GCF_000005845.2|NP_416117.1
orthogroup_1444	GCF_000006925.2|NP_707497.1
orthogroup_1444	GCF_000006945.1|NP_460442.1
orthogroup_1444	GCF_000009065.1|WP_002211188.1
orthogroup_1444	GCF_000018045.1|WP_012132479.1
orthogroup_1444	GCF_000025565.1|WP_029882799.1
orthogroup_1444	GCF_000069965.1|WP_012367881.1
orthogroup_1444	GCF_000240185.1|YP_005226774.1
orthogroup_1444	GCF_000270125.2|WP_014593863.1
orthogroup_1445	GCF_000005845.2|YP_026220.1
orthogroup_1445	GCF_000006925.2|NP_709199.2
orthogroup_1445	GCF_000006945.1|NP_462426.1
orthogroup_1445	GCF_000009065.1|WP_002216348.1
orthogroup_1445	GCF_000018045.1|WP_012135528.1
orthogroup_1445	GCF_000025565.1|WP_013099104.1
orthogroup_1445	GCF_000069965.1|WP_004246754.1
orthogroup_1445	GCF_000240185.1|YP_005229242.1
orthogroup_1445	GCF_000270125.2|WP_013027532.1
orthogroup_1453	GCF_000005845.2|NP_414998.1
orthogroup_1453	GCF_000006925.2|NP_706358.1
orthogroup_1453	GCF_000006945.1|NP_459473.1
orthogroup_1453	GCF_000009065.1|WP_002208612.1
orthogroup_1453	GCF_000018045.1|WP_012133510.1
orthogroup_1453	GCF_000025565.1|WP_013095893.1
orthogroup_1453	GCF_000069965.1|WP_012367484.1
orthogroup_1453	GCF_000240185.1|YP_005225491.1
orthogroup_1457	GCF_000005845.2|NP_414631.1
orthogroup_1457	GCF_000006925.2|NP_706044.2
orthogroup_1457	GCF_000006945.1|NP_459132.1
orthogroup_1457	GCF_000009065.1|WP_002210435.1
orthogroup_1457	GCF_000018045.1|WP_024130710.1
orthogroup_1457	GCF_000025565.1|WP_013095573.1
orthogroup_1457	GCF_000069965.1|WP_004244117.1
orthogroup_1457	GCF_000240185.1|YP_005225109.1
orthogroup_1457	GCF_000270125.2|WP_013024612.1
orthogroup_1457	GCF_000762985.1|WP_052429123.1
orthogroup_1462	GCF_000005845.2|NP_417663.1
orthogroup_1462	GCF_000006925.2|NP_708995.1
orthogroup_1462	GCF_000006945.1|NP_462224.1
orthogroup_1462	GCF_000009065.1|WP_002210120.1
orthogroup_1462	GCF_000018045.1|WP_012135329.1
orthogroup_1462	GCF_000025565.1|WP_013098936.1
orthogroup_1462	GCF_000069965.1|WP_012368835.1
orthogroup_1462	GCF_000240185.1|YP_005229045.1
orthogroup_1462	GCF_000270125.2|WP_013024329.1
orthogroup_1477	GCF_000005845.2|NP_418575.1
orthogroup_1477	GCF_000006925.2|NP_710020.2
orthogroup_1477	GCF_000006945.1|NP_463204.1
orthogroup_1477	GCF_000009065.1|WP_002209134.1
orthogroup_1477	GCF_000018045.1|WP_012134455.1
orthogroup_1477	GCF_000025565.1|WP_013095272.1
orthogroup_1477	GCF_000069965.1|WP_004245412.1
orthogroup_1477	GCF_000240185.1|YP_005224697.1
orthogroup_1481	GCF_000005845.2|NP_416782.1
orthogroup_1481	GCF_000006925.2|NP_708161.1
orthogroup_1481	GCF_000006945.1|NP_461261.1
orthogroup_1481	GCF_000009065.1|WP_002210271.1
orthogroup_1481	GCF_000018045.1|WP_000612644.1
orthogroup_1481	GCF_000025565.1|WP_003861496.1
orthogroup_1481	GCF_000069965.1|WP_004243687.1
orthogroup_1481	GCF_000240185.1|YP_005228036.1
orthogroup_1481	GCF_000270125.2|WP_013026506.1
orthogroup_1515	GCF_000005845.2|NP_415379.1
orthogroup_1515	GCF_000006925.2|NP_706738.2
orthogroup_1515	GCF_000006945.1|NP_459858.1
orthogroup_1515	GCF_000009065.1|WP_002208757.1
orthogroup_1515	GCF_000018045.1|WP_012133098.1
orthogroup_1515	GCF_000025565.1|WP_013097368.1
orthogroup_1515	GCF_000240185.1|YP_005226066.1
orthogroup_1515	GCF_000270125.2|WP_014593297.1
orthogroup_1519	GCF_000005845.2|YP_026262.1
orthogroup_1519	GCF_000006925.2|NP_709625.1
orthogroup_1519	GCF_000006945.1|NP_462840.1
orthogroup_1519	GCF_000009065.1|WP_002211481.1
orthogroup_1519	GCF_000018045.1|WP_012131161.1
orthogroup_1519	GCF_000025565.1|WP_013099254.1
orthogroup_1519	GCF_000069965.1|WP_004249653.1
orthogroup_1519	GCF_000240185.1|YP_005224460.1
orthogroup_1519	GCF_000270125.2|WP_014595016.1
orthogroup_1519	GCF_000762985.1|WP_043408708.1
orthogroup_1524	GCF_000005845.2|NP_415249.1
orthogroup_1524	GCF_000006925.2|NP_706513.3
orthogroup_1524	GCF_000006945.1|NP_459717.1
orthogroup_1524	GCF_000009065.1|WP_002210722.1
orthogroup_1524	GCF_000018045.1|WP_012133279.1
orthogroup_1524	GCF_000025565.1|WP_044159455.1
orthogroup_1524	GCF_000069965.1|WP_123059542.1
orthogroup_1524	GCF_000240185.1|YP_005225864.1
orthogroup_1524	GCF_000270125.2|WP_013025059.1
orthogroup_1538	GCF_000005845.2|NP_416143.2
orthogroup_1538	GCF_000006925.2|NP_707526.2
orthogroup_1538	GCF_000006945.1|NP_460423.1
orthogroup_1538	GCF_000009065.1|WP_002210594.1
orthogroup_1538	GCF_000018045.1|WP_012132511.1
orthogroup_1538	GCF_000025565.1|WP_013096897.1
orthogroup_1538	GCF_000069965.1|WP_012367953.1
orthogroup_1538	GCF_000240185.1|YP_005227241.1
orthogroup_1538	GCF_000270125.2|WP_013025664.1
orthogroup_1554	GCF_000005845.2|NP_416481.1
orthogroup_1554	GCF_000006925.2|NP_707856.1
orthogroup_1554	GCF_000006945.1|NP_462288.1
orthogroup_1554	GCF_000009065.1|WP_002210072.1
orthogroup_1554	GCF_000018045.1|WP_012135388.1
orthogroup_1554	GCF_000025565.1|WP_013098990.1
orthogroup_1554	GCF_000240185.1|YP_005229094.1
orthogroup_1554	GCF_000270125.2|WP_041930926.1
orthogroup_1557	GCF_000005845.2|NP_417082.1
orthogroup_1557	GCF_000006925.2|NP_708438.2
orthogroup_1557	GCF_000006945.1|NP_461589.1
orthogroup_1557	GCF_000018045.1|WP_024130104.1
orthogroup_1557	GCF_000025565.1|WP_013098335.1
orthogroup_1557	GCF_000240185.1|YP_005228282.1
orthogroup_1557	GCF_000270125.2|WP_026021051.1
orthogroup_1557	GCF_000762985.1|WP_043405316.1
orthogroup_1575	GCF_000005845.2|NP_415285.1
orthogroup_1575	GCF_000006925.2|NP_706477.1
orthogroup_1575	GCF_000006945.1|NP_459761.1
orthogroup_1575	GCF_000009065.1|WP_002210757.1
orthogroup_1575	GCF_000018045.1|WP_012133220.1
orthogroup_1575	GCF_000025565.1|WP_013097514.1
orthogroup_1575	GCF_000069965.1|WP_004244453.1
orthogroup_1575	GCF_000240185.1|YP_005225902.1
orthogroup_1575	GCF_000270125.2|WP_014593215.1
orthogroup_1575	GCF_000762985.1|WP_043408202.1
orthogroup_1577	GCF_000005845.2|NP_415382.1
orthogroup_1577	GCF_000006925.2|NP_706741.1
orthogroup_1577	GCF_000006945.1|NP_459864.1
orthogroup_1577	GCF_000009065.1|WP_002211370.1
orthogroup_1577	GCF_000018045.1|WP_012133092.1
orthogroup_1577	GCF_000025565.1|WP_013097363.1
orthogroup_1577	GCF_000069965.1|WP_012367697.1
orthogroup_1577	GCF_000240185.1|YP_005226071.1
orthogroup_1577	GCF_000270125.2|WP_013025209.1
orthogroup_1592	GCF_000005845.2|NP_416394.1
orthogroup_1592	GCF_000006925.2|NP_707770.1
orthogroup_1592	GCF_000006945.1|NP_460871.1
orthogroup_1592	GCF_000009065.1|WP_002211099.1
orthogroup_1592	GCF_000018045.1|WP_012131975.1
orthogroup_1592	GCF_000025565.1|WP_013096066.1
orthogroup_1592	GCF_000069965.1|WP_004243547.1
orthogroup_1592	GCF_000270125.2|WP_014605661.1
orthogroup_1596	GCF_000005845.2|NP_416149.1
orthogroup_1596	GCF_000006925.2|NP_707532.1
orthogroup_1596	GCF_000006945.1|NP_460417.1
orthogroup_1596	GCF_000009065.1|WP_002210601.1
orthogroup_1596	GCF_000018045.1|WP_012132516.1
orthogroup_1596	GCF_000025565.1|WP_013096903.1
orthogroup_1596	GCF_000069965.1|WP_004243024.1
orthogroup_1596	GCF_000240185.1|YP_005227248.1
orthogroup_1596	GCF_000270125.2|WP_014605923.1
orthogroup_1619	GCF_000005845.2|NP_417715.1
orthogroup_1619	GCF_000006925.2|NP_709044.1
orthogroup_1619	GCF_000006945.1|NP_462282.1
orthogroup_1619	GCF_000009065.1|WP_002210077.1
orthogroup_1619	GCF_000018045.1|WP_012135383.1
orthogroup_1619	GCF_000025565.1|WP_013098985.1
orthogroup_1619	GCF_000069965.1|WP_026164602.1
orthogroup_1619	GCF_000240185.1|YP_005229088.1
orthogroup_1619	GCF_000270125.2|WP_006120976.1
orthogroup_1627	GCF_000005845.2|NP_414609.1
orthogroup_1627	GCF_000006925.2|NP_706020.1
orthogroup_1627	GCF_000006945.1|NP_459112.1
orthogroup_1627	GCF_000009065.1|WP_002214276.1
orthogroup_1627	GCF_000018045.1|WP_012134101.1
orthogroup_1627	GCF_000025565.1|WP_013095554.1
orthogroup_1627	GCF_000069965.1|WP_004245526.1
orthogroup_1627	GCF_000240185.1|YP_005225080.1
orthogroup_1627	GCF_000270125.2|WP_014592897.1
orthogroup_1636	GCF_000005845.2|NP_415407.1
orthogroup_1636	GCF_000006925.2|NP_706772.1
orthogroup_1636	GCF_000006945.1|NP_459933.1
orthogroup_1636	GCF_000009065.1|WP_002217690.1
orthogroup_1636	GCF_000018045.1|WP_012133039.1
orthogroup_1636	GCF_000025565.1|WP_013097322.1
orthogroup_1636	GCF_000069965.1|WP_012367704.1
orthogroup_1636	GCF_000240185.1|YP_005226097.1
orthogroup_1636	GCF_000270125.2|WP_014593310.1
orthogroup_1636	GCF_000762985.1|WP_043408828.1
orthogroup_1640	GCF_000005845.2|NP_415709.2
orthogroup_1640	GCF_000006925.2|NP_707089.4
orthogroup_1640	GCF_000006945.1|NP_460757.1
orthogroup_1640	GCF_000018045.1|WP_024130274.1
orthogroup_1640	GCF_000025565.1|WP_013096157.1
orthogroup_1640	GCF_000240185.1|YP_005227618.1
orthogroup_1640	GCF_000270125.2|WP_019105126.1
orthogroup_1640	GCF_000762985.1|WP_043404766.1
orthogroup_1642	GCF_000005845.2|NP_415809.1
orthogroup_1642	GCF_000006925.2|NP_707202.1
orthogroup_1642	GCF_000006945.1|NP_460651.1
orthogroup_1642	GCF_000009065.1|WP_002210972.1
orthogroup_1642	GCF_000018045.1|WP_012132259.1
orthogroup_1642	GCF_000025565.1|WP_013096396.1
orthogroup_1642	GCF_000069965.1|WP_004251015.1
orthogroup_1642	GCF_000240185.1|YP_005226500.1
orthogroup_1642	GCF_000270125.2|WP_014605757.1
orthogroup_1644	GCF_000005845.2|NP_415990.5
orthogroup_1644	GCF_000006925.2|NP_707617.1
orthogroup_1644	GCF_000006945.1|NP_460530.2
orthogroup_1644	GCF_000009065.1|WP_002209335.1
orthogroup_1644	GCF_000018045.1|WP_012132385.1
orthogroup_1644	GCF_000025565.1|WP_044158438.1
orthogroup_1644	GCF_000069965.1|WP_004245877.1
orthogroup_1644	GCF_000240185.1|YP_005227138.1
orthogroup_1644	GCF_000270125.2|WP_014593585.1
orthogroup_1645	GCF_000005845.2|NP_416099.1
orthogroup_1645	GCF_000006925.2|NP_707471.2
orthogroup_1645	GCF_000006945.1|NP_460464.1
orthogroup_1645	GCF_000018045.1|WP_024130346.1
orthogroup_1645	GCF_000025565.1|WP_013096792.1
orthogroup_1645	GCF_000240185.1|YP_005226797.1
orthogroup_1645	GCF_000270125.2|WP_028715174.1
orthogroup_1645	GCF_000762985.1|WP_043409859.1
orthogroup_1651	GCF_000005845.2|NP_416781.1
orthogroup_1651	GCF_000006925.2|NP_708160.1
orthogroup_1651	GCF_000006945.1|NP_461260.1
orthogroup_1651	GCF_000009065.1|WP_002210270.1
orthogroup_1651	GCF_000018045.1|WP_012131499.1
orthogroup_1651	GCF_000025565.1|WP_014832758.1
orthogroup_1651	GCF_000069965.1|WP_012368101.1
orthogroup_1651	GCF_000240185.1|YP_005228035.1
orthogroup_1651	GCF_000270125.2|WP_013026505.1
orthogroup_1651	GCF_000762985.1|WP_043406977.1
orthogroup_1663	GCF_000005845.2|NP_417724.4
orthogroup_1663	GCF_000006925.2|NP_709053.2
orthogroup_1663	GCF_000006945.1|NP_462292.1
orthogroup_1663	GCF_000009065.1|WP_002210065.1
orthogroup_1663	GCF_000018045.1|WP_024130996.1
orthogroup_1663	GCF_000025565.1|WP_013098994.1
orthogroup_1663	GCF_000069965.1|WP_004245338.1
orthogroup_1663	GCF_000240185.1|YP_005229099.1
orthogroup_1663	GCF_000270125.2|WP_019104914.1
orthogroup_1685	GCF_000005845.2|NP_414962.1
orthogroup_1685	GCF_000006925.2|NP_706320.2
orthogroup_1685	GCF_000006945.1|NP_459435.1
orthogroup_1685	GCF_000009065.1|WP_002208653.1
orthogroup_1685	GCF_000018045.1|WP_012133554.1
orthogroup_1685	GCF_000025565.1|WP_013095848.1
orthogroup_1685	GCF_000069965.1|WP_004247221.1
orthogroup_1685	GCF_000240185.1|YP_005225430.1
orthogroup_1685	GCF_000270125.2|WP_013024877.1
orthogroup_1685	GCF_000762985.1|WP_052428821.1
orthogroup_1687	GCF_000005845.2|NP_416653.1
orthogroup_1687	GCF_000006925.2|NP_708047.1
orthogroup_1687	GCF_000006945.1|NP_461133.1
orthogroup_1687	GCF_000009065.1|WP_002211965.1
orthogroup_1687	GCF_000018045.1|WP_012131621.1
orthogroup_1687	GCF_000025565.1|WP_013097952.1
orthogroup_1687	GCF_000240185.1|YP_005227949.1
orthogroup_1687	GCF_000270125.2|WP_013026418.1
orthogroup_1689	GCF_000005845.2|NP_416785.1
orthogroup_1689	GCF_000006925.2|NP_708164.1
orthogroup_1689	GCF_000006945.1|NP_461264.1
orthogroup_1689	GCF_000009065.1|WP_002210274.1
orthogroup_1689	GCF_000018045.1|WP_012131496.1
orthogroup_1689	GCF_000025565.1|WP_013098104.1
orthogroup_1689	GCF_000069965.1|WP_004243690.1
orthogroup_1689	GCF_000240185.1|YP_005228039.1
orthogroup_1689	GCF_000270125.2|WP_013026509.1
orthogroup_1689	GCF_000762985.1|WP_043406985.1
orthogroup_1696	GCF_000005845.2|NP_416203.1
orthogroup_1696	GCF_000006925.2|NP_707587.1
orthogroup_1696	GCF_000006945.1|NP_460329.1
orthogroup_1696	GCF_000009065.1|WP_002211812.1
orthogroup_1696	GCF_000018045.1|WP_012132592.1
orthogroup_1696	GCF_000025565.1|WP_013096976.1
orthogroup_1696	GCF_000069965.1|WP_004243171.1
orthogroup_1696	GCF_000240185.1|YP_005227451.1
orthogroup_1696	GCF_000270125.2|WP_014605961.1
orthogroup_1701	GCF_000005845.2|NP_417572.2
orthogroup_1701	GCF_000006925.2|NP_708908.1
orthogroup_1701	GCF_000006945.1|NP_462146.1
orthogroup_1701	GCF_000009065.1|WP_002210421.1
orthogroup_1701	GCF_000018045.1|WP_012135240.1
orthogroup_1701	GCF_000025565.1|WP_013098869.1
orthogroup_1701	GCF_000069965.1|WP_012368850.1
orthogroup_1701	GCF_000240185.1|YP_005228962.1
orthogroup_1701	GCF_000270125.2|WP_024471122.1
orthogroup_1723	GCF_000005845.2|NP_416820.1
orthogroup_1723	GCF_000006925.2|NP_708199.1
orthogroup_1723	GCF_000006945.1|NP_461309.1
orthogroup_1723	GCF_000009065.1|WP_002209728.1
orthogroup_1723	GCF_000018045.1|WP_012131452.1
orthogroup_1723	GCF_000025565.1|WP_013098139.1
orthogroup_1723	GCF_000069965.1|WP_004243735.1
orthogroup_1723	GCF_000240185.1|YP_005228076.1
orthogroup_1723	GCF_000270125.2|WP_013026547.1
orthogroup_1723	GCF_000762985.1|WP_052429048.1
orthogroup_1733	GCF_000005845.2|NP_416580.1
orthogroup_1733	GCF_000006925.2|NP_707968.1
orthogroup_1733	GCF_000006945.1|NP_461073.1
orthogroup_1733	GCF_000009065.1|WP_002209794.1
orthogroup_1733	GCF_000018045.1|WP_012131682.1
orthogroup_1733	GCF_000025565.1|WP_013097901.1
orthogroup_1733	GCF_000069965.1|WP_004243447.1
orthogroup_1733	GCF_000240185.1|YP_005227888.1
orthogroup_1733	GCF_000270125.2|WP_028715330.1
orthogroup_1742	GCF_000005845.2|NP_414718.1
orthogroup_1742	GCF_000006925.2|NP_706121.2
orthogroup_1742	GCF_000006945.1|NP_459228.1
orthogroup_1742	GCF_000009065.1|WP_002212138.1
orthogroup_1742	GCF_000018045.1|WP_012133981.1
orthogroup_1742	GCF_000025565.1|WP_013095658.1
orthogroup_1742	GCF_000069965.1|WP_012368301.1
orthogroup_1742	GCF_000240185.1|YP_005225223.1
orthogroup_1742	GCF_000270125.2|WP_014592964.1
orthogroup_1769	GCF_000005845.2|NP_418239.1
orthogroup_1769	GCF_000006925.2|NP_709596.1
orthogroup_1769	GCF_000006945.1|NP_462816.1
orthogroup_1769	GCF_000009065.1|WP_002211980.1
orthogroup_1769	GCF_000018045.1|WP_012131142.1
orthogroup_1769	GCF_000025565.1|WP_013099272.1
orthogroup_1769	GCF_000069965.1|WP_012368703.1
orthogroup_1769	GCF_000240185.1|YP_005224439.1
orthogroup_1769	GCF_000270125.2|WP_013024060.1
orthogroup_1773	GCF_000005845.2|NP_414551.1
orthogroup_1773	GCF_000006925.2|NP_705970.1
orthogroup_1773	GCF_000006945.1|NP_459014.1
orthogroup_1773	GCF_000009065.1|WP_002209246.1
orthogroup_1773	GCF_000018045.1|WP_012134160.1
orthogroup_1773	GCF_000025565.1|WP_013095518.1
orthogroup_1773	GCF_000240185.1|YP_005225021.1
orthogroup_1773	GCF_000270125.2|WP_014592880.1
orthogroup_1779	GCF_000005845.2|NP_415225.1
orthogroup_1779	GCF_000006945.1|NP_459690.1
orthogroup_1779	GCF_000009065.1|WP_002209651.1
orthogroup_1779	GCF_000018045.1|WP_024130536.1
orthogroup_1779	GCF_000025565.1|WP_044158784.1
orthogroup_1779	GCF_000240185.1|YP_005225849.1
orthogroup_1779	GCF_000270125.2|WP_013027626.1
orthogroup_1779	GCF_000762985.1|WP_043404698.1
orthogroup_1783	GCF_000005845.2|NP_416335.4
orthogroup_1783	GCF_000006945.1|NP_460790.1
orthogroup_1783	GCF_000009065.1|WP_002211065.1
orthogroup_1783	GCF_000018045.1|WP_012132050.1
orthogroup_1783	GCF_000025565.1|WP_013096130.1
orthogroup_1783	GCF_000069965.1|WP_004248311.1
orthogroup_1783	GCF_000240185.1|YP_005227651.1
orthogroup_1783	GCF_000270125.2|WP_024472222.1
orthogroup_1784	GCF_000005845.2|NP_416579.1
orthogroup_1784	GCF_000006945.1|NP_461072.1
orthogroup_1784	GCF_000009065.1|WP_002209793.1
orthogroup_1784	GCF_000018045.1|WP_012131683.1
orthogroup_1784	GCF_000025565.1|WP_013097900.1
orthogroup_1784	GCF_000069965.1|WP_004243446.1
orthogroup_1784	GCF_000240185.1|YP_005227887.1
orthogroup_1784	GCF_000270125.2|WP_014594089.1
orthogroup_1788	GCF_000005845.2|NP_416373.1
orthogroup_1788	GCF_000006945.1|NP_460850.1
orthogroup_1788	GCF_000009065.1|WP_002211197.1
orthogroup_1788	GCF_000018045.1|WP_012132001.1
orthogroup_1788	GCF_000025565.1|WP_013096087.1
orthogroup_1788	GCF_000069965.1|WP_004247983.1
orthogroup_1788	GCF_000240185.1|YP_005227695.1
orthogroup_1788	GCF_000270125.2|WP_014593886.1
orthogroup_1798	GCF_000005845.2|NP_418572.4
orthogroup_1798	GCF_000006945.1|NP_463202.1
orthogroup_1798	GCF_000009065.1|WP_002228124.1
orthogroup_1798	GCF_000018045.1|WP_012134457.1
orthogroup_1798	GCF_000025565.1|WP_013095268.1
orthogroup_1798	GCF_000069965.1|WP_004245413.1
orthogroup_1798	GCF_000240185.1|YP_005224695.1
orthogroup_1798	GCF_000762985.1|WP_043411724.1
orthogroup_1799	GCF_000005845.2|NP_418752.1
orthogroup_1799	GCF_000006945.1|NP_463374.1
orthogroup_1799	GCF_000009065.1|WP_002211959.1
orthogroup_1799	GCF_000018045.1|WP_012134242.1
orthogroup_1799	GCF_000025565.1|WP_013097958.1
orthogroup_1799	GCF_000069965.1|WP_004244503.1
orthogroup_1799	GCF_000240185.1|YP_005226881.1
orthogroup_1799	GCF_000270125.2|WP_014594112.1
orthogroup_1799	GCF_000762985.1|WP_043412630.1
orthogroup_1804	GCF_000005845.2|NP_416354.1
orthogroup_1804	GCF_000006945.1|NP_460831.1
orthogroup_1804	GCF_000009065.1|WP_002211094.1
orthogroup_1804	GCF_000018045.1|WP_080516649.1
orthogroup_1804	GCF_000025565.1|WP_013096104.1
orthogroup_1804	GCF_000069965.1|WP_004242564.1
orthogroup_1804	GCF_000240185.1|YP_005227674.1
orthogroup_1804	GCF_000270125.2|WP_019105102.1
orthogroup_1808	GCF_000005845.2|NP_415223.1
orthogroup_1808	GCF_000006945.1|NP_459688.1
orthogroup_1808	GCF_000009065.1|WP_002209649.1
orthogroup_1808	GCF_000018045.1|WP_012133307.1
orthogroup_1808	GCF_000025565.1|WP_013097556.1
orthogroup_1808	GCF_000069965.1|WP_004242883.1
orthogroup_1808	GCF_000240185.1|YP_005225847.1
orthogroup_1808	GCF_000762985.1|WP_043404702.1
orthogroup_1811	GCF_000005845.2|NP_415433.4
orthogroup_1811	GCF_000006945.1|NP_459958.1
orthogroup_1811	GCF_000009065.1|WP_002211321.1
orthogroup_1811	GCF_000018045.1|WP_012133013.1
orthogroup_1811	GCF_000025565.1|WP_044158715.1
orthogroup_1811	GCF_000069965.1|WP_012367712.1
orthogroup_1811	GCF_000240185.1|YP_005226120.1
orthogroup_1811	GCF_000270125.2|WP_014593324.1
orthogroup_1819	GCF_000005845.2|NP_415535.1
orthogroup_1819	GCF_000006945.1|NP_460097.1
orthogroup_1819	GCF_000009065.1|WP_002211164.1
orthogroup_1819	GCF_000018045.1|WP_024130454.1
orthogroup_1819	GCF_000025565.1|WP_044158644.1
orthogroup_1819	GCF_000069965.1|WP_004243490.1
orthogroup_1819	GCF_000240185.1|YP_005226219.1
orthogroup_1819	GCF_000270125.2|WP_014593920.1
orthogroup_1826	GCF_000005845.2|NP_414961.4
orthogroup_1826	GCF_000006945.1|NP_459431.2
orthogroup_1826	GCF_000009065.1|WP_002216717.1
orthogroup_1826	GCF_000018045.1|WP_012133555.1
orthogroup_1826	GCF_000025565.1|WP_013095847.1
orthogroup_1826	GCF_000069965.1|WP_012367477.1
orthogroup_1826	GCF_000240185.1|YP_005225420.1
orthogroup_1826	GCF_000270125.2|WP_014593074.1
orthogroup_1830	GCF_000005845.2|NP_414965.1
orthogroup_1830	GCF_000006945.1|NP_459438.1
orthogroup_1830	GCF_000009065.1|WP_002208650.1
orthogroup_1830	GCF_000018045.1|WP_012133551.1
orthogroup_1830	GCF_000025565.1|WP_013095850.1
orthogroup_1830	GCF_000069965.1|WP_012367478.1
orthogroup_1830	GCF_000240185.1|YP_005225433.1
orthogroup_1830	GCF_000270125.2|WP_013024880.1
orthogroup_1830	GCF_000762985.1|WP_011893698.1
orthogroup_1831	GCF_000005845.2|NP_415029.1
orthogroup_1831	GCF_000006945.1|NP_459503.1
orthogroup_1831	GCF_000009065.1|WP_002208571.1
orthogroup_1831	GCF_000018045.1|WP_012133470.1
orthogroup_1831	GCF_000025565.1|WP_013095915.1
orthogroup_1831	GCF_000069965.1|WP_012368270.1
orthogroup_1831	GCF_000240185.1|YP_005225522.1
orthogroup_1831	GCF_000270125.2|WP_014593105.1
