orthogroup	genome	protein_id	start_codon	end_codon	length_codons	mean_relative_weight
orthogroup_100	GCF_000009065.1	WP_002220711.1	387	389	3	0.392627
orthogroup_100	GCF_000018045.1	WP_012134155.1	203	205	3	0.141951
orthogroup_100	GCF_000069965.1	WP_004245211.1	386	388	3	0.213479
orthogroup_100	GCF_000270125.2	WP_013024560.1	109	111	3	0.226015
orthogroup_100	GCF_000270125.2	WP_013024560.1	386	388	3	0.167785
orthogroup_1013	GCF_000069965.1	WP_004248244.1	137	139	3	0.210165
orthogroup_1013	GCF_000240185.1	YP_005227625.1	9	11	3	0.134942
orthogroup_1014	GCF_000005845.2	NP_415771.1	233	235	3	0.200662
orthogroup_1014	GCF_000006925.2	NP_707164.2	125	129	5	0.245554
orthogroup_1014	GCF_000006925.2	NP_707164.2	233	235	3	0.207314
orthogroup_1014	GCF_000006945.1	NP_460693.1	202	205	4	0.199353
orthogroup_1014	GCF_000009065.1	WP_002210639.1	205	207	3	0.247895
orthogroup_1014	GCF_000018045.1	WP_012132212.1	77	81	5	0.189115
orthogroup_1014	GCF_000018045.1	WP_012132212.1	233	235	3	0.164424
orthogroup_1014	GCF_000240185.1	YP_005226446.1	35	37	3	0.188130
orthogroup_1024	GCF_000005845.2	NP_416567.4	384	386	3	0.270699
orthogroup_1024	GCF_000006945.1	NP_461064.1	476	478	3	0.241381
orthogroup_1024	GCF_000009065.1	WP_002211875.1	515	517	3	0.362422
orthogroup_1024	GCF_000270125.2	WP_014594084.1	297	299	3	0.247980
orthogroup_1024	GCF_000270125.2	WP_014594084.1	383	385	3	0.215104
orthogroup_1024	GCF_000270125.2	WP_014594084.1	492	494	3	0.212853
orthogroup_1031	GCF_000240185.1	YP_005228539.1	28	30	3	0.164707
orthogroup_1038	GCF_000005845.2	NP_418002.2	133	135	3	0.253054
orthogroup_1038	GCF_000005845.2	NP_418002.2	147	149	3	0.207772
orthogroup_1038	GCF_000006925.2	NP_709324.3	144	146	3	0.254185
orthogroup_1038	GCF_000006925.2	NP_709324.3	158	160	3	0.205914
orthogroup_1038	GCF_000025565.1	WP_023620079.1	10	12	3	0.147875
orthogroup_1038	GCF_000025565.1	WP_023620079.1	133	135	3	0.234365
orthogroup_1038	GCF_000270125.2	WP_014594986.1	313	315	3	0.221638
orthogroup_104	GCF_000009065.1	WP_002210801.1	41	44	4	0.306351
orthogroup_104	GCF_000025565.1	WP_013097935.1	75	77	3	0.155046
orthogroup_104	GCF_000240185.1	YP_005227930.1	261	264	4	0.212389
orthogroup_1040	GCF_000005845.2	NP_418140.4	29	31	3	0.219478
orthogroup_1040	GCF_000006925.2	NP_709513.2	29	31	3	0.246358
orthogroup_1040	GCF_000009065.1	WP_002209634.1	413	415	3	0.298356
orthogroup_1040	GCF_000240185.1	YP_005229561.1	4	6	3	0.133495
orthogroup_1040	GCF_000240185.1	YP_005229561.1	395	398	4	0.166110
orthogroup_1042	GCF_000009065.1	WP_002215597.1	205	207	3	0.250740
orthogroup_1042	GCF_000270125.2	WP_013024088.1	2	4	3	0.182330
orthogroup_1042	GCF_000270125.2	WP_013024088.1	57	59	3	0.173050
orthogroup_1047	GCF_000006945.1	NP_461983.1	23	25	3	0.224144
orthogroup_105	GCF_000005845.2	NP_414697.1	433	435	3	0.208902
orthogroup_105	GCF_000006945.1	NP_459208.1	433	435	3	0.195302
orthogroup_105	GCF_000018045.1	WP_012134002.1	5	7	3	0.237410
orthogroup_105	GCF_000018045.1	WP_012134002.1	24	26	3	0.097809
orthogroup_105	GCF_000018045.1	WP_012134002.1	433	435	3	0.140219
orthogroup_105	GCF_000025565.1	WP_023620753.1	433	435	3	0.116181
orthogroup_105	GCF_000069965.1	WP_012368252.1	330	332	3	0.241751
orthogroup_105	GCF_000069965.1	WP_012368252.1	345	347	3	0.278738
orthogroup_105	GCF_000240185.1	YP_005225204.1	20	22	3	0.215439
orthogroup_105	GCF_000240185.1	YP_005225204.1	24	27	4	0.139204
orthogroup_105	GCF_000240185.1	YP_005225204.1	463	465	3	0.115164
orthogroup_105	GCF_000762985.1	WP_043411869.1	118	121	4	0.345571
orthogroup_105	GCF_000762985.1	WP_043411869.1	269	271	3	0.301486
orthogroup_1050	GCF_000009065.1	WP_002220739.1	7	9	3	0.244229
orthogroup_1050	GCF_000069965.1	WP_004246512.1	342	344	3	0.215775
orthogroup_1050	GCF_000069965.1	WP_004246512.1	505	507	3	0.262132
orthogroup_1051	GCF_000009065.1	WP_002209621.1	617	619	3	0.428598
orthogroup_1051	GCF_000762985.1	WP_043413401.1	3	5	3	0.089406
orthogroup_1059	GCF_000009065.1	WP_002211217.1	390	392	3	0.337625
orthogroup_1074	GCF_000009065.1	WP_002209455.1	246	248	3	0.310624
orthogroup_1074	GCF_000018045.1	WP_012134700.1	5	9	5	0.202618
orthogroup_1074	GCF_000018045.1	WP_012134700.1	21	23	3	0.215323
orthogroup_1074	GCF_000025565.1	WP_014832951.1	184	187	4	0.189887
orthogroup_1074	GCF_000240185.1	YP_005228349.1	5	7	3	0.170336
orthogroup_1107	GCF_000069965.1	WP_004247588.1	144	146	3	0.202111
orthogroup_1124	GCF_000006945.1	NP_460187.2	268	270	3	0.235385
orthogroup_1124	GCF_000025565.1	WP_013097098.1	390	392	3	0.229810
orthogroup_1124	GCF_000069965.1	WP_012367767.1	225	227	3	0.262601
orthogroup_1124	GCF_000240185.1	YP_005226297.1	29	31	3	0.194868
orthogroup_1141	GCF_000069965.1	WP_004244423.1	298	300	3	0.262132
orthogroup_1141	GCF_000069965.1	WP_004244423.1	358	360	3	0.183606
orthogroup_1141	GCF_000762985.1	WP_043408830.1	168	170	3	0.357470
orthogroup_1154	GCF_000005845.2	NP_416147.1	90	92	3	0.225113
orthogroup_1154	GCF_000006925.2	NP_707530.1	90	92	3	0.185310
orthogroup_1154	GCF_000069965.1	WP_004243022.1	46	48	3	0.231025
orthogroup_1154	GCF_000069965.1	WP_004243022.1	81	83	3	0.242057
orthogroup_1154	GCF_000240185.1	YP_005227246.1	206	208	3	0.169015
orthogroup_1158	GCF_000005845.2	NP_416693.1	146	148	3	0.240567
orthogroup_1158	GCF_000005845.2	NP_416693.1	572	574	3	0.256876
orthogroup_1158	GCF_000006925.2	NP_708087.1	146	148	3	0.233624
orthogroup_1158	GCF_000006925.2	NP_708087.1	572	574	3	0.242041
orthogroup_1158	GCF_000006945.1	NP_461172.1	100	102	3	0.226668
orthogroup_1158	GCF_000009065.1	WP_002208837.1	84	86	3	0.289547
orthogroup_1158	GCF_000270125.2	WP_014594137.1	570	572	3	0.174299
orthogroup_1177	GCF_000006945.1	NP_459738.1	84	86	3	0.129623
orthogroup_1177	GCF_000018045.1	WP_024130521.1	102	104	3	0.182182
orthogroup_1177	GCF_000025565.1	WP_013097525.1	199	201	3	0.140494
orthogroup_1177	GCF_000762985.1	WP_043404557.1	8	11	4	0.138985
orthogroup_1181	GCF_000006925.2	NP_706832.1	47	49	3	0.248943
orthogroup_1181	GCF_000006945.1	NP_459959.1	76	78	3	0.194625
orthogroup_1181	GCF_000069965.1	WP_004244589.1	4	6	3	0.234186
orthogroup_1181	GCF_000069965.1	WP_004244589.1	361	363	3	0.261103
orthogroup_119	GCF_000005845.2	NP_416334.1	38	41	4	0.250754
orthogroup_119	GCF_000006925.2	NP_707302.1	38	41	4	0.261481
orthogroup_119	GCF_000006925.2	NP_707302.1	146	148	3	0.248943
orthogroup_119	GCF_000009065.1	WP_002211066.1	14	16	3	0.229022
orthogroup_119	GCF_000009065.1	WP_002211066.1	33	35	3	0.308607
orthogroup_119	GCF_000025565.1	WP_013096131.1	37	40	4	0.195680
orthogroup_119	GCF_000240185.1	YP_005227650.1	73	75	3	0.119302
orthogroup_119	GCF_000240185.1	YP_005227650.1	150	152	3	0.151336
orthogroup_1208	GCF_000005845.2	NP_417857.1	45	47	3	0.266995
orthogroup_1208	GCF_000006945.1	NP_462398.1	700	702	3	0.200347
orthogroup_1208	GCF_000009065.1	WP_002208908.1	618	620	3	0.382224
orthogroup_1208	GCF_000018045.1	WP_012135507.1	8	11	4	0.212406
orthogroup_1208	GCF_000018045.1	WP_012135507.1	21	23	3	0.104940
orthogroup_1208	GCF_000240185.1	YP_005229220.1	8	10	3	0.155398
orthogroup_1208	GCF_000240185.1	YP_005229220.1	15	17	3	0.180076
orthogroup_1243	GCF_000006925.2	NP_709037.1	319	321	3	0.248943
orthogroup_1243	GCF_000006945.1	NP_462274.1	318	320	3	0.180840
orthogroup_1243	GCF_000006945.1	NP_462274.1	418	420	3	0.224040
orthogroup_1243	GCF_000009065.1	WP_002210095.1	506	508	3	0.313019
orthogroup_1243	GCF_000240185.1	YP_005229080.1	528	530	3	0.132930
orthogroup_1267	GCF_000006945.1	NP_459631.1	286	288	3	0.167802
orthogroup_1267	GCF_000006945.1	NP_459631.1	312	314	3	0.225622
orthogroup_1267	GCF_000018045.1	WP_012133352.1	276	278	3	0.165316
orthogroup_1267	GCF_000018045.1	WP_012133352.1	312	314	3	0.157194
orthogroup_1267	GCF_000270125.2	WP_024471157.1	308	310	3	0.245407
orthogroup_1270	GCF_000005845.2	NP_415307.1	226	228	3	0.250587
orthogroup_1270	GCF_000006925.2	NP_706664.2	226	228	3	0.258765
orthogroup_1270	GCF_000270125.2	WP_014593230.1	33	35	3	0.178508
orthogroup_1271	GCF_000005845.2	NP_416780.1	2	4	3	0.188430
orthogroup_1271	GCF_000005845.2	NP_416780.1	6	8	3	0.156392
orthogroup_1271	GCF_000006925.2	NP_708159.1	2	4	3	0.188551
orthogroup_1271	GCF_000006925.2	NP_708159.1	6	8	3	0.167275
orthogroup_1271	GCF_000006945.1	NP_461259.1	2	4	3	0.259243
orthogroup_1271	GCF_000006945.1	NP_461259.1	6	8	3	0.219626
orthogroup_1271	GCF_000018045.1	WP_012131500.1	2	4	3	0.156968
orthogroup_1271	GCF_000018045.1	WP_012131500.1	6	8	3	0.112760
orthogroup_1271	GCF_000018045.1	WP_012131500.1	505	508	4	0.179612
orthogroup_1271	GCF_000025565.1	WP_013098102.1	2	4	3	0.142186
orthogroup_1271	GCF_000025565.1	WP_013098102.1	6	8	3	0.094394
orthogroup_1271	GCF_000025565.1	WP_013098102.1	506	508	3	0.155112
orthogroup_1271	GCF_000069965.1	WP_004243685.1	135	137	3	0.242637
orthogroup_1271	GCF_000069965.1	WP_004243685.1	139	141	3	0.280795
orthogroup_1271	GCF_000240185.1	YP_005228034.1	6	8	3	0.078395
orthogroup_1271	GCF_000240185.1	YP_005228034.1	505	508	4	0.135800
orthogroup_1271	GCF_000270125.2	WP_013026504.1	503	505	3	0.182929
orthogroup_1271	GCF_000762985.1	WP_043406975.1	194	196	3	0.329614
orthogroup_1294	GCF_000009065.1	WP_002210888.1	99	101	3	0.252867
orthogroup_1294	GCF_000009065.1	WP_002210888.1	131	133	3	0.302455
orthogroup_1307	GCF_000762985.1	WP_043412913.1	244	246	3	0.264279
orthogroup_1307	GCF_000762985.1	WP_043412913.1	267	269	3	0.085112
orthogroup_1307	GCF_000762985.1	WP_043412913.1	386	388	3	0.295424
orthogroup_1309	GCF_000005845.2	NP_415012.1	164	166	3	0.250179
orthogroup_1309	GCF_000006925.2	NP_706372.1	164	166	3	0.264171
orthogroup_1309	GCF_000006945.1	NP_459488.1	232	235	4	0.191110
orthogroup_1309	GCF_000025565.1	WP_013095903.1	219	221	3	0.242480
orthogroup_1313	GCF_000069965.1	WP_004247606.1	36	38	3	0.266514
orthogroup_1328	GCF_000006945.1	NP_462754.1	87	89	3	0.241381
orthogroup_1328	GCF_000006945.1	NP_462754.1	227	229	3	0.231138
orthogroup_1328	GCF_000025565.1	WP_013099412.1	279	281	3	0.167407
orthogroup_1328	GCF_000240185.1	YP_005229598.1	6	8	3	0.150229
orthogroup_1328	GCF_000762985.1	WP_043412522.1	3	7	5	0.108565
orthogroup_1335	GCF_000005845.2	NP_418583.1	400	402	3	0.133820
orthogroup_1335	GCF_000005845.2	NP_418583.1	630	632	3	0.236505
orthogroup_1335	GCF_000006925.2	NP_710027.1	400	402	3	0.131152
orthogroup_1335	GCF_000006925.2	NP_710027.1	626	628	3	0.272255
orthogroup_1335	GCF_000006945.1	NP_463211.1	157	159	3	0.168146
orthogroup_1335	GCF_000009065.1	WP_002209140.1	84	86	3	0.378816
orthogroup_1335	GCF_000018045.1	WP_024130797.1	1091	1093	3	0.171499
orthogroup_1335	GCF_000069965.1	WP_004249643.1	383	385	3	0.206120
orthogroup_1335	GCF_000270125.2	WP_014594727.1	914	916	3	0.223911
orthogroup_136	GCF_000025565.1	WP_010436044.1	45	48	4	0.242549
orthogroup_136	GCF_000270125.2	WP_013024331.1	13	15	3	0.194548
orthogroup_1362	GCF_000005845.2	NP_416647.1	29	31	3	0.231643
orthogroup_1362	GCF_000005845.2	NP_416647.1	164	166	3	0.252115
orthogroup_1362	GCF_000025565.1	WP_013097948.1	66	68	3	0.180209
orthogroup_1362	GCF_000069965.1	WP_004247587.1	66	68	3	0.230706
orthogroup_1363	GCF_000006945.1	NP_461157.1	101	103	3	0.143478
orthogroup_1363	GCF_000009065.1	WP_002208820.1	34	36	3	0.343705
orthogroup_1363	GCF_000018045.1	WP_012131584.1	8	10	3	0.192061
orthogroup_1363	GCF_000018045.1	WP_012131584.1	208	210	3	0.215982
orthogroup_1363	GCF_000025565.1	WP_029883087.1	2	4	3	0.168394
orthogroup_1363	GCF_000025565.1	WP_029883087.1	218	220	3	0.175076
orthogroup_1363	GCF_000240185.1	YP_005227973.1	111	113	3	0.203612
orthogroup_1363	GCF_000270125.2	WP_014594127.1	74	76	3	0.210281
orthogroup_1365	GCF_000009065.1	WP_002210268.1	2	4	3	0.400357
orthogroup_1365	GCF_000018045.1	WP_012131501.1	2	5	4	0.194853
orthogroup_1365	GCF_000025565.1	WP_013098101.1	2	7	6	0.207771
orthogroup_1365	GCF_000240185.1	YP_005228033.1	2	7	6	0.147976
orthogroup_1365	GCF_000240185.1	YP_005228033.1	43	45	3	0.126343
orthogroup_1365	GCF_000270125.2	WP_013026503.1	2	4	3	0.202463
orthogroup_1365	GCF_000270125.2	WP_013026503.1	6	8	3	0.250450
orthogroup_1365	GCF_000762985.1	WP_043406972.1	28	30	3	0.421085
orthogroup_1365	GCF_000762985.1	WP_043406972.1	513	515	3	0.388954
orthogroup_1379	GCF_000006925.2	NP_709088.1	433	435	3	0.296565
orthogroup_1379	GCF_000025565.1	WP_003863305.1	225	227	3	0.213092
orthogroup_1379	GCF_000025565.1	WP_003863305.1	314	316	3	0.227876
orthogroup_1379	GCF_000025565.1	WP_003863305.1	353	355	3	0.248725
orthogroup_1379	GCF_000069965.1	WP_004246943.1	217	219	3	0.214713
orthogroup_1379	GCF_000069965.1	WP_004246943.1	346	349	4	0.224487
orthogroup_1379	GCF_000240185.1	YP_005229148.1	47	49	3	0.196347
orthogroup_1379	GCF_000240185.1	YP_005229148.1	224	227	4	0.184541
orthogroup_1379	GCF_000240185.1	YP_005229148.1	353	355	3	0.169924
orthogroup_1379	GCF_000240185.1	YP_005229148.1	431	433	3	0.174402
orthogroup_1380	GCF_000009065.1	WP_002215690.1	8	10	3	0.381578
orthogroup_1384	GCF_000025565.1	WP_013099411.1	31	33	3	0.064647
orthogroup_1384	GCF_000762985.1	WP_043412525.1	12	14	3	0.145479
orthogroup_1384	GCF_000762985.1	WP_043412525.1	22	24	3	0.133681
orthogroup_1384	GCF_000762985.1	WP_043412525.1	50	52	3	0.298508
orthogroup_1384	GCF_000762985.1	WP_043412525.1	356	358	3	0.086556
orthogroup_139	GCF_000018045.1	WP_012135517.1	17	19	3	0.195540
orthogroup_139	GCF_000025565.1	WP_013099092.1	107	109	3	0.176369
orthogroup_139	GCF_000270125.2	WP_014595136.1	3	6	4	0.171193
orthogroup_14	GCF_000005845.2	NP_415575.1	99	101	3	0.178371
orthogroup_14	GCF_000006945.1	NP_460129.1	95	97	3	0.203977
orthogroup_14	GCF_000025565.1	WP_044158657.1	11	13	3	0.156853
orthogroup_14	GCF_000270125.2	WP_014593409.1	2	4	3	0.104900
orthogroup_14	GCF_000270125.2	WP_014593409.1	95	97	3	0.190889
orthogroup_140	GCF_000762985.1	WP_043409822.1	306	308	3	0.264343
orthogroup_1400	GCF_000005845.2	NP_415024.4	66	68	3	0.269761
orthogroup_1400	GCF_000006925.2	NP_706384.1	265	267	3	0.296565
orthogroup_1400	GCF_000018045.1	WP_012133475.1	66	68	3	0.184653
orthogroup_1400	GCF_000240185.1	YP_005225517.1	103	105	3	0.145460
orthogroup_1406	GCF_000005845.2	NP_415406.1	4	6	3	0.187093
orthogroup_1406	GCF_000005845.2	NP_415406.1	36	38	3	0.252115
orthogroup_1406	GCF_000005845.2	NP_415406.1	434	436	3	0.225315
orthogroup_1406	GCF_000006925.2	NP_706771.1	4	6	3	0.185087
orthogroup_1406	GCF_000006925.2	NP_706771.1	103	106	4	0.231087
orthogroup_1406	GCF_000006945.1	NP_459932.1	103	106	4	0.185728
orthogroup_1406	GCF_000018045.1	WP_012133040.1	333	335	3	0.252165
orthogroup_1406	GCF_000025565.1	WP_013097323.1	36	38	3	0.196261
orthogroup_1406	GCF_000025565.1	WP_013097323.1	382	384	3	0.176369
orthogroup_1406	GCF_000240185.1	YP_005226096.1	3	5	3	0.136070
orthogroup_1406	GCF_000240185.1	YP_005226096.1	154	156	3	0.149438
orthogroup_1406	GCF_000270125.2	WP_014593309.1	371	373	3	0.165484
orthogroup_1408	GCF_000006945.1	NP_460037.1	119	121	3	0.186836
orthogroup_1408	GCF_000018045.1	WP_024130471.1	118	121	4	0.158182
orthogroup_1408	GCF_000018045.1	WP_024130471.1	280	282	3	0.181888
orthogroup_1408	GCF_000025565.1	WP_028027912.1	62	64	3	0.151565
orthogroup_1408	GCF_000025565.1	WP_028027912.1	204	206	3	0.216145
orthogroup_1408	GCF_000240185.1	YP_005226159.1	398	400	3	0.160887
orthogroup_1408	GCF_000270125.2	WP_014593348.1	182	184	3	0.217676
orthogroup_141	GCF_000006945.1	NP_462509.1	196	198	3	0.247377
orthogroup_141	GCF_000025565.1	WP_013099206.1	11	14	4	0.190385
orthogroup_141	GCF_000069965.1	WP_004246850.1	305	307	3	0.278444
orthogroup_141	GCF_000270125.2	WP_014594860.1	188	190	3	0.212115
orthogroup_141	GCF_000270125.2	WP_014594860.1	298	300	3	0.192138
orthogroup_1410	GCF_000005845.2	NP_415636.1	16	18	3	0.247862
orthogroup_1410	GCF_000006925.2	NP_707033.1	16	18	3	0.258219
orthogroup_1410	GCF_000006945.1	NP_460189.1	388	390	3	0.235489
orthogroup_1410	GCF_000025565.1	WP_013097096.1	409	411	3	0.153837
orthogroup_1412	GCF_000009065.1	WP_002210971.1	237	239	3	0.303449
orthogroup_1412	GCF_000025565.1	WP_013096395.1	62	65	4	0.186084
orthogroup_1412	GCF_000270125.2	WP_013025909.1	78	80	3	0.216791
orthogroup_1435	GCF_000006925.2	NP_709720.2	22	24	3	0.184865
orthogroup_1435	GCF_000006945.1	NP_462942.1	23	25	3	0.232664
orthogroup_1435	GCF_000018045.1	WP_012133884.1	23	25	3	0.167407
orthogroup_1435	GCF_000240185.1	YP_005224374.1	23	25	3	0.101473
orthogroup_1435	GCF_000240185.1	YP_005224374.1	204	206	3	0.155094
orthogroup_1435	GCF_000270125.2	WP_014604761.1	216	218	3	0.240480
orthogroup_1443	GCF_000009065.1	WP_002353933.1	214	216	3	0.430562
orthogroup_1443	GCF_000018045.1	WP_012131644.1	36	38	3	0.166644
orthogroup_1443	GCF_000025565.1	WP_013097933.1	236	238	3	0.219124
orthogroup_1443	GCF_000240185.1	YP_005227928.1	49	51	3	0.200439
orthogroup_1444	GCF_000240185.1	YP_005226774.1	6	10	5	0.143759
orthogroup_1444	GCF_000270125.2	WP_014593863.1	5	7	3	0.194243
orthogroup_1445	GCF_000025565.1	WP_013099104.1	228	230	3	0.153468
orthogroup_1445	GCF_000069965.1	WP_004246754.1	235	237	3	0.265649
orthogroup_1445	GCF_000240185.1	YP_005229242.1	229	231	3	0.139500
orthogroup_145	GCF_000005845.2	NP_418322.1	114	116	3	0.256876
orthogroup_145	GCF_000006925.2	NP_709686.1	114	116	3	0.242041
orthogroup_145	GCF_000006925.2	NP_709686.1	164	166	3	0.228589
orthogroup_145	GCF_000025565.1	WP_013099364.1	147	149	3	0.171903
orthogroup_1453	GCF_000006945.1	NP_459473.1	513	515	3	0.206802
orthogroup_1453	GCF_000006945.1	NP_459473.1	671	673	3	0.219270
orthogroup_1453	GCF_000009065.1	WP_002208612.1	19	21	3	0.331876
orthogroup_1453	GCF_000009065.1	WP_002208612.1	642	644	3	0.293212
orthogroup_1453	GCF_000025565.1	WP_013095893.1	537	539	3	0.158006
orthogroup_1453	GCF_000069965.1	WP_012367484.1	350	352	3	0.202782
orthogroup_1453	GCF_000240185.1	YP_005225491.1	203	205	3	0.172617
orthogroup_1453	GCF_000240185.1	YP_005225491.1	839	841	3	0.133712
orthogroup_1457	GCF_000069965.1	WP_004244117.1	317	319	3	0.202782
orthogroup_1457	GCF_000240185.1	YP_005225109.1	4	6	3	0.195131
orthogroup_1457	GCF_000240185.1	YP_005225109.1	403	406	4	0.095549
orthogroup_1457	GCF_000762985.1	WP_052429123.1	475	478	4	0.157046
orthogroup_1462	GCF_000005845.2	NP_417663.1	12	14	3	0.240567
orthogroup_1462	GCF_000005845.2	NP_417663.1	105	107	3	0.250626
orthogroup_1462	GCF_000005845.2	NP_417663.1	171	173	3	0.250179
orthogroup_1462	GCF_000006925.2	NP_708995.1	12	14	3	0.233624
orthogroup_1462	GCF_000006925.2	NP_708995.1	105	107	3	0.245727
orthogroup_1462	GCF_000006925.2	NP_708995.1	167	169	3	0.264171
orthogroup_1462	GCF_000006945.1	NP_462224.1	7	9	3	0.156457
orthogroup_1462	GCF_000006945.1	NP_462224.1	321	323	3	0.225487
orthogroup_1462	GCF_000009065.1	WP_002210120.1	5	7	3	0.308325
orthogroup_1462	GCF_000009065.1	WP_002210120.1	49	51	3	0.388094
orthogroup_1462	GCF_000018045.1	WP_012135329.1	2	4	3	0.192091
orthogroup_1462	GCF_000025565.1	WP_013098936.1	12	14	3	0.138346
orthogroup_1462	GCF_000025565.1	WP_013098936.1	292	295	4	0.220624
orthogroup_1462	GCF_000069965.1	WP_012368835.1	20	22	3	0.226598
orthogroup_1462	GCF_000069965.1	WP_012368835.1	81	83	3	0.225275
orthogroup_1462	GCF_000240185.1	YP_005229045.1	74	76	3	0.196133
orthogroup_1462	GCF_000240185.1	YP_005229045.1	90	93	4	0.126403
orthogroup_1462	GCF_000270125.2	WP_013024329.1	305	307	3	0.181080
orthogroup_147	GCF_000025565.1	WP_013095044.1	189	191	3	0.218914
orthogroup_147	GCF_000240185.1	YP_005224557.1	14	16	3	0.170122
orthogroup_147	GCF_000240185.1	YP_005224557.1	445	447	3	0.128413
orthogroup_1481	GCF_000006945.1	NP_461261.1	3	5	3	0.258887
orthogroup_1481	GCF_000025565.1	WP_003861496.1	3	5	3	0.195170
orthogroup_1481	GCF_000240185.1	YP_005228036.1	94	96	3	0.213345
orthogroup_1515	GCF_000025565.1	WP_013097368.1	2	4	3	0.147182
orthogroup_1515	GCF_000240185.1	YP_005226066.1	6	8	3	0.113144
orthogroup_1519	GCF_000009065.1	WP_002211481.1	239	241	3	0.403302
orthogroup_1519	GCF_000018045.1	WP_012131161.1	11	14	4	0.189704
orthogroup_1524	GCF_000009065.1	WP_002210722.1	76	79	4	0.311449
orthogroup_1524	GCF_000025565.1	WP_044159455.1	26	28	3	0.243756
orthogroup_1524	GCF_000240185.1	YP_005225864.1	82	87	6	0.166996
orthogroup_1538	GCF_000006945.1	NP_460423.1	31	33	3	0.230140
orthogroup_1538	GCF_000018045.1	WP_012132511.1	31	33	3	0.174538
orthogroup_1538	GCF_000069965.1	WP_012367953.1	30	32	3	0.238271
orthogroup_1538	GCF_000240185.1	YP_005227241.1	3	6	4	0.210192
orthogroup_1554	GCF_000005845.2	NP_416481.1	19	21	3	0.257766
orthogroup_1554	GCF_000005845.2	NP_416481.1	72	74	3	0.217252
orthogroup_1554	GCF_000005845.2	NP_416481.1	80	82	3	0.260440
orthogroup_1554	GCF_000006925.2	NP_707856.1	19	21	3	0.263948
orthogroup_1554	GCF_000006925.2	NP_707856.1	72	74	3	0.220988
orthogroup_1554	GCF_000006925.2	NP_707856.1	192	195	4	0.275755
orthogroup_1554	GCF_000006945.1	NP_462288.1	71	74	4	0.223326
orthogroup_1554	GCF_000006945.1	NP_462288.1	80	82	3	0.247377
orthogroup_1554	GCF_000018045.1	WP_012135388.1	19	21	3	0.175431
orthogroup_1554	GCF_000018045.1	WP_012135388.1	71	73	3	0.184181
orthogroup_1554	GCF_000025565.1	WP_013098990.1	71	74	4	0.160353
orthogroup_1554	GCF_000025565.1	WP_013098990.1	78	80	3	0.186380
orthogroup_1554	GCF_000240185.1	YP_005229094.1	71	73	3	0.109597
orthogroup_1554	GCF_000240185.1	YP_005229094.1	148	150	3	0.132467
orthogroup_1554	GCF_000240185.1	YP_005229094.1	186	188	3	0.080567
orthogroup_1557	GCF_000005845.2	NP_417082.1	126	129	4	0.232871
orthogroup_1557	GCF_000006925.2	NP_708438.2	126	129	4	0.227204
orthogroup_1557	GCF_000018045.1	WP_024130104.1	308	310	3	0.193194
orthogroup_1557	GCF_000025565.1	WP_013098335.1	17	20	4	0.140677
orthogroup_1557	GCF_000025565.1	WP_013098335.1	125	127	3	0.138346
orthogroup_1557	GCF_000025565.1	WP_013098335.1	357	359	3	0.184761
orthogroup_1557	GCF_000025565.1	WP_013098335.1	371	373	3	0.197218
orthogroup_1557	GCF_000240185.1	YP_005228282.1	176	178	3	0.187203
orthogroup_1557	GCF_000270125.2	WP_026021051.1	170	172	3	0.248981
orthogroup_1557	GCF_000762985.1	WP_043405316.1	23	25	3	0.198812
orthogroup_1557	GCF_000762985.1	WP_043405316.1	42	44	3	0.113494
orthogroup_156	GCF_000005845.2	NP_414717.2	12	14	3	0.209665
orthogroup_156	GCF_000005845.2	NP_414717.2	64	66	3	0.256876
orthogroup_156	GCF_000005845.2	NP_414717.2	277	279	3	0.256876
orthogroup_156	GCF_000006925.2	NP_706120.4	28	30	3	0.242041
orthogroup_156	GCF_000006925.2	NP_706120.4	241	243	3	0.242041
orthogroup_156	GCF_000006945.1	NP_459227.1	12	14	3	0.237383
orthogroup_156	GCF_000009065.1	WP_002212137.1	6	8	3	0.333962
orthogroup_156	GCF_000018045.1	WP_012133982.1	12	14	3	0.184831
orthogroup_156	GCF_000018045.1	WP_012133982.1	283	285	3	0.150631
orthogroup_156	GCF_000025565.1	WP_013095657.1	11	14	4	0.195457
orthogroup_156	GCF_000240185.1	YP_005225222.1	7	9	3	0.191558
orthogroup_1575	GCF_000005845.2	NP_415285.1	65	67	3	0.259550
orthogroup_1575	GCF_000006925.2	NP_706477.1	65	67	3	0.248968
orthogroup_1575	GCF_000762985.1	WP_043408202.1	4	6	3	0.133579
orthogroup_1575	GCF_000762985.1	WP_043408202.1	38	40	3	0.208057
orthogroup_1575	GCF_000762985.1	WP_043408202.1	127	129	3	0.297102
orthogroup_1577	GCF_000006945.1	NP_459864.1	81	83	3	0.173965
orthogroup_1577	GCF_000006945.1	NP_459864.1	139	141	3	0.247251
orthogroup_158	GCF_000240185.1	YP_005225380.1	254	256	3	0.210110
orthogroup_159	GCF_000005845.2	NP_414967.1	228	230	3	0.222922
orthogroup_159	GCF_000006925.2	NP_706326.1	228	230	3	0.221743
orthogroup_159	GCF_000009065.1	WP_002223277.1	136	138	3	0.416751
orthogroup_159	GCF_000009065.1	WP_002223277.1	486	488	3	0.271769
orthogroup_159	GCF_000018045.1	WP_024130594.1	26	28	3	0.202175
orthogroup_159	GCF_000018045.1	WP_024130594.1	228	230	3	0.173765
orthogroup_159	GCF_000025565.1	WP_013095853.1	26	28	3	0.201291
orthogroup_159	GCF_000025565.1	WP_013095853.1	397	399	3	0.118822
orthogroup_159	GCF_000025565.1	WP_013095853.1	461	463	3	0.190614
orthogroup_159	GCF_000240185.1	YP_005225435.1	89	91	3	0.177531
orthogroup_159	GCF_000240185.1	YP_005225435.1	136	138	3	0.146739
orthogroup_1592	GCF_000005845.2	NP_416394.1	12	14	3	0.274660
orthogroup_1592	GCF_000006925.2	NP_707770.1	145	147	3	0.259154
orthogroup_1592	GCF_000006945.1	NP_460871.1	13	15	3	0.270649
orthogroup_1592	GCF_000006945.1	NP_460871.1	295	297	3	0.225518
orthogroup_1592	GCF_000018045.1	WP_012131975.1	13	15	3	0.246384
orthogroup_1592	GCF_000025565.1	WP_013096066.1	12	14	3	0.247797
orthogroup_1592	GCF_000069965.1	WP_004243547.1	253	255	3	0.203484
orthogroup_1592	GCF_000270125.2	WP_014605661.1	64	66	3	0.182270
orthogroup_1592	GCF_000270125.2	WP_014605661.1	199	201	3	0.208176
orthogroup_1596	GCF_000005845.2	NP_416149.1	41	43	3	0.242794
orthogroup_1596	GCF_000006925.2	NP_707532.1	41	43	3	0.258994
orthogroup_1619	GCF_000009065.1	WP_002210077.1	71	73	3	0.410999
orthogroup_1619	GCF_000018045.1	WP_012135383.1	108	110	3	0.164424
orthogroup_1619	GCF_000025565.1	WP_013098985.1	39	41	3	0.198700
orthogroup_1619	GCF_000240185.1	YP_005229088.1	39	41	3	0.136929
orthogroup_1619	GCF_000240185.1	YP_005229088.1	137	140	4	0.218761
orthogroup_1627	GCF_000005845.2	NP_414609.1	157	159	3	0.242961
orthogroup_1627	GCF_000005845.2	NP_414609.1	192	194	3	0.219409
orthogroup_1627	GCF_000006925.2	NP_706020.1	157	159	3	0.235294
orthogroup_1627	GCF_000006925.2	NP_706020.1	192	194	3	0.179136
orthogroup_1627	GCF_000006925.2	NP_706020.1	515	517	3	0.120941
orthogroup_1627	GCF_000018045.1	WP_012134101.1	301	303	3	0.174637
orthogroup_1627	GCF_000069965.1	WP_004245526.1	21	23	3	0.232348
orthogroup_1627	GCF_000270125.2	WP_014592897.1	301	303	3	0.088915
orthogroup_1636	GCF_000005845.2	NP_415407.1	438	440	3	0.263472
orthogroup_1636	GCF_000006945.1	NP_459933.1	330	332	3	0.250066
orthogroup_1636	GCF_000009065.1	WP_002217690.1	3	5	3	0.312771
orthogroup_1636	GCF_000009065.1	WP_002217690.1	104	106	3	0.337225
orthogroup_1636	GCF_000009065.1	WP_002217690.1	304	306	3	0.291002
orthogroup_1636	GCF_000009065.1	WP_002217690.1	404	406	3	0.318967
orthogroup_1636	GCF_000018045.1	WP_012133039.1	151	153	3	0.207859
orthogroup_1636	GCF_000018045.1	WP_012133039.1	506	508	3	0.180222
orthogroup_1636	GCF_000018045.1	WP_012133039.1	579	582	4	0.173575
orthogroup_1636	GCF_000270125.2	WP_014593310.1	506	509	4	0.146100
orthogroup_1636	GCF_000762985.1	WP_043408828.1	374	376	3	0.288376
orthogroup_1636	GCF_000762985.1	WP_043408828.1	417	419	3	0.118556
orthogroup_1636	GCF_000762985.1	WP_043408828.1	449	451	3	0.331812
orthogroup_1640	GCF_000005845.2	NP_415709.2	4	6	3	0.241685
orthogroup_1640	GCF_000005845.2	NP_415709.2	21	23	3	0.200943
orthogroup_1640	GCF_000005845.2	NP_415709.2	321	324	4	0.240080
orthogroup_1640	GCF_000006925.2	NP_707089.4	279	282	4	0.267966
orthogroup_1640	GCF_000270125.2	WP_019105126.1	459	461	3	0.189866
orthogroup_1640	GCF_000762985.1	WP_043404766.1	50	52	3	0.283642
orthogroup_1640	GCF_000762985.1	WP_043404766.1	485	487	3	0.203182
orthogroup_1642	GCF_000005845.2	NP_415809.1	10	12	3	0.256876
orthogroup_1642	GCF_000005845.2	NP_415809.1	184	186	3	0.208328
orthogroup_1642	GCF_000006925.2	NP_707202.1	10	12	3	0.242041
orthogroup_1642	GCF_000006925.2	NP_707202.1	184	186	3	0.217747
orthogroup_1642	GCF_000240185.1	YP_005226500.1	216	218	3	0.117582
orthogroup_1644	GCF_000005845.2	NP_415990.5	124	128	5	0.267576
orthogroup_1644	GCF_000006925.2	NP_707617.1	125	128	4	0.265398
orthogroup_1644	GCF_000006945.1	NP_460530.2	125	127	3	0.232560
orthogroup_1644	GCF_000018045.1	WP_012132385.1	45	48	4	0.182051
orthogroup_1644	GCF_000018045.1	WP_012132385.1	191	194	4	0.210976
orthogroup_1644	GCF_000025565.1	WP_044158438.1	124	126	3	0.199809
orthogroup_1644	GCF_000069965.1	WP_004245877.1	263	266	4	0.217169
orthogroup_1645	GCF_000018045.1	WP_024130346.1	4	7	4	0.187017
orthogroup_1645	GCF_000240185.1	YP_005226797.1	83	85	3	0.172617
orthogroup_1645	GCF_000270125.2	WP_028715174.1	42	44	3	0.210281
orthogroup_1651	GCF_000240185.1	YP_005228035.1	9	12	4	0.113411
orthogroup_1651	GCF_000762985.1	WP_043406977.1	139	141	3	0.440153
orthogroup_1651	GCF_000762985.1	WP_043406977.1	422	424	3	0.291203
orthogroup_1651	GCF_000762985.1	WP_043406977.1	566	568	3	0.299844
orthogroup_1663	GCF_000005845.2	NP_417724.4	456	458	3	0.135157
orthogroup_1663	GCF_000006925.2	NP_709053.2	456	458	3	0.134615
orthogroup_1663	GCF_000009065.1	WP_002210065.1	456	458	3	0.325831
orthogroup_1663	GCF_000018045.1	WP_024130996.1	460	462	3	0.198449
orthogroup_1663	GCF_000018045.1	WP_024130996.1	478	481	4	0.197542
orthogroup_1663	GCF_000025565.1	WP_013098994.1	474	476	3	0.259529
orthogroup_1663	GCF_000069965.1	WP_004245338.1	89	91	3	0.184929
orthogroup_1663	GCF_000069965.1	WP_004245338.1	162	164	3	0.248014
orthogroup_1663	GCF_000240185.1	YP_005229099.1	479	481	3	0.141051
orthogroup_1663	GCF_000270125.2	WP_019104914.1	366	369	4	0.162248
orthogroup_1685	GCF_000240185.1	YP_005225430.1	42	45	4	0.176156
orthogroup_1687	GCF_000005845.2	NP_416653.1	85	87	3	0.269761
orthogroup_1687	GCF_000025565.1	WP_013097952.1	22	25	4	0.169179
orthogroup_1689	GCF_000025565.1	WP_013098104.1	313	315	3	0.167407
orthogroup_1689	GCF_000240185.1	YP_005228039.1	265	267	3	0.139665
orthogroup_1689	GCF_000240185.1	YP_005228039.1	287	289	3	0.164502
orthogroup_1689	GCF_000240185.1	YP_005228039.1	313	315	3	0.139474
orthogroup_1689	GCF_000762985.1	WP_043406985.1	155	157	3	0.406849
orthogroup_1689	GCF_000762985.1	WP_043406985.1	406	408	3	0.156297
orthogroup_1696	GCF_000009065.1	WP_002211812.1	229	231	3	0.250740
orthogroup_1696	GCF_000009065.1	WP_002211812.1	280	283	4	0.300877
orthogroup_1696	GCF_000270125.2	WP_014605961.1	316	318	3	0.226015
orthogroup_1701	GCF_000069965.1	WP_012368850.1	84	86	3	0.243938
orthogroup_1701	GCF_000240185.1	YP_005228962.1	9	11	3	0.181530
orthogroup_1701	GCF_000240185.1	YP_005228962.1	22	24	3	0.169557
orthogroup_1723	GCF_000018045.1	WP_012131452.1	200	202	3	0.174067
orthogroup_1733	GCF_000006945.1	NP_461073.1	118	120	3	0.231138
orthogroup_1733	GCF_000006945.1	NP_461073.1	456	460	5	0.226210
orthogroup_1733	GCF_000018045.1	WP_012131682.1	30	32	3	0.193387
orthogroup_1733	GCF_000018045.1	WP_012131682.1	454	460	7	0.179942
orthogroup_1733	GCF_000069965.1	WP_004243447.1	449	451	3	0.209515
orthogroup_1733	GCF_000240185.1	YP_005227888.1	72	74	3	0.112131
orthogroup_1733	GCF_000270125.2	WP_028715330.1	235	237	3	0.185111
orthogroup_174	GCF_000240185.1	YP_005226359.1	120	122	3	0.181183
orthogroup_174	GCF_000270125.2	WP_022622414.1	116	118	3	0.209426
orthogroup_1742	GCF_000005845.2	NP_414718.1	285	287	3	0.269761
orthogroup_1742	GCF_000018045.1	WP_012133981.1	134	136	3	0.202175
orthogroup_1742	GCF_000025565.1	WP_013095658.1	253	255	3	0.195500
orthogroup_1742	GCF_000069965.1	WP_012368301.1	220	222	3	0.183937
orthogroup_1742	GCF_000069965.1	WP_012368301.1	315	317	3	0.264327
orthogroup_1742	GCF_000069965.1	WP_012368301.1	413	415	3	0.223222
orthogroup_1742	GCF_000240185.1	YP_005225223.1	142	144	3	0.194004
orthogroup_1742	GCF_000240185.1	YP_005225223.1	177	179	3	0.131000
orthogroup_1742	GCF_000240185.1	YP_005225223.1	441	443	3	0.145214
orthogroup_1742	GCF_000270125.2	WP_014592964.1	179	181	3	0.221815
orthogroup_1769	GCF_000018045.1	WP_012131142.1	276	278	3	0.184181
orthogroup_1769	GCF_000025565.1	WP_013099272.1	300	302	3	0.238108
orthogroup_1769	GCF_000069965.1	WP_012368703.1	87	89	3	0.248014
orthogroup_1773	GCF_000270125.2	WP_014592880.1	12	14	3	0.209426
orthogroup_1779	GCF_000009065.1	WP_002209651.1	557	559	3	0.369378
orthogroup_1779	GCF_000018045.1	WP_024130536.1	269	271	3	0.175530
orthogroup_1779	GCF_000025565.1	WP_044158784.1	475	477	3	0.190095
orthogroup_1779	GCF_000762985.1	WP_043404698.1	709	711	3	0.214727
orthogroup_178	GCF_000270125.2	WP_013026454.1	285	287	3	0.190034
orthogroup_178	GCF_000762985.1	WP_052428917.1	189	191	3	0.130584
orthogroup_178	GCF_000762985.1	WP_052428917.1	237	239	3	0.301486
orthogroup_178	GCF_000762985.1	WP_052428917.1	241	243	3	0.183946
orthogroup_178	GCF_000762985.1	WP_052428917.1	407	409	3	0.137216
orthogroup_1783	GCF_000018045.1	WP_012132050.1	8	10	3	0.199321
orthogroup_1783	GCF_000240185.1	YP_005227651.1	8	10	3	0.194894
orthogroup_1784	GCF_000005845.2	NP_416579.1	106	108	3	0.208902
orthogroup_1784	GCF_000006945.1	NP_461072.1	538	540	3	0.232308
orthogroup_1784	GCF_000006945.1	NP_461072.1	980	982	3	0.237134
orthogroup_1784	GCF_000009065.1	WP_002209793.1	69	71	3	0.480772
orthogroup_1784	GCF_000240185.1	YP_005227887.1	4	6	3	0.131993
orthogroup_1788	GCF_000005845.2	NP_416373.1	170	172	3	0.255539
orthogroup_1788	GCF_000240185.1	YP_005227695.1	50	52	3	0.101473
orthogroup_1798	GCF_000009065.1	WP_002228124.1	86	88	3	0.290914
orthogroup_1799	GCF_000005845.2	NP_418752.1	297	300	4	0.242236
orthogroup_1799	GCF_000006945.1	NP_463374.1	181	184	4	0.187722
orthogroup_1799	GCF_000018045.1	WP_012134242.1	81	83	3	0.203803
orthogroup_1799	GCF_000018045.1	WP_012134242.1	93	95	3	0.190010
orthogroup_1799	GCF_000025565.1	WP_013097958.1	380	382	3	0.193418
orthogroup_1799	GCF_000240185.1	YP_005226881.1	213	215	3	0.135528
orthogroup_1799	GCF_000240185.1	YP_005226881.1	294	296	3	0.182723
orthogroup_1799	GCF_000270125.2	WP_014594112.1	72	74	3	0.226235
orthogroup_1799	GCF_000762985.1	WP_043412630.1	2	4	3	0.141533
orthogroup_1804	GCF_000005845.2	NP_416354.1	226	229	4	0.233663
orthogroup_1804	GCF_000006945.1	NP_460831.1	145	147	3	0.247022
orthogroup_1804	GCF_000006945.1	NP_460831.1	203	205	3	0.223788
orthogroup_1804	GCF_000006945.1	NP_460831.1	227	230	4	0.231871
orthogroup_1804	GCF_000018045.1	WP_080516649.1	228	230	3	0.167407
orthogroup_1804	GCF_000025565.1	WP_013096104.1	117	119	3	0.152726
orthogroup_1804	GCF_000025565.1	WP_013096104.1	224	227	4	0.162345
orthogroup_1804	GCF_000240185.1	YP_005227674.1	66	68	3	0.130349
orthogroup_1804	GCF_000240185.1	YP_005227674.1	214	216	3	0.128869
orthogroup_1808	GCF_000005845.2	NP_415223.1	550	552	3	0.247952
orthogroup_1808	GCF_000005845.2	NP_415223.1	878	880	3	0.244528
orthogroup_1808	GCF_000009065.1	WP_002209649.1	400	402	3	0.286814
orthogroup_1808	GCF_000025565.1	WP_013097556.1	47	49	3	0.235865
orthogroup_1808	GCF_000069965.1	WP_004242883.1	187	189	3	0.210145
orthogroup_1808	GCF_000069965.1	WP_004242883.1	307	309	3	0.204655
orthogroup_1808	GCF_000762985.1	WP_043404702.1	802	804	3	0.328728
orthogroup_1811	GCF_000005845.2	NP_415433.4	494	496	3	0.250671
orthogroup_1811	GCF_000005845.2	NP_415433.4	657	659	3	0.252115
orthogroup_1811	GCF_000006945.1	NP_459958.1	14	17	4	0.208201
orthogroup_1811	GCF_000006945.1	NP_459958.1	19	21	3	0.215275
orthogroup_1811	GCF_000006945.1	NP_459958.1	41	43	3	0.220042
orthogroup_1811	GCF_000006945.1	NP_459958.1	292	294	3	0.247274
orthogroup_1811	GCF_000006945.1	NP_459958.1	458	460	3	0.250421
orthogroup_1811	GCF_000006945.1	NP_459958.1	483	485	3	0.235489
orthogroup_1811	GCF_000018045.1	WP_012133013.1	60	63	4	0.187630
orthogroup_1811	GCF_000018045.1	WP_012133013.1	240	242	3	0.196467
orthogroup_1811	GCF_000018045.1	WP_012133013.1	249	251	3	0.195044
orthogroup_1811	GCF_000018045.1	WP_012133013.1	458	460	3	0.232543
orthogroup_1811	GCF_000025565.1	WP_044158715.1	4	6	3	0.168808
orthogroup_1811	GCF_000025565.1	WP_044158715.1	133	136	4	0.149031
orthogroup_1811	GCF_000025565.1	WP_044158715.1	345	347	3	0.254249
orthogroup_1811	GCF_000025565.1	WP_044158715.1	481	483	3	0.197043
orthogroup_1811	GCF_000025565.1	WP_044158715.1	601	603	3	0.117631
orthogroup_1811	GCF_000025565.1	WP_044158715.1	675	677	3	0.252015
orthogroup_1811	GCF_000025565.1	WP_044158715.1	732	735	4	0.193195
orthogroup_1811	GCF_000069965.1	WP_012367712.1	85	87	3	0.238741
orthogroup_1811	GCF_000240185.1	YP_005226120.1	60	62	3	0.155200
orthogroup_1811	GCF_000240185.1	YP_005226120.1	118	120	3	0.161011
orthogroup_1811	GCF_000240185.1	YP_005226120.1	198	201	4	0.119098
orthogroup_1811	GCF_000240185.1	YP_005226120.1	236	238	3	0.196678
orthogroup_1811	GCF_000240185.1	YP_005226120.1	377	379	3	0.079460
orthogroup_1811	GCF_000240185.1	YP_005226120.1	438	440	3	0.108106
orthogroup_1811	GCF_000240185.1	YP_005226120.1	520	522	3	0.138615
orthogroup_1811	GCF_000240185.1	YP_005226120.1	656	658	3	0.147511
orthogroup_1811	GCF_000270125.2	WP_014593324.1	99	101	3	0.104900
orthogroup_1811	GCF_000270125.2	WP_014593324.1	239	241	3	0.265384
orthogroup_1811	GCF_000270125.2	WP_014593324.1	711	713	3	0.268957
orthogroup_1819	GCF_000018045.1	WP_024130454.1	19	21	3	0.147079
orthogroup_1819	GCF_000240185.1	YP_005226219.1	19	21	3	0.140954
orthogroup_1819	GCF_000240185.1	YP_005226219.1	39	41	3	0.137848
orthogroup_1819	GCF_000240185.1	YP_005226219.1	142	144	3	0.198449
orthogroup_1826	GCF_000018045.1	WP_012133555.1	287	289	3	0.163651
orthogroup_1826	GCF_000018045.1	WP_012133555.1	322	324	3	0.209405
orthogroup_1830	GCF_000240185.1	YP_005225433.1	544	546	3	0.196915
orthogroup_1830	GCF_000270125.2	WP_013024880.1	253	255	3	0.202306
orthogroup_1830	GCF_000762985.1	WP_011893698.1	157	160	4	0.088823
orthogroup_1830	GCF_000762985.1	WP_011893698.1	370	373	4	0.251414
orthogroup_1831	GCF_000005845.2	NP_415029.1	213	215	3	0.270699
orthogroup_1831	GCF_000006945.1	NP_459503.1	357	359	3	0.204492
orthogroup_1831	GCF_000006945.1	NP_459503.1	694	696	3	0.189661
orthogroup_1831	GCF_000006945.1	NP_459503.1	716	718	3	0.247022
orthogroup_1831	GCF_000018045.1	WP_012133470.1	779	781	3	0.160950
orthogroup_1831	GCF_000025565.1	WP_013095915.1	286	289	4	0.174637
orthogroup_1831	GCF_000025565.1	WP_013095915.1	425	427	3	0.173354
orthogroup_1831	GCF_000025565.1	WP_013095915.1	779	781	3	0.159321
orthogroup_1831	GCF_000069965.1	WP_012368270.1	254	256	3	0.232477
orthogroup_1831	GCF_000069965.1	WP_012368270.1	418	420	3	0.221446
orthogroup_1831	GCF_000069965.1	WP_012368270.1	593	595	3	0.232252
orthogroup_1831	GCF_000270125.2	WP_014593105.1	779	781	3	0.175549
orthogroup_188	GCF_000006925.2	NP_708663.1	4	6	3	0.257583
orthogroup_188	GCF_000025565.1	WP_003863433.1	4	6	3	0.161359
orthogroup_195	GCF_000005845.2	NP_417980.1	6	8	3	0.266057
orthogroup_195	GCF_000006945.1	NP_462510.1	6	8	3	0.229429
orthogroup_195	GCF_000025565.1	WP_013099207.1	6	8	3	0.201908
orthogroup_195	GCF_000240185.1	YP_005229329.1	6	8	3	0.160944
orthogroup_2	GCF_000005845.2	NP_414648.1	114	116	3	0.250626
orthogroup_2	GCF_000005845.2	NP_414648.1	332	334	3	0.215058
orthogroup_2	GCF_000006925.2	NP_706061.1	114	116	3	0.245727
orthogroup_2	GCF_000009065.1	WP_002209321.1	48	50	3	0.250072
orthogroup_2	GCF_000018045.1	WP_012134059.1	82	84	3	0.184752
orthogroup_2	GCF_000018045.1	WP_012134059.1	233	235	3	0.147079
orthogroup_2	GCF_000025565.1	WP_013095586.1	324	326	3	0.191523
orthogroup_2	GCF_000240185.1	YP_005225127.1	251	253	3	0.201019
orthogroup_2	GCF_000270125.2	WP_014592919.1	16	19	4	0.193534
orthogroup_203	GCF_000005845.2	NP_418491.1	11	13	3	0.266995
orthogroup_203	GCF_000006945.1	NP_463138.1	254	257	4	0.239565
orthogroup_203	GCF_000018045.1	WP_012134589.1	11	13	3	0.174313
orthogroup_203	GCF_000025565.1	WP_013095079.1	11	13	3	0.216145
orthogroup_204	GCF_000009065.1	WP_002209121.1	231	233	3	0.290009
orthogroup_204	GCF_000018045.1	WP_012134474.1	524	526	3	0.139743
orthogroup_204	GCF_000240185.1	YP_005224671.1	113	115	3	0.210110
orthogroup_204	GCF_000240185.1	YP_005224671.1	525	527	3	0.193685
orthogroup_204	GCF_000270125.2	WP_014595142.1	526	528	3	0.168838
orthogroup_210	GCF_000270125.2	WP_013025663.1	5	7	3	0.177726
orthogroup_22	GCF_000006945.1	NP_460940.1	8	10	3	0.229784
orthogroup_22	GCF_000025565.1	WP_169746050.1	9	12	4	0.136975
orthogroup_22	GCF_000240185.1	YP_005227746.1	2	10	9	0.143157
orthogroup_22	GCF_000240185.1	YP_005227746.1	39	41	3	0.180407
orthogroup_22	GCF_000240185.1	YP_005227746.1	76	78	3	0.147692
orthogroup_22	GCF_000240185.1	YP_005227746.1	89	91	3	0.112142
orthogroup_22	GCF_000762985.1	WP_043407150.1	3	5	3	0.238649
orthogroup_22	GCF_000762985.1	WP_043407150.1	116	119	4	0.267620
orthogroup_23	GCF_000005845.2	NP_416683.1	139	141	3	0.242513
orthogroup_23	GCF_000006925.2	NP_708077.1	139	141	3	0.253737
orthogroup_23	GCF_000009065.1	WP_002208826.1	7	9	3	0.277100
orthogroup_23	GCF_000009065.1	WP_002208826.1	267	269	3	0.280386
orthogroup_23	GCF_000018045.1	WP_012131578.1	139	141	3	0.189118
orthogroup_231	GCF_000005845.2	NP_415935.2	60	63	4	0.192743
orthogroup_231	GCF_000005845.2	NP_415935.2	166	168	3	0.191256
orthogroup_231	GCF_000006925.2	NP_707656.3	72	75	4	0.208819
orthogroup_231	GCF_000006925.2	NP_707656.3	84	86	3	0.270543
orthogroup_231	GCF_000006945.1	NP_460598.1	53	55	3	0.232664
orthogroup_231	GCF_000009065.1	WP_002215100.1	58	60	3	0.271583
orthogroup_231	GCF_000009065.1	WP_002215100.1	173	175	3	0.307895
orthogroup_231	GCF_000018045.1	WP_012132327.1	29	31	3	0.147093
orthogroup_231	GCF_000240185.1	YP_005227232.1	20	22	3	0.223586
orthogroup_233	GCF_000005845.2	NP_417031.1	80	82	3	0.236863
orthogroup_233	GCF_000009065.1	WP_002213316.1	9	11	3	0.321699
orthogroup_233	GCF_000018045.1	WP_012131239.1	270	272	3	0.136561
orthogroup_233	GCF_000240185.1	YP_005228241.1	227	229	3	0.178623
orthogroup_233	GCF_000270125.2	WP_014594325.1	9	11	3	0.152018
orthogroup_233	GCF_000270125.2	WP_014594325.1	44	46	3	0.166734
orthogroup_233	GCF_000270125.2	WP_014594325.1	299	302	4	0.196088
orthogroup_244	GCF_000005845.2	NP_415418.1	16	18	3	0.239230
orthogroup_244	GCF_000006925.2	NP_706783.1	16	18	3	0.230161
orthogroup_244	GCF_000006945.1	NP_459943.1	15	18	4	0.193003
orthogroup_244	GCF_000018045.1	WP_012133025.1	16	18	3	0.173864
orthogroup_244	GCF_000025565.1	WP_013097314.1	16	18	3	0.139796
orthogroup_244	GCF_000025565.1	WP_013097314.1	198	200	3	0.112463
orthogroup_244	GCF_000240185.1	YP_005226109.1	16	18	3	0.101473
orthogroup_260	GCF_000006945.1	NP_459477.1	80	82	3	0.213630
orthogroup_260	GCF_000018045.1	WP_012133505.1	80	82	3	0.163651
orthogroup_260	GCF_000025565.1	WP_013095896.1	23	27	5	0.193597
orthogroup_260	GCF_000069965.1	WP_004250834.1	101	103	3	0.248014
orthogroup_260	GCF_000069965.1	WP_004250834.1	108	110	3	0.248014
orthogroup_272	GCF_000018045.1	WP_012132617.1	174	176	3	0.175629
orthogroup_272	GCF_000240185.1	YP_005226442.1	4	7	4	0.193410
orthogroup_277	GCF_000240185.1	YP_005227889.1	468	470	3	0.137848
orthogroup_279	GCF_000006945.1	NP_461137.1	136	138	3	0.199459
orthogroup_279	GCF_000009065.1	WP_002211961.1	239	241	3	0.334608
orthogroup_279	GCF_000009065.1	WP_002211961.1	386	388	3	0.375150
orthogroup_279	GCF_000069965.1	WP_012367687.1	140	142	3	0.196049
orthogroup_279	GCF_000240185.1	YP_005227953.1	75	77	3	0.086060
orthogroup_279	GCF_000240185.1	YP_005227953.1	378	380	3	0.133557
orthogroup_283	GCF_000005845.2	NP_416924.1	153	156	4	0.215538
orthogroup_283	GCF_000006925.2	NP_708281.1	409	411	3	0.242895
orthogroup_283	GCF_000069965.1	WP_012368783.1	326	328	3	0.260251
orthogroup_283	GCF_000270125.2	WP_014595078.1	453	455	3	0.223911
orthogroup_284	GCF_000005845.2	NP_416988.1	80	82	3	0.155055
orthogroup_284	GCF_000006925.2	NP_708331.1	80	82	3	0.163812
orthogroup_284	GCF_000069965.1	WP_004243419.1	2	4	3	0.223973
orthogroup_300	GCF_000005845.2	NP_418018.1	315	317	3	0.240567
orthogroup_300	GCF_000006925.2	NP_709348.1	315	317	3	0.233624
orthogroup_300	GCF_000009065.1	WP_002209600.1	325	327	3	0.337625
orthogroup_300	GCF_000018045.1	WP_012135699.1	319	321	3	0.119217
orthogroup_300	GCF_000025565.1	WP_013094968.1	12	14	3	0.154629
orthogroup_303	GCF_000006945.1	NP_462818.1	308	310	3	0.228142
orthogroup_322	GCF_000009065.1	WP_002212309.1	232	234	3	0.364751
orthogroup_322	GCF_000025565.1	WP_013095795.1	24	26	3	0.180122
orthogroup_322	GCF_000240185.1	YP_005225351.1	225	227	3	0.126324
orthogroup_322	GCF_000762985.1	WP_043403860.1	19	21	3	0.122584
orthogroup_322	GCF_000762985.1	WP_043403860.1	115	117	3	0.298969
orthogroup_329	GCF_000005845.2	NP_415480.2	4	6	3	0.254110
orthogroup_329	GCF_000005845.2	NP_415480.2	128	130	3	0.270651
orthogroup_329	GCF_000005845.2	NP_415480.2	492	494	3	0.252115
orthogroup_329	GCF_000005845.2	NP_415480.2	690	692	3	0.259103
orthogroup_329	GCF_000006925.2	NP_706883.1	7	9	3	0.252391
orthogroup_329	GCF_000006925.2	NP_706883.1	442	444	3	0.221918
orthogroup_329	GCF_000006945.1	NP_460047.1	105	107	3	0.241278
orthogroup_329	GCF_000006945.1	NP_460047.1	419	421	3	0.202284
orthogroup_329	GCF_000009065.1	WP_002213063.1	238	240	3	0.371149
orthogroup_329	GCF_000009065.1	WP_002213063.1	683	685	3	0.258922
orthogroup_329	GCF_000018045.1	WP_024130467.1	4	6	3	0.208632
orthogroup_329	GCF_000018045.1	WP_024130467.1	143	145	3	0.199321
orthogroup_329	GCF_000018045.1	WP_024130467.1	608	610	3	0.194160
orthogroup_329	GCF_000025565.1	WP_013097254.1	378	380	3	0.198149
orthogroup_33	GCF_000005845.2	NP_417229.1	8	10	3	0.220450
orthogroup_33	GCF_000006925.2	NP_708554.1	81	83	3	0.239229
orthogroup_33	GCF_000270125.2	WP_013026921.1	68	70	3	0.230257
orthogroup_331	GCF_000009065.1	WP_002210965.1	66	68	3	0.402656
orthogroup_331	GCF_000009065.1	WP_002210965.1	180	182	3	0.259436
orthogroup_331	GCF_000025565.1	WP_013097942.1	48	50	3	0.207188
orthogroup_334	GCF_000005845.2	NP_415226.1	35	37	3	0.245467
orthogroup_334	GCF_000240185.1	YP_005225850.1	7	9	3	0.089783
orthogroup_334	GCF_000762985.1	WP_043404695.1	12	14	3	0.213963
orthogroup_334	GCF_000762985.1	WP_043404695.1	90	92	3	0.388127
orthogroup_334	GCF_000762985.1	WP_043404695.1	162	165	4	0.292615
orthogroup_334	GCF_000762985.1	WP_043404695.1	417	419	3	0.113494
orthogroup_334	GCF_000762985.1	WP_043404695.1	546	549	4	0.359261
orthogroup_335	GCF_000005845.2	NP_415186.1	221	223	3	0.144075
orthogroup_335	GCF_000240185.1	YP_005225819.1	174	177	4	0.188541
orthogroup_338	GCF_000069965.1	WP_004246597.1	12	14	3	0.250029
orthogroup_338	GCF_000069965.1	WP_004246597.1	23	25	3	0.224443
orthogroup_338	GCF_000069965.1	WP_004246597.1	58	60	3	0.250671
orthogroup_338	GCF_000069965.1	WP_004246597.1	165	167	3	0.231025
orthogroup_338	GCF_000270125.2	WP_013023932.1	135	137	3	0.211530
orthogroup_338	GCF_000762985.1	WP_043411279.1	2	4	3	0.145326
orthogroup_346	GCF_000025565.1	WP_013097014.1	165	167	3	0.196620
orthogroup_352	GCF_000762985.1	WP_043407004.1	93	95	3	0.316946
orthogroup_354	GCF_000006945.1	NP_461349.1	17	19	3	0.119420
orthogroup_354	GCF_000018045.1	WP_024130137.1	17	19	3	0.133286
orthogroup_354	GCF_000025565.1	WP_040022336.1	305	307	3	0.222390
orthogroup_354	GCF_000240185.1	YP_005228115.1	138	140	3	0.113144
orthogroup_354	GCF_000240185.1	YP_005228115.1	286	288	3	0.153831
orthogroup_354	GCF_000762985.1	WP_052428952.1	380	382	3	0.213837
orthogroup_36	GCF_000005845.2	NP_417482.1	53	55	3	0.215915
orthogroup_36	GCF_000006925.2	NP_708825.1	53	55	3	0.217525
orthogroup_36	GCF_000018045.1	WP_012135142.1	48	50	3	0.209525
orthogroup_36	GCF_000025565.1	WP_013098714.1	53	56	4	0.173028
orthogroup_36	GCF_000270125.2	WP_013027223.1	53	55	3	0.131607
orthogroup_371	GCF_000006925.2	NP_709552.3	16	18	3	0.275878
orthogroup_371	GCF_000069965.1	WP_004246598.1	4	6	3	0.229997
orthogroup_371	GCF_000069965.1	WP_004246598.1	90	92	3	0.248014
orthogroup_371	GCF_000240185.1	YP_005229614.1	5	8	4	0.155130
orthogroup_371	GCF_000240185.1	YP_005229614.1	24	26	3	0.186580
orthogroup_371	GCF_000240185.1	YP_005229614.1	65	67	3	0.147846
orthogroup_371	GCF_000240185.1	YP_005229614.1	119	121	3	0.204472
orthogroup_371	GCF_000270125.2	WP_014332968.1	62	65	4	0.268236
orthogroup_378	GCF_000006925.2	NP_709989.1	462	464	3	0.313289
orthogroup_385	GCF_000069965.1	WP_004245174.1	371	373	3	0.241587
orthogroup_387	GCF_000005845.2	NP_416760.1	273	276	4	0.241082
orthogroup_387	GCF_000006925.2	NP_708143.2	273	276	4	0.252712
orthogroup_387	GCF_000006945.1	NP_461243.1	293	295	3	0.224040
orthogroup_387	GCF_000006945.1	NP_461243.1	406	408	3	0.207419
orthogroup_390	GCF_000069965.1	WP_004248418.1	46	48	3	0.233376
orthogroup_390	GCF_000069965.1	WP_004248418.1	89	92	4	0.271847
orthogroup_415	GCF_000009065.1	WP_002209088.1	195	197	3	0.258922
orthogroup_415	GCF_000270125.2	WP_041930947.1	242	244	3	0.154937
orthogroup_418	GCF_000005845.2	NP_418783.2	146	148	3	0.272926
orthogroup_418	GCF_000006925.2	NP_710102.5	151	153	3	0.231341
orthogroup_419	GCF_000009065.1	WP_002211485.1	46	48	3	0.318967
orthogroup_420	GCF_000018045.1	WP_012132983.1	38	40	3	0.192061
orthogroup_420	GCF_000240185.1	YP_005226150.1	81	83	3	0.121543
orthogroup_420	GCF_000270125.2	WP_014606182.1	189	191	3	0.209426
orthogroup_425	GCF_000018045.1	WP_024130291.1	278	280	3	0.184181
orthogroup_425	GCF_000018045.1	WP_024130291.1	367	369	3	0.232543
orthogroup_429	GCF_000005845.2	NP_418129.2	9	11	3	0.256876
orthogroup_429	GCF_000005845.2	NP_418129.2	373	375	3	0.257766
orthogroup_429	GCF_000006925.2	NP_709522.1	329	331	3	0.263948
orthogroup_429	GCF_000006945.1	NP_462699.1	9	11	3	0.229493
orthogroup_429	GCF_000018045.1	WP_012000777.1	9	11	3	0.180222
orthogroup_429	GCF_000025565.1	WP_044159577.1	9	11	3	0.118822
orthogroup_429	GCF_000069965.1	WP_004246423.1	203	205	3	0.249173
orthogroup_429	GCF_000240185.1	YP_005229550.1	9	11	3	0.097418
orthogroup_429	GCF_000270125.2	WP_013027698.1	303	305	3	0.167683
orthogroup_429	GCF_000270125.2	WP_013027698.1	341	343	3	0.245407
orthogroup_454	GCF_000025565.1	WP_071830016.1	558	560	3	0.217751
orthogroup_454	GCF_000069965.1	WP_012367466.1	13	15	3	0.266678
orthogroup_454	GCF_000069965.1	WP_012367466.1	97	99	3	0.226874
orthogroup_454	GCF_000240185.1	YP_005225399.1	45	47	3	0.147684
orthogroup_46	GCF_000240185.1	YP_005224479.1	65	67	3	0.205119
orthogroup_46	GCF_000270125.2	WP_013024100.1	215	218	4	0.213803
orthogroup_471	GCF_000009065.1	WP_002211495.1	16	18	3	0.310158
orthogroup_471	GCF_000018045.1	WP_012135586.1	69	71	3	0.165735
orthogroup_471	GCF_000069965.1	WP_004245400.1	21	23	3	0.264491
orthogroup_471	GCF_000069965.1	WP_004245400.1	83	86	4	0.262975
orthogroup_480	GCF_000009065.1	WP_002223173.1	10	12	3	0.378846
orthogroup_484	GCF_000025565.1	WP_013098197.1	154	156	3	0.190614
orthogroup_489	GCF_000240185.1	YP_005226850.1	21	23	3	0.153851
orthogroup_489	GCF_000240185.1	YP_005226850.1	71	74	4	0.142709
orthogroup_489	GCF_000270125.2	WP_014595200.1	9	12	4	0.226364
orthogroup_49	GCF_000069965.1	WP_004248313.1	65	67	3	0.231025
orthogroup_515	GCF_000006945.1	NP_463101.1	58	60	3	0.219626
orthogroup_515	GCF_000009065.1	WP_002209089.1	6	8	3	0.319433
orthogroup_526	GCF_000009065.1	WP_002208669.1	42	45	4	0.403191
orthogroup_531	GCF_000006925.2	NP_706990.2	130	132	3	0.160146
orthogroup_531	GCF_000009065.1	WP_002211214.1	52	54	3	0.290009
orthogroup_531	GCF_000069965.1	WP_004242702.1	50	52	3	0.241366
orthogroup_534	GCF_000069965.1	WP_004247440.1	9	11	3	0.278608
orthogroup_540	GCF_000005845.2	NP_415424.1	9	12	4	0.242446
orthogroup_540	GCF_000006925.2	NP_706822.2	9	12	4	0.246568
orthogroup_540	GCF_000006945.1	NP_459949.1	9	11	3	0.221318
orthogroup_540	GCF_000009065.1	WP_002211331.1	188	190	3	0.367545
orthogroup_540	GCF_000018045.1	WP_024130478.1	9	11	3	0.130104
orthogroup_540	GCF_000025565.1	WP_013097310.1	9	11	3	0.169639
orthogroup_540	GCF_000240185.1	YP_005226112.1	9	12	4	0.149617
orthogroup_540	GCF_000270125.2	WP_013025235.1	71	73	3	0.233332
orthogroup_540	GCF_000270125.2	WP_013025235.1	77	81	5	0.188393
orthogroup_547	GCF_000005845.2	NP_415761.1	271	273	3	0.256876
orthogroup_547	GCF_000240185.1	YP_005227489.1	256	258	3	0.172617
orthogroup_548	GCF_000005845.2	NP_415794.1	14	16	3	0.178371
orthogroup_548	GCF_000006925.2	NP_707187.1	14	16	3	0.176448
orthogroup_548	GCF_000006925.2	NP_707187.1	124	126	3	0.248582
orthogroup_548	GCF_000009065.1	WP_002210617.1	228	230	3	0.249373
orthogroup_548	GCF_000018045.1	WP_012132240.1	103	105	3	0.217958
orthogroup_548	GCF_000018045.1	WP_012132240.1	176	178	3	0.137454
orthogroup_548	GCF_000018045.1	WP_012132240.1	237	240	4	0.215075
orthogroup_548	GCF_000025565.1	WP_028027956.1	14	16	3	0.123657
orthogroup_548	GCF_000069965.1	WP_012367957.1	202	204	3	0.267116
orthogroup_548	GCF_000069965.1	WP_012367957.1	233	236	4	0.248942
orthogroup_548	GCF_000240185.1	YP_005226481.1	6	10	5	0.162042
orthogroup_548	GCF_000240185.1	YP_005226481.1	172	174	3	0.185749
orthogroup_548	GCF_000270125.2	WP_013025928.1	252	254	3	0.227485
orthogroup_551	GCF_000025565.1	WP_013096842.1	86	88	3	0.203429
orthogroup_551	GCF_000069965.1	WP_004247986.1	25	27	3	0.266678
orthogroup_551	GCF_000240185.1	YP_005226775.1	44	46	3	0.174071
orthogroup_554	GCF_000005845.2	NP_416347.1	276	279	4	0.267912
orthogroup_554	GCF_000005845.2	NP_416347.1	292	294	3	0.255041
orthogroup_554	GCF_000006925.2	NP_707286.1	276	278	3	0.242041
orthogroup_554	GCF_000006925.2	NP_707286.1	282	284	3	0.208889
orthogroup_554	GCF_000009065.1	WP_002367629.1	329	331	3	0.349513
orthogroup_554	GCF_000018045.1	WP_024130263.1	87	89	3	0.146204
orthogroup_554	GCF_000018045.1	WP_024130263.1	383	385	3	0.189108
orthogroup_554	GCF_000018045.1	WP_024130263.1	400	402	3	0.178426
orthogroup_554	GCF_000025565.1	WP_038984489.1	198	200	3	0.198700
orthogroup_554	GCF_000025565.1	WP_038984489.1	254	256	3	0.172610
orthogroup_554	GCF_000025565.1	WP_038984489.1	400	402	3	0.145446
orthogroup_554	GCF_000069965.1	WP_012367828.1	25	28	4	0.203150
orthogroup_554	GCF_000069965.1	WP_012367828.1	61	63	3	0.259945
orthogroup_554	GCF_000069965.1	WP_012367828.1	256	258	3	0.203252
orthogroup_554	GCF_000069965.1	WP_012367828.1	348	350	3	0.188485
orthogroup_554	GCF_000240185.1	YP_005227665.1	77	79	3	0.120063
orthogroup_565	GCF_000005845.2	NP_414695.1	654	656	3	0.199946
orthogroup_565	GCF_000006925.2	NP_706101.1	450	452	3	0.242264
orthogroup_565	GCF_000006945.1	NP_459199.1	28	30	3	0.135729
orthogroup_565	GCF_000006945.1	NP_459199.1	231	234	4	0.238487
orthogroup_565	GCF_000018045.1	WP_012134005.1	206	208	3	0.135788
orthogroup_565	GCF_000018045.1	WP_012134005.1	640	642	3	0.189118
orthogroup_565	GCF_000240185.1	YP_005225202.1	57	59	3	0.133712
orthogroup_565	GCF_000240185.1	YP_005225202.1	202	204	3	0.174097
orthogroup_565	GCF_000240185.1	YP_005225202.1	654	656	3	0.084185
orthogroup_582	GCF_000005845.2	NP_417817.2	115	117	3	0.253054
orthogroup_582	GCF_000005845.2	NP_417817.2	372	374	3	0.209998
orthogroup_582	GCF_000006925.2	NP_709133.2	111	113	3	0.254185
orthogroup_582	GCF_000006925.2	NP_709133.2	368	370	3	0.231284
orthogroup_582	GCF_000006925.2	NP_709133.2	690	692	3	0.284295
orthogroup_582	GCF_000006945.1	NP_462370.1	29	31	3	0.225622
orthogroup_582	GCF_000009065.1	WP_002212296.1	395	397	3	0.319867
orthogroup_582	GCF_000018045.1	WP_012135464.1	689	691	3	0.213009
orthogroup_582	GCF_000025565.1	WP_013099057.1	473	475	3	0.176369
orthogroup_582	GCF_000025565.1	WP_013099057.1	688	690	3	0.214890
orthogroup_582	GCF_000240185.1	YP_005229195.1	96	98	3	0.178623
orthogroup_582	GCF_000270125.2	WP_041930928.1	3	5	3	0.127754
orthogroup_588	GCF_000006945.1	NP_460707.1	192	194	3	0.235489
orthogroup_588	GCF_000006945.1	NP_460707.1	204	206	3	0.225163
orthogroup_588	GCF_000009065.1	WP_002210656.1	186	188	3	0.307420
orthogroup_588	GCF_000018045.1	WP_024130298.1	125	127	3	0.177724
orthogroup_588	GCF_000018045.1	WP_024130298.1	176	178	3	0.193387
orthogroup_588	GCF_000240185.1	YP_005227493.1	2	4	3	0.185261
orthogroup_588	GCF_000240185.1	YP_005227493.1	125	127	3	0.091639
orthogroup_588	GCF_000240185.1	YP_005227493.1	135	137	3	0.193105
orthogroup_596	GCF_000009065.1	WP_002210847.1	181	183	3	0.335015
orthogroup_598	GCF_000018045.1	WP_012131604.1	27	29	3	0.223917
orthogroup_598	GCF_000069965.1	WP_012367756.1	25	27	3	0.232008
orthogroup_598	GCF_000069965.1	WP_012367756.1	184	186	3	0.231025
orthogroup_598	GCF_000069965.1	WP_012367756.1	335	337	3	0.225744
orthogroup_598	GCF_000240185.1	YP_005227961.1	2	6	5	0.154765
orthogroup_598	GCF_000270125.2	WP_014594116.1	93	95	3	0.252555
orthogroup_598	GCF_000270125.2	WP_014594116.1	126	128	3	0.143545
orthogroup_6	GCF_000009065.1	WP_002208652.1	5	7	3	0.479480
orthogroup_6	GCF_000069965.1	WP_004245105.1	82	84	3	0.262601
orthogroup_609	GCF_000009065.1	WP_002217581.1	196	198	3	0.269006
orthogroup_609	GCF_000025565.1	WP_013098765.1	46	48	3	0.140756
orthogroup_609	GCF_000240185.1	YP_005228892.1	9	11	3	0.220679
orthogroup_609	GCF_000240185.1	YP_005228892.1	46	48	3	0.119024
orthogroup_610	GCF_000006945.1	NP_462140.1	126	128	3	0.167802
orthogroup_610	GCF_000018045.1	WP_012135234.1	138	141	4	0.207188
orthogroup_610	GCF_000025565.1	WP_013098863.1	137	139	3	0.142061
orthogroup_610	GCF_000069965.1	WP_012368851.1	7	9	3	0.250201
orthogroup_610	GCF_000069965.1	WP_012368851.1	35	38	4	0.251864
orthogroup_610	GCF_000240185.1	YP_005228956.1	42	44	3	0.117269
orthogroup_618	GCF_000069965.1	WP_012368819.1	209	211	3	0.232008
orthogroup_618	GCF_000270125.2	WP_014594806.1	163	166	4	0.182721
orthogroup_626	GCF_000005845.2	NP_418365.1	16	18	3	0.238184
orthogroup_626	GCF_000005845.2	NP_418365.1	21	23	3	0.217447
orthogroup_626	GCF_000006925.2	NP_709734.2	16	18	3	0.243613
orthogroup_626	GCF_000006925.2	NP_709734.2	21	23	3	0.218378
orthogroup_626	GCF_000006945.1	NP_462971.1	17	19	3	0.228246
orthogroup_626	GCF_000006945.1	NP_462971.1	22	24	3	0.241901
orthogroup_626	GCF_000006945.1	NP_462971.1	262	264	3	0.235905
orthogroup_626	GCF_000006945.1	NP_462971.1	302	304	3	0.208280
orthogroup_626	GCF_000025565.1	WP_013099314.1	289	291	3	0.173354
orthogroup_626	GCF_000240185.1	YP_005224377.1	155	157	3	0.215108
orthogroup_626	GCF_000240185.1	YP_005224377.1	288	290	3	0.127189
orthogroup_626	GCF_000762985.1	WP_043405073.1	10	12	3	0.207496
orthogroup_627	GCF_000270125.2	WP_014604773.1	44	46	3	0.208176
orthogroup_65	GCF_000005845.2	NP_415410.1	12	14	3	0.281309
orthogroup_65	GCF_000006945.1	NP_459936.1	21	23	3	0.201667
orthogroup_65	GCF_000006945.1	NP_459936.1	26	29	4	0.215477
orthogroup_65	GCF_000025565.1	WP_013097320.1	21	23	3	0.219124
orthogroup_65	GCF_000025565.1	WP_013097320.1	524	526	3	0.226761
orthogroup_65	GCF_000240185.1	YP_005226101.1	21	23	3	0.142127
orthogroup_65	GCF_000270125.2	WP_041930731.1	91	93	3	0.194711
orthogroup_663	GCF_000270125.2	WP_024471162.1	146	148	3	0.165578
orthogroup_682	GCF_000025565.1	WP_013099171.1	123	125	3	0.244655
orthogroup_682	GCF_000240185.1	YP_005229296.1	6	8	3	0.170072
orthogroup_684	GCF_000069965.1	WP_004247812.1	464	466	3	0.243468
orthogroup_684	GCF_000270125.2	WP_014594114.1	7	10	4	0.264846
orthogroup_687	GCF_000006945.1	NP_461324.1	252	254	3	0.179764
orthogroup_687	GCF_000025565.1	WP_013098149.1	36	38	3	0.169607
orthogroup_687	GCF_000240185.1	YP_005228086.1	37	39	3	0.116689
orthogroup_687	GCF_000270125.2	WP_014594199.1	230	232	3	0.197980
orthogroup_689	GCF_000005845.2	NP_416965.1	495	497	3	0.191256
orthogroup_689	GCF_000006925.2	NP_708308.1	116	118	3	0.248582
orthogroup_689	GCF_000006925.2	NP_708308.1	496	498	3	0.205441
orthogroup_689	GCF_000009065.1	WP_002208539.1	28	30	3	0.399636
orthogroup_689	GCF_000009065.1	WP_002208539.1	1033	1035	3	0.225519
orthogroup_7	GCF_000006945.1	NP_459470.1	117	119	3	0.250421
orthogroup_7	GCF_000006945.1	NP_459470.1	376	378	3	0.235385
orthogroup_7	GCF_000009065.1	WP_002208616.1	1034	1036	3	0.345830
orthogroup_7	GCF_000025565.1	WP_013095890.1	376	378	3	0.181376
orthogroup_7	GCF_000069965.1	WP_004245072.1	382	384	3	0.265649
orthogroup_7	GCF_000240185.1	YP_005225488.1	941	943	3	0.133495
orthogroup_7	GCF_000270125.2	WP_014593090.1	654	656	3	0.248981
orthogroup_703	GCF_000069965.1	WP_004244273.1	488	490	3	0.226214
orthogroup_703	GCF_000270125.2	WP_014606421.1	20	22	3	0.193461
orthogroup_719	GCF_000025565.1	WP_038983856.1	305	307	3	0.143636
orthogroup_72	GCF_000009065.1	WP_002211068.1	3	6	4	0.366043
orthogroup_72	GCF_000270125.2	WP_026020938.1	5	7	3	0.239757
orthogroup_741	GCF_000009065.1	WP_002210164.1	423	425	3	0.270216
orthogroup_741	GCF_000025565.1	WP_013095324.1	6	9	4	0.171718
orthogroup_741	GCF_000240185.1	YP_005224756.1	6	9	4	0.158613
orthogroup_755	GCF_000005845.2	NP_415190.1	479	481	3	0.255398
orthogroup_755	GCF_000006945.1	NP_459658.1	64	67	4	0.227704
orthogroup_755	GCF_000025565.1	WP_013097577.1	19	21	3	0.179925
orthogroup_755	GCF_000069965.1	WP_012367590.1	44	48	5	0.248898
orthogroup_755	GCF_000069965.1	WP_012367590.1	114	116	3	0.253102
orthogroup_755	GCF_000240185.1	YP_005225822.1	5	7	3	0.153004
orthogroup_755	GCF_000270125.2	WP_026021048.1	43	45	3	0.246877
orthogroup_758	GCF_000005845.2	NP_415363.1	10	12	3	0.172701
orthogroup_758	GCF_000006925.2	NP_706721.1	10	12	3	0.206414
orthogroup_758	GCF_000018045.1	WP_012133116.1	10	12	3	0.208740
orthogroup_758	GCF_000240185.1	YP_005226009.1	11	13	3	0.139611
orthogroup_758	GCF_000240185.1	YP_005226009.1	54	57	4	0.188393
orthogroup_759	GCF_000005845.2	NP_415395.2	142	144	3	0.178371
orthogroup_759	GCF_000006925.2	NP_706755.1	7	10	4	0.202799
orthogroup_759	GCF_000006925.2	NP_706755.1	158	160	3	0.176448
orthogroup_759	GCF_000006945.1	NP_459915.1	4	6	3	0.238556
orthogroup_759	GCF_000006945.1	NP_459915.1	291	293	3	0.241901
orthogroup_759	GCF_000018045.1	WP_012133055.1	4	6	3	0.175530
orthogroup_759	GCF_000018045.1	WP_012133055.1	58	60	3	0.205679
orthogroup_759	GCF_000025565.1	WP_013097331.1	4	6	3	0.212669
orthogroup_759	GCF_000025565.1	WP_013097331.1	26	28	3	0.186380
orthogroup_759	GCF_000025565.1	WP_013097331.1	121	123	3	0.200900
orthogroup_759	GCF_000025565.1	WP_013097331.1	266	268	3	0.202530
orthogroup_759	GCF_000240185.1	YP_005226085.1	60	62	3	0.133495
orthogroup_759	GCF_000240185.1	YP_005226085.1	159	161	3	0.127400
orthogroup_759	GCF_000240185.1	YP_005226085.1	177	180	4	0.181364
orthogroup_759	GCF_000240185.1	YP_005226085.1	286	288	3	0.142857
orthogroup_759	GCF_000270125.2	WP_024470921.1	4	6	3	0.190889
orthogroup_76	GCF_000005845.2	NP_416684.1	319	321	3	0.217252
orthogroup_76	GCF_000006925.2	NP_708078.1	319	321	3	0.220988
orthogroup_76	GCF_000006945.1	NP_461162.1	296	298	3	0.229838
orthogroup_767	GCF_000005845.2	NP_416119.1	3	5	3	0.261329
orthogroup_767	GCF_000005845.2	NP_416119.1	351	353	3	0.271589
orthogroup_767	GCF_000006925.2	NP_707499.1	3	5	3	0.292782
orthogroup_767	GCF_000006925.2	NP_707499.1	351	353	3	0.287973
orthogroup_767	GCF_000006945.1	NP_460440.1	3	5	3	0.247274
orthogroup_767	GCF_000018045.1	WP_012132483.1	3	5	3	0.190010
orthogroup_767	GCF_000025565.1	WP_013096868.1	3	5	3	0.178443
orthogroup_767	GCF_000240185.1	YP_005226734.1	4	6	3	0.152655
orthogroup_767	GCF_000270125.2	WP_013025871.1	31	33	3	0.217372
orthogroup_768	GCF_000240185.1	YP_005227251.1	2	4	3	0.196218
orthogroup_772	GCF_000005845.2	NP_417925.1	35	37	3	0.207669
orthogroup_772	GCF_000006925.2	NP_709238.1	35	37	3	0.211532
orthogroup_772	GCF_000018045.1	WP_012135582.1	37	41	5	0.169646
orthogroup_772	GCF_000069965.1	WP_004248875.1	35	37	3	0.226214
orthogroup_772	GCF_000069965.1	WP_004248875.1	89	91	3	0.212832
orthogroup_772	GCF_000069965.1	WP_004248875.1	150	153	4	0.265035
orthogroup_772	GCF_000270125.2	WP_014594809.1	167	170	4	0.150545
orthogroup_784	GCF_000009065.1	WP_002211550.1	216	218	3	0.401003
orthogroup_784	GCF_000025565.1	WP_013099227.1	23	25	3	0.232883
orthogroup_784	GCF_000270125.2	WP_013024109.1	108	110	3	0.206942
orthogroup_790	GCF_000006945.1	NP_459456.1	377	379	3	0.219270
orthogroup_790	GCF_000018045.1	WP_024130591.1	377	379	3	0.182281
orthogroup_790	GCF_000025565.1	WP_013095869.1	398	400	3	0.222266
orthogroup_790	GCF_000240185.1	YP_005225453.1	5	7	3	0.219289
orthogroup_790	GCF_000240185.1	YP_005225453.1	134	136	3	0.152655
orthogroup_799	GCF_000240185.1	YP_005226733.1	5	7	3	0.185193
orthogroup_799	GCF_000240185.1	YP_005226733.1	25	27	3	0.169015
orthogroup_799	GCF_000240185.1	YP_005226733.1	53	55	3	0.198014
orthogroup_80	GCF_000005845.2	NP_416816.1	159	161	3	0.192359
orthogroup_80	GCF_000006925.2	NP_708195.1	159	161	3	0.204075
orthogroup_80	GCF_000006945.1	NP_461305.1	159	161	3	0.194351
orthogroup_80	GCF_000018045.1	WP_012131456.1	159	161	3	0.176238
orthogroup_80	GCF_000025565.1	WP_013098135.1	159	161	3	0.162479
orthogroup_80	GCF_000069965.1	WP_004243731.1	150	152	3	0.234023
orthogroup_80	GCF_000240185.1	YP_005228072.1	93	95	3	0.148175
orthogroup_80	GCF_000240185.1	YP_005228072.1	98	100	3	0.125339
orthogroup_81	GCF_000009065.1	WP_002208511.1	272	274	3	0.351439
orthogroup_81	GCF_000025565.1	WP_013098204.1	28	30	3	0.120272
orthogroup_81	GCF_000240185.1	YP_005228140.1	28	30	3	0.092328
orthogroup_81	GCF_000762985.1	WP_043410574.1	95	97	3	0.232178
orthogroup_812	GCF_000006945.1	NP_462017.1	19	21	3	0.189661
orthogroup_812	GCF_000018045.1	WP_012135068.1	19	21	3	0.135788
orthogroup_812	GCF_000069965.1	WP_004244828.1	134	136	3	0.214713
orthogroup_824	GCF_000069965.1	WP_012367482.1	273	275	3	0.248014
orthogroup_824	GCF_000270125.2	WP_014606436.1	405	407	3	0.246877
orthogroup_824	GCF_000762985.1	WP_043411396.1	374	376	3	0.388954
orthogroup_824	GCF_000762985.1	WP_043411396.1	416	418	3	0.320507
orthogroup_834	GCF_000006925.2	NP_707122.1	52	54	3	0.245505
orthogroup_834	GCF_000009065.1	WP_002211234.1	96	98	3	0.362703
orthogroup_834	GCF_000025565.1	WP_013096235.1	124	126	3	0.139859
orthogroup_834	GCF_000240185.1	YP_005227531.1	19	21	3	0.155200
orthogroup_834	GCF_000240185.1	YP_005227531.1	124	126	3	0.086772
orthogroup_864	GCF_000240185.1	YP_005224495.1	101	103	3	0.195887
orthogroup_870	GCF_000005845.2	NP_418682.1	22	24	3	0.239230
orthogroup_870	GCF_000006925.2	NP_709940.2	22	24	3	0.230161
orthogroup_870	GCF_000006945.1	NP_463339.1	22	24	3	0.232664
orthogroup_870	GCF_000069965.1	WP_004249580.1	103	105	3	0.238741
orthogroup_870	GCF_000270125.2	WP_013024393.1	52	54	3	0.190889
orthogroup_900	GCF_000005845.2	YP_026244.1	119	121	3	0.221213
orthogroup_900	GCF_000006925.2	NP_709561.1	265	268	4	0.262921
orthogroup_900	GCF_000006945.1	NP_462779.1	265	267	3	0.180840
orthogroup_900	GCF_000006945.1	NP_462779.1	593	595	3	0.229493
orthogroup_900	GCF_000009065.1	WP_002212253.1	311	313	3	0.323814
orthogroup_900	GCF_000009065.1	WP_002212253.1	511	513	3	0.429257
orthogroup_900	GCF_000009065.1	WP_002212253.1	579	581	3	0.424133
orthogroup_900	GCF_000025565.1	WP_013099398.1	255	257	3	0.186932
orthogroup_921	GCF_000009065.1	WP_002209344.1	202	204	3	0.379462
orthogroup_921	GCF_000069965.1	WP_004245036.1	191	193	3	0.214154
orthogroup_923	GCF_000018045.1	WP_024130590.1	14	17	4	0.201779
orthogroup_923	GCF_000069965.1	WP_004245076.1	28	30	3	0.250193
orthogroup_923	GCF_000762985.1	WP_043414881.1	400	402	3	0.126998
orthogroup_923	GCF_000762985.1	WP_043414881.1	424	427	4	0.175194
orthogroup_923	GCF_000762985.1	WP_043414881.1	445	448	4	0.253027
orthogroup_934	GCF_000005845.2	NP_416051.1	17	19	3	0.258213
orthogroup_934	GCF_000006945.1	NP_460476.1	3	6	4	0.203123
orthogroup_934	GCF_000006945.1	NP_460476.1	18	20	3	0.241130
orthogroup_934	GCF_000018045.1	WP_012132430.1	10	13	4	0.195052
orthogroup_934	GCF_000018045.1	WP_012132430.1	359	361	3	0.222634
orthogroup_934	GCF_000025565.1	WP_013096630.1	17	19	3	0.117371
orthogroup_938	GCF_000005845.2	NP_416420.1	310	312	3	0.252814
orthogroup_938	GCF_000006925.2	NP_707797.1	310	312	3	0.241495
orthogroup_938	GCF_000006945.1	NP_460893.1	38	40	3	0.235385
orthogroup_938	GCF_000006945.1	NP_460893.1	52	54	3	0.143834
orthogroup_938	GCF_000006945.1	NP_460893.1	292	294	3	0.195554
orthogroup_938	GCF_000240185.1	YP_005227728.1	105	107	3	0.185749
orthogroup_946	GCF_000005845.2	NP_418444.1	315	317	3	0.203551
orthogroup_946	GCF_000006925.2	NP_709804.1	315	317	3	0.225613
orthogroup_946	GCF_000025565.1	WP_013095027.1	65	67	3	0.176737
orthogroup_946	GCF_000025565.1	WP_013095027.1	303	305	3	0.191216
orthogroup_946	GCF_000025565.1	WP_013095027.1	450	452	3	0.195894
orthogroup_946	GCF_000240185.1	YP_005224534.1	110	112	3	0.098898
orthogroup_96	GCF_000005845.2	NP_418231.1	45	49	5	0.232243
orthogroup_96	GCF_000006925.2	NP_709588.1	45	49	5	0.249456
orthogroup_96	GCF_000009065.1	WP_002211988.1	3	5	3	0.321053
orthogroup_96	GCF_000009065.1	WP_002211988.1	52	54	3	0.331876
orthogroup_96	GCF_000018045.1	WP_012131134.1	12	16	5	0.202559
orthogroup_96	GCF_000018045.1	WP_012131134.1	372	374	3	0.184955
orthogroup_96	GCF_000025565.1	WP_013099278.1	363	366	4	0.190497
orthogroup_96	GCF_000240185.1	YP_005224431.1	3	6	4	0.180029
orthogroup_96	GCF_000240185.1	YP_005224431.1	120	122	3	0.175096
orthogroup_96	GCF_000270125.2	WP_014595000.1	158	160	3	0.222661
orthogroup_968	GCF_000005845.2	NP_415400.1	3	5	3	0.254110
orthogroup_968	GCF_000005845.2	NP_415400.1	586	589	4	0.237154
orthogroup_968	GCF_000006925.2	NP_706765.1	3	5	3	0.252391
orthogroup_968	GCF_000006925.2	NP_706765.1	586	588	3	0.242895
orthogroup_968	GCF_000006945.1	NP_459919.1	128	130	3	0.226668
orthogroup_968	GCF_000009065.1	WP_002211351.1	47	49	3	0.442191
orthogroup_968	GCF_000009065.1	WP_002211351.1	587	589	3	0.250740
orthogroup_968	GCF_000025565.1	WP_013097326.1	489	491	3	0.198149
orthogroup_968	GCF_000240185.1	YP_005226090.1	459	461	3	0.141967
orthogroup_968	GCF_000240185.1	YP_005226090.1	586	588	3	0.174071
orthogroup_971	GCF_000005845.2	NP_415734.1	123	125	3	0.256876
orthogroup_971	GCF_000005845.2	NP_415734.1	247	249	3	0.253172
orthogroup_971	GCF_000006925.2	NP_707125.1	123	125	3	0.242041
orthogroup_971	GCF_000006945.1	NP_460727.1	123	125	3	0.229493
orthogroup_971	GCF_000270125.2	WP_013025529.1	14	16	3	0.127563
orthogroup_972	GCF_000005845.2	NP_415770.1	162	164	3	0.269761
orthogroup_980	GCF_000005845.2	NP_416458.1	79	81	3	0.263064
orthogroup_980	GCF_000018045.1	WP_012131898.1	23	25	3	0.209525
orthogroup_980	GCF_000018045.1	WP_012131898.1	89	91	3	0.182760
orthogroup_985	GCF_000018045.1	WP_024130930.1	149	151	3	0.213029
orthogroup_985	GCF_000025565.1	WP_013098632.1	17	19	3	0.222266
orthogroup_985	GCF_000270125.2	WP_013027071.1	7	9	3	0.251553
orthogroup_985	GCF_000762985.1	WP_052428643.1	48	50	3	0.248408
orthogroup_995	GCF_000005845.2	NP_417305.1	18	20	3	0.210554
orthogroup_995	GCF_000005845.2	NP_417305.1	42	44	3	0.230957
orthogroup_995	GCF_000006925.2	NP_708617.1	18	20	3	0.243117
orthogroup_995	GCF_000025565.1	WP_013098551.1	18	20	3	0.248395
orthogroup_995	GCF_000025565.1	WP_013098551.1	288	290	3	0.212942
orthogroup_995	GCF_000270125.2	WP_024471441.1	262	264	3	0.245627
orthogroup_995	GCF_000270125.2	WP_024471441.1	287	289	3	0.255127
