membrane_orthogroup	pseudo_tmd_index	species_total	species_with_feature	presence_fraction	median_distance_start	mean_distance_start	sd_distance_start	variance_distance_start
orthogroup_100	1	10	2	0.200000	-10.250000	-10.250000	1.060660	1.125000
orthogroup_100	2	10	0	0.000000				
orthogroup_100	3	10	0	0.000000				
orthogroup_100	4	10	2	0.200000	-13.000000	-13.000000	7.071068	50.000000
orthogroup_100	5	10	0	0.000000				
orthogroup_100	6	10	0	0.000000				
orthogroup_100	7	10	0	0.000000				
orthogroup_100	8	10	1	0.100000	1.000000	1.000000		
orthogroup_100	9	10	0	0.000000				
orthogroup_100	10	10	2	0.200000	18.250000	18.250000	0.353553	0.125000
orthogroup_100	11	10	0	0.000000				
orthogroup_100	12	10	0	0.000000				
orthogroup_1013	1	9	1	0.111111	-6.000000	-6.000000		
orthogroup_1013	2	9	0	0.000000				
orthogroup_1013	3	9	0	0.000000				
orthogroup_1013	4	9	0	0.000000				
orthogroup_1014	1	9	3	0.333333	4.000000	-1.333333	14.742230	217.333333
orthogroup_1014	2	9	0	0.000000				
orthogroup_1014	3	9	0	0.000000				
orthogroup_1014	4	9	1	0.111111	-4.500000	-4.500000		
orthogroup_1014	5	9	0	0.000000				
orthogroup_1014	6	9	0	0.000000				
orthogroup_1024	1	9	0	0.000000				
orthogroup_1024	2	9	0	0.000000				
orthogroup_1024	3	9	0	0.000000				
orthogroup_1024	4	9	0	0.000000				
orthogroup_1024	5	9	0	0.000000				
orthogroup_1024	6	9	0	0.000000				
orthogroup_1024	7	9	0	0.000000				
orthogroup_1031	1	9	0	0.000000				
orthogroup_1031	2	9	0	0.000000				
orthogroup_1031	3	9	0	0.000000				
orthogroup_1031	4	9	0	0.000000				
orthogroup_1038	1	9	1	0.111111	8.000000	8.000000		
orthogroup_1038	2	9	0	0.000000				
orthogroup_1038	3	9	0	0.000000				
orthogroup_1038	4	9	0	0.000000				
orthogroup_1038	5	9	2	0.222222	181.000000	181.000000	26.870058	722.000000
orthogroup_104	1	8	0	0.000000				
orthogroup_104	2	8	0	0.000000				
orthogroup_104	3	8	0	0.000000				
orthogroup_104	4	8	0	0.000000				
orthogroup_104	5	8	0	0.000000				
orthogroup_104	6	8	0	0.000000				
orthogroup_104	7	8	0	0.000000				
orthogroup_104	8	8	0	0.000000				
orthogroup_104	9	8	0	0.000000				
orthogroup_104	10	8	0	0.000000				
orthogroup_1040	1	8	0	0.000000				
orthogroup_1040	2	8	0	0.000000				
orthogroup_1040	3	8	0	0.000000				
orthogroup_1040	4	8	0	0.000000				
orthogroup_1040	5	8	1	0.125000	41.000000	41.000000		
orthogroup_1040	6	8	1	0.125000	11.000000	11.000000		
orthogroup_1040	7	8	0	0.000000				
orthogroup_1040	8	8	0	0.000000				
orthogroup_1040	9	8	1	0.125000	24.000000	24.000000		
orthogroup_1040	10	8	0	0.000000				
orthogroup_1042	1	9	0	0.000000				
orthogroup_1042	2	9	2	0.222222	-2.500000	-2.500000	10.606602	112.500000
orthogroup_1042	3	9	1	0.111111	-2.000000	-2.000000		
orthogroup_1042	4	9	0	0.000000				
orthogroup_1042	5	9	0	0.000000				
orthogroup_1042	6	9	0	0.000000				
orthogroup_1042	7	9	0	0.000000				
orthogroup_1042	8	9	2	0.222222	-11.500000	-11.500000	0.000000	0.000000
orthogroup_1042	9	9	0	0.000000				
orthogroup_1042	10	9	1	0.111111	-4.000000	-4.000000		
orthogroup_1047	1	9	0	0.000000				
orthogroup_1047	2	9	0	0.000000				
orthogroup_1047	3	9	1	0.111111	136.000000	136.000000		
orthogroup_105	1	9	0	0.000000				
orthogroup_105	2	9	1	0.111111	0.000000	0.000000		
orthogroup_105	3	9	1	0.111111	-58.000000	-58.000000		
orthogroup_105	4	9	0	0.000000				
orthogroup_105	5	9	0	0.000000				
orthogroup_105	6	9	0	0.000000				
orthogroup_105	7	9	0	0.000000				
orthogroup_105	8	9	0	0.000000				
orthogroup_1050	1	9	3	0.333333	117.000000	89.666667	77.693844	6036.333333
orthogroup_1050	2	9	1	0.111111	-40.000000	-40.000000		
orthogroup_1050	3	9	0	0.000000				
orthogroup_1050	4	9	0	0.000000				
orthogroup_1050	5	9	1	0.111111	-1.000000	-1.000000		
orthogroup_1050	6	9	0	0.000000				
orthogroup_1059	1	8	0	0.000000				
orthogroup_1059	2	8	0	0.000000				
orthogroup_1059	3	8	1	0.125000	0.000000	0.000000		
orthogroup_1059	4	8	0	0.000000				
orthogroup_1059	5	8	0	0.000000				
orthogroup_1059	6	8	0	0.000000				
orthogroup_1059	7	8	0	0.000000				
orthogroup_1059	8	8	0	0.000000				
orthogroup_1059	9	8	0	0.000000				
orthogroup_1059	10	8	0	0.000000				
orthogroup_1059	11	8	0	0.000000				
orthogroup_1059	12	8	0	0.000000				
orthogroup_1074	1	9	0	0.000000				
orthogroup_1074	2	9	0	0.000000				
orthogroup_1074	3	9	1	0.111111	-9.500000	-9.500000		
orthogroup_1074	4	9	0	0.000000				
orthogroup_1074	5	9	0	0.000000				
orthogroup_1074	6	9	0	0.000000				
orthogroup_1074	7	9	0	0.000000				
orthogroup_1074	8	9	0	0.000000				
orthogroup_110	1	9	0	0.000000				
orthogroup_110	2	9	0	0.000000				
orthogroup_110	3	9	0	0.000000				
orthogroup_1107	1	9	1	0.111111	-9.000000	-9.000000		
orthogroup_1107	2	9	0	0.000000				
orthogroup_1107	3	9	0	0.000000				
orthogroup_1107	4	9	0	0.000000				
orthogroup_1110	1	8	1	0.125000	2.000000	2.000000		
orthogroup_1110	2	8	1	0.125000	8.000000	8.000000		
orthogroup_1110	3	8	1	0.125000	5.000000	5.000000		
orthogroup_1110	4	8	0	0.000000				
orthogroup_1110	5	8	2	0.250000	6.000000	6.000000	0.000000	0.000000
orthogroup_1124	1	9	1	0.111111	80.000000	80.000000		
orthogroup_1124	2	9	0	0.000000				
orthogroup_1124	3	9	0	0.000000				
orthogroup_1124	4	9	1	0.111111	-17.000000	-17.000000		
orthogroup_1141	1	10	0	0.000000				
orthogroup_1141	2	10	0	0.000000				
orthogroup_1141	3	10	0	0.000000				
orthogroup_1141	4	10	1	0.100000	5.000000	5.000000		
orthogroup_1141	5	10	0	0.000000				
orthogroup_1141	6	10	0	0.000000				
orthogroup_1141	7	10	0	0.000000				
orthogroup_1141	8	10	0	0.000000				
orthogroup_1141	9	10	0	0.000000				
orthogroup_1154	1	9	0	0.000000				
orthogroup_1154	2	9	0	0.000000				
orthogroup_1154	3	9	0	0.000000				
orthogroup_1154	4	9	0	0.000000				
orthogroup_1154	5	9	0	0.000000				
orthogroup_1154	6	9	0	0.000000				
orthogroup_1154	7	9	0	0.000000				
orthogroup_1154	8	9	0	0.000000				
orthogroup_1154	9	9	0	0.000000				
orthogroup_1154	10	9	0	0.000000				
orthogroup_1158	1	9	2	0.222222	-6.500000	-6.500000	13.435029	180.500000
orthogroup_1158	2	9	1	0.111111	13.500000	13.500000		
orthogroup_1158	3	9	0	0.000000				
orthogroup_1158	4	9	1	0.111111	4.000000	4.000000		
orthogroup_1158	5	9	7	0.777778	22.000000	172.000000	203.378137	41362.666667
orthogroup_1177	1	10	1	0.100000	6.000000	6.000000		
orthogroup_1177	2	10	0	0.000000				
orthogroup_1177	3	10	1	0.100000	-4.000000	-4.000000		
orthogroup_1177	4	10	2	0.200000	8.000000	8.000000	5.656854	32.000000
orthogroup_1177	5	10	2	0.200000	-1.000000	-1.000000	5.656854	32.000000
orthogroup_1177	6	10	2	0.200000	6.000000	6.000000	7.071068	50.000000
orthogroup_1181	1	10	3	0.300000	-22.000000	-12.000000	17.320508	300.000000
orthogroup_1181	2	10	0	0.000000				
orthogroup_1181	3	10	0	0.000000				
orthogroup_1181	4	10	1	0.100000	21.500000	21.500000		
orthogroup_1181	5	10	1	0.100000	-34.000000	-34.000000		
orthogroup_1181	6	10	9	0.900000	166.000000	159.777778	61.434981	3774.256944
orthogroup_119	1	8	1	0.125000	20.000000	20.000000		
orthogroup_119	2	8	0	0.000000				
orthogroup_119	3	8	1	0.125000	-3.000000	-3.000000		
orthogroup_1208	1	9	0	0.000000				
orthogroup_1208	2	9	0	0.000000				
orthogroup_1208	3	9	0	0.000000				
orthogroup_1208	4	9	0	0.000000				
orthogroup_1208	5	9	0	0.000000				
orthogroup_1225	1	9	1	0.111111	-7.500000	-7.500000		
orthogroup_1225	2	9	0	0.000000				
orthogroup_1225	3	9	1	0.111111	51.000000	51.000000		
orthogroup_1267	1	9	0	0.000000				
orthogroup_1267	2	9	1	0.111111	8.000000	8.000000		
orthogroup_1267	3	9	0	0.000000				
orthogroup_1267	4	9	0	0.000000				
orthogroup_1267	5	9	0	0.000000				
orthogroup_1267	6	9	0	0.000000				
orthogroup_1267	7	9	0	0.000000				
orthogroup_1267	8	9	0	0.000000				
orthogroup_1267	9	9	0	0.000000				
orthogroup_1267	10	9	1	0.111111	10.000000	10.000000		
orthogroup_1270	1	9	2	0.222222	-17.000000	-17.000000	0.000000	0.000000
orthogroup_1270	2	9	0	0.000000				
orthogroup_1270	3	9	0	0.000000				
orthogroup_1270	4	9	0	0.000000				
orthogroup_1270	5	9	0	0.000000				
orthogroup_1270	6	9	3	0.333333	-10.000000	-10.166667	0.763763	0.583333
orthogroup_1270	7	9	1	0.111111	-9.000000	-9.000000		
orthogroup_1271	1	10	0	0.000000				
orthogroup_1271	2	10	1	0.100000	4.000000	4.000000		
orthogroup_1271	3	10	0	0.000000				
orthogroup_1271	4	10	0	0.000000				
orthogroup_1271	5	10	0	0.000000				
orthogroup_1271	6	10	0	0.000000				
orthogroup_1271	7	10	1	0.100000	2.000000	2.000000		
orthogroup_1271	8	10	0	0.000000				
orthogroup_1271	9	10	1	0.100000	-8.000000	-8.000000		
orthogroup_1271	10	10	0	0.000000				
orthogroup_1271	11	10	0	0.000000				
orthogroup_1271	12	10	0	0.000000				
orthogroup_1271	13	10	0	0.000000				
orthogroup_1271	14	10	0	0.000000				
orthogroup_1294	1	8	4	0.500000	11.000000	11.000000	0.000000	0.000000
orthogroup_1294	2	8	2	0.250000	-3.000000	-3.000000	0.000000	0.000000
orthogroup_1294	3	8	0	0.000000				
orthogroup_1294	4	8	2	0.250000	55.000000	55.000000	0.000000	0.000000
orthogroup_1309	1	8	1	0.125000	7.000000	7.000000		
orthogroup_1309	2	8	0	0.000000				
orthogroup_1309	3	8	0	0.000000				
orthogroup_1309	4	8	0	0.000000				
orthogroup_1309	5	8	0	0.000000				
orthogroup_1309	6	8	1	0.125000	21.000000	21.000000		
orthogroup_1309	7	8	0	0.000000				
orthogroup_1309	8	8	0	0.000000				
orthogroup_1309	9	8	1	0.125000	-8.000000	-8.000000		
orthogroup_1309	10	8	0	0.000000				
orthogroup_1309	11	8	0	0.000000				
orthogroup_1309	12	8	0	0.000000				
orthogroup_1311	1	9	2	0.222222	16.000000	16.000000	38.183766	1458.000000
orthogroup_1311	2	9	0	0.000000				
orthogroup_1311	3	9	1	0.111111	12.000000	12.000000		
orthogroup_1313	1	9	1	0.111111	-10.000000	-10.000000		
orthogroup_1313	2	9	0	0.000000				
orthogroup_1313	3	9	0	0.000000				
orthogroup_1313	4	9	0	0.000000				
orthogroup_1313	5	9	0	0.000000				
orthogroup_1328	1	10	5	0.500000	-21.000000	-20.900000	0.223607	0.050000
orthogroup_1328	2	10	3	0.300000	-20.000000	-19.666667	1.527525	2.333333
orthogroup_1328	3	10	1	0.100000	-17.000000	-17.000000		
orthogroup_1328	4	10	0	0.000000				
orthogroup_1328	5	10	1	0.100000	0.000000	0.000000		
orthogroup_1328	6	10	0	0.000000				
orthogroup_1335	1	9	4	0.444444	-273.500000	-254.000000	201.048916	40420.666667
orthogroup_1335	2	9	0	0.000000				
orthogroup_1335	3	9	0	0.000000				
orthogroup_1335	4	9	0	0.000000				
orthogroup_1335	5	9	1	0.111111	-3.000000	-3.000000		
orthogroup_1335	6	9	0	0.000000				
orthogroup_1335	7	9	0	0.000000				
orthogroup_1335	8	9	1	0.111111	4.000000	4.000000		
orthogroup_1335	9	9	0	0.000000				
orthogroup_1335	10	9	0	0.000000				
orthogroup_1335	11	9	2	0.222222	59.500000	59.500000	10.606602	112.500000
orthogroup_136	1	9	1	0.111111	10.000000	10.000000		
orthogroup_136	2	9	0	0.000000				
orthogroup_136	3	9	2	0.222222	12.000000	12.000000	7.071068	50.000000
orthogroup_136	4	9	0	0.000000				
orthogroup_136	5	9	3	0.333333	0.000000	0.333333	0.577350	0.333333
orthogroup_1362	1	9	2	0.222222	6.000000	6.000000	0.000000	0.000000
orthogroup_1362	2	9	0	0.000000				
orthogroup_1362	3	9	0	0.000000				
orthogroup_1362	4	9	0	0.000000				
orthogroup_1362	5	9	0	0.000000				
orthogroup_1362	6	9	0	0.000000				
orthogroup_1363	1	9	0	0.000000				
orthogroup_1363	2	9	0	0.000000				
orthogroup_1363	3	9	0	0.000000				
orthogroup_1363	4	9	0	0.000000				
orthogroup_1363	5	9	0	0.000000				
orthogroup_1363	6	9	0	0.000000				
orthogroup_1365	1	10	0	0.000000				
orthogroup_1365	2	10	0	0.000000				
orthogroup_1365	3	10	0	0.000000				
orthogroup_1365	4	10	0	0.000000				
orthogroup_1365	5	10	0	0.000000				
orthogroup_1365	6	10	0	0.000000				
orthogroup_1365	7	10	1	0.100000	13.000000	13.000000		
orthogroup_1365	8	10	1	0.100000	-12.000000	-12.000000		
orthogroup_1365	9	10	0	0.000000				
orthogroup_1365	10	10	1	0.100000	4.000000	4.000000		
orthogroup_1365	11	10	0	0.000000				
orthogroup_1365	12	10	0	0.000000				
orthogroup_1365	13	10	0	0.000000				
orthogroup_1365	14	10	0	0.000000				
orthogroup_1379	1	10	0	0.000000				
orthogroup_1379	2	10	1	0.100000	-16.000000	-16.000000		
orthogroup_1379	3	10	0	0.000000				
orthogroup_1379	4	10	0	0.000000				
orthogroup_1379	5	10	0	0.000000				
orthogroup_1379	6	10	0	0.000000				
orthogroup_1379	7	10	0	0.000000				
orthogroup_1379	8	10	1	0.100000	-11.000000	-11.000000		
orthogroup_1379	9	10	0	0.000000				
orthogroup_1379	10	10	0	0.000000				
orthogroup_1380	1	8	0	0.000000				
orthogroup_1380	2	8	0	0.000000				
orthogroup_1380	3	8	0	0.000000				
orthogroup_1380	4	8	0	0.000000				
orthogroup_1380	5	8	0	0.000000				
orthogroup_1380	6	8	0	0.000000				
orthogroup_1380	7	8	0	0.000000				
orthogroup_1380	8	8	0	0.000000				
orthogroup_1380	9	8	0	0.000000				
orthogroup_1380	10	8	0	0.000000				
orthogroup_1380	11	8	0	0.000000				
orthogroup_1380	12	8	0	0.000000				
orthogroup_1384	1	10	1	0.100000	-15.500000	-15.500000		
orthogroup_1384	2	10	0	0.000000				
orthogroup_1384	3	10	0	0.000000				
orthogroup_1384	4	10	0	0.000000				
orthogroup_1384	5	10	1	0.100000	14.000000	14.000000		
orthogroup_1384	6	10	1	0.100000	-4.000000	-4.000000		
orthogroup_139	1	9	0	0.000000				
orthogroup_139	2	9	0	0.000000				
orthogroup_139	3	9	0	0.000000				
orthogroup_139	4	9	0	0.000000				
orthogroup_139	5	9	0	0.000000				
orthogroup_139	6	9	0	0.000000				
orthogroup_139	7	9	0	0.000000				
orthogroup_139	8	9	1	0.111111	7.000000	7.000000		
orthogroup_14	1	8	0	0.000000				
orthogroup_14	2	8	0	0.000000				
orthogroup_14	3	8	1	0.125000	20.000000	20.000000		
orthogroup_14	4	8	0	0.000000				
orthogroup_140	1	10	1	0.100000	31.000000	31.000000		
orthogroup_140	2	10	1	0.100000	-4.000000	-4.000000		
orthogroup_140	3	10	0	0.000000				
orthogroup_140	4	10	1	0.100000	1.000000	1.000000		
orthogroup_140	5	10	2	0.200000	-6.000000	-6.000000	14.142136	200.000000
orthogroup_140	6	10	0	0.000000				
orthogroup_1406	1	9	1	0.111111	-13.000000	-13.000000		
orthogroup_1406	2	9	0	0.000000				
orthogroup_1406	3	9	0	0.000000				
orthogroup_1406	4	9	0	0.000000				
orthogroup_1406	5	9	0	0.000000				
orthogroup_1406	6	9	3	0.333333	63.000000	66.000000	33.600595	1129.000000
orthogroup_1408	1	9	2	0.222222	-18.000000	-18.000000	29.698485	882.000000
orthogroup_1408	2	9	0	0.000000				
orthogroup_1408	3	9	0	0.000000				
orthogroup_1408	4	9	1	0.111111	-12.000000	-12.000000		
orthogroup_1408	5	9	0	0.000000				
orthogroup_1408	6	9	0	0.000000				
orthogroup_1408	7	9	0	0.000000				
orthogroup_1408	8	9	1	0.111111	31.000000	31.000000		
orthogroup_141	1	10	0	0.000000				
orthogroup_141	2	10	1	0.100000	-24.000000	-24.000000		
orthogroup_141	3	10	1	0.100000	10.000000	10.000000		
orthogroup_141	4	10	0	0.000000				
orthogroup_141	5	10	0	0.000000				
orthogroup_141	6	10	1	0.100000	21.000000	21.000000		
orthogroup_1410	1	9	0	0.000000				
orthogroup_1410	2	9	0	0.000000				
orthogroup_1410	3	9	0	0.000000				
orthogroup_1410	4	9	2	0.222222	28.000000	28.000000	8.485281	72.000000
orthogroup_1412	1	9	0	0.000000				
orthogroup_1412	2	9	2	0.222222	-19.500000	-19.500000	3.535534	12.500000
orthogroup_1412	3	9	0	0.000000				
orthogroup_1412	4	9	1	0.111111	9.000000	9.000000		
orthogroup_1412	5	9	0	0.000000				
orthogroup_1412	6	9	1	0.111111	16.000000	16.000000		
orthogroup_1435	1	8	0	0.000000				
orthogroup_1435	2	8	0	0.000000				
orthogroup_1435	3	8	0	0.000000				
orthogroup_1435	4	8	0	0.000000				
orthogroup_1435	5	8	0	0.000000				
orthogroup_1435	6	8	1	0.125000	11.000000	11.000000		
orthogroup_1439	1	9	1	0.111111	-40.000000	-40.000000		
orthogroup_1439	2	9	0	0.000000				
orthogroup_1439	3	9	0	0.000000				
orthogroup_1439	4	9	0	0.000000				
orthogroup_1439	5	9	0	0.000000				
orthogroup_1439	6	9	0	0.000000				
orthogroup_1439	7	9	1	0.111111	-10.000000	-10.000000		
orthogroup_1439	8	9	0	0.000000				
orthogroup_1439	9	9	0	0.000000				
orthogroup_1439	10	9	0	0.000000				
orthogroup_1439	11	9	0	0.000000				
orthogroup_1439	12	9	0	0.000000				
orthogroup_1439	13	9	1	0.111111	-9.000000	-9.000000		
orthogroup_1439	14	9	4	0.444444	20.000000	20.000000	0.000000	0.000000
orthogroup_1443	1	9	1	0.111111	-8.500000	-8.500000		
orthogroup_1443	2	9	0	0.000000				
orthogroup_1443	3	9	0	0.000000				
orthogroup_1443	4	9	0	0.000000				
orthogroup_1443	5	9	4	0.444444	-5.250000	-5.625000	0.946485	0.895833
orthogroup_1443	6	9	0	0.000000				
orthogroup_1444	1	9	0	0.000000				
orthogroup_1444	2	9	0	0.000000				
orthogroup_1444	3	9	1	0.111111	10.000000	10.000000		
orthogroup_1444	4	9	0	0.000000				
orthogroup_1445	1	9	2	0.222222	-70.500000	-70.500000	3.535534	12.500000
orthogroup_1445	2	9	0	0.000000				
orthogroup_1445	3	9	0	0.000000				
orthogroup_1445	4	9	0	0.000000				
orthogroup_1445	5	9	0	0.000000				
orthogroup_1445	6	9	0	0.000000				
orthogroup_145	1	8	0	0.000000				
orthogroup_145	2	8	0	0.000000				
orthogroup_145	3	8	0	0.000000				
orthogroup_145	4	8	0	0.000000				
orthogroup_145	5	8	0	0.000000				
orthogroup_145	6	8	1	0.125000	34.000000	34.000000		
orthogroup_1457	1	10	3	0.300000	-19.000000	-23.000000	6.928203	48.000000
orthogroup_1457	2	10	0	0.000000				
orthogroup_1457	3	10	0	0.000000				
orthogroup_1457	4	10	1	0.100000	0.000000	0.000000		
orthogroup_1457	5	10	0	0.000000				
orthogroup_1457	6	10	0	0.000000				
orthogroup_1457	7	10	0	0.000000				
orthogroup_1457	8	10	0	0.000000				
orthogroup_1457	9	10	0	0.000000				
orthogroup_1457	10	10	1	0.100000	-3.000000	-3.000000		
orthogroup_1462	1	9	0	0.000000				
orthogroup_1462	2	9	0	0.000000				
orthogroup_1462	3	9	0	0.000000				
orthogroup_1462	4	9	0	0.000000				
orthogroup_1462	5	9	1	0.111111	-1.000000	-1.000000		
orthogroup_1462	6	9	0	0.000000				
orthogroup_1462	7	9	0	0.000000				
orthogroup_1462	8	9	0	0.000000				
orthogroup_1462	9	9	1	0.111111	-3.000000	-3.000000		
orthogroup_1462	10	9	0	0.000000				
orthogroup_147	1	8	0	0.000000				
orthogroup_147	2	8	0	0.000000				
orthogroup_147	3	8	0	0.000000				
orthogroup_147	4	8	0	0.000000				
orthogroup_147	5	8	0	0.000000				
orthogroup_147	6	8	0	0.000000				
orthogroup_147	7	8	1	0.125000	-14.500000	-14.500000		
orthogroup_147	8	8	1	0.125000	-7.000000	-7.000000		
orthogroup_1477	1	8	0	0.000000				
orthogroup_1477	2	8	0	0.000000				
orthogroup_1477	3	8	2	0.250000	7.500000	7.500000	17.677670	312.500000
orthogroup_1481	1	9	0	0.000000				
orthogroup_1481	2	9	1	0.111111	3.000000	3.000000		
orthogroup_1481	3	9	2	0.222222	7.000000	7.000000	7.071068	50.000000
orthogroup_1515	1	8	0	0.000000				
orthogroup_1515	2	8	0	0.000000				
orthogroup_1515	3	8	1	0.125000	-12.000000	-12.000000		
orthogroup_1515	4	8	0	0.000000				
orthogroup_1519	1	10	1	0.100000	0.000000	0.000000		
orthogroup_1519	2	10	0	0.000000				
orthogroup_1519	3	10	0	0.000000				
orthogroup_1519	4	10	0	0.000000				
orthogroup_1519	5	10	0	0.000000				
orthogroup_1519	6	10	0	0.000000				
orthogroup_1519	7	10	1	0.100000	5.000000	5.000000		
orthogroup_1519	8	10	0	0.000000				
orthogroup_1519	9	10	0	0.000000				
orthogroup_1519	10	10	0	0.000000				
orthogroup_1524	1	9	0	0.000000				
orthogroup_1524	2	9	0	0.000000				
orthogroup_1524	3	9	0	0.000000				
orthogroup_1538	1	9	0	0.000000				
orthogroup_1538	2	9	0	0.000000				
orthogroup_1538	3	9	0	0.000000				
orthogroup_1538	4	9	0	0.000000				
orthogroup_1554	1	8	0	0.000000				
orthogroup_1554	2	8	0	0.000000				
orthogroup_1554	3	8	1	0.125000	9.000000	9.000000		
orthogroup_1554	4	8	0	0.000000				
orthogroup_1554	5	8	1	0.125000	4.000000	4.000000		
orthogroup_1554	6	8	0	0.000000				
orthogroup_1557	1	8	1	0.125000	-18.000000	-18.000000		
orthogroup_1557	2	8	2	0.250000	4.500000	4.500000	16.263456	264.500000
orthogroup_1557	3	8	0	0.000000				
orthogroup_1557	4	8	0	0.000000				
orthogroup_1557	5	8	0	0.000000				
orthogroup_1557	6	8	0	0.000000				
orthogroup_1557	7	8	0	0.000000				
orthogroup_1557	8	8	0	0.000000				
orthogroup_1557	9	8	0	0.000000				
orthogroup_1557	10	8	0	0.000000				
orthogroup_1557	11	8	1	0.125000	-2.000000	-2.000000		
orthogroup_1557	12	8	1	0.125000	20.500000	20.500000		
orthogroup_156	1	9	0	0.000000				
orthogroup_156	2	9	0	0.000000				
orthogroup_156	3	9	0	0.000000				
orthogroup_156	4	9	0	0.000000				
orthogroup_156	5	9	0	0.000000				
orthogroup_156	6	9	0	0.000000				
orthogroup_156	7	9	0	0.000000				
orthogroup_156	8	9	0	0.000000				
orthogroup_156	9	9	0	0.000000				
orthogroup_1575	1	10	1	0.100000	2.000000	2.000000		
orthogroup_1575	2	10	0	0.000000				
orthogroup_1575	3	10	1	0.100000	-9.000000	-9.000000		
orthogroup_1575	4	10	1	0.100000	-11.000000	-11.000000		
orthogroup_1575	5	10	2	0.200000	-3.000000	-3.000000	26.870058	722.000000
orthogroup_1577	1	9	2	0.222222	6.000000	6.000000	4.242641	18.000000
orthogroup_1577	2	9	0	0.000000				
orthogroup_1577	3	9	2	0.222222	10.000000	10.000000	0.000000	0.000000
orthogroup_1577	4	9	0	0.000000				
orthogroup_1577	5	9	2	0.222222	3.250000	3.250000	0.353553	0.125000
orthogroup_158	3	9	0	0.000000				
orthogroup_158	4	9	0	0.000000				
orthogroup_158	5	9	0	0.000000				
orthogroup_158	6	9	2	0.222222	14.000000	14.000000	0.000000	0.000000
orthogroup_158	7	9	0	0.000000				
orthogroup_158	8	9	0	0.000000				
orthogroup_158	9	9	1	0.111111	-3.000000	-3.000000		
orthogroup_158	10	9	0	0.000000				
orthogroup_158	11	9	0	0.000000				
orthogroup_158	12	9	0	0.000000				
orthogroup_159	1	8	0	0.000000				
orthogroup_159	2	8	1	0.125000	-4.000000	-4.000000		
orthogroup_159	3	8	0	0.000000				
orthogroup_159	4	8	0	0.000000				
orthogroup_159	5	8	0	0.000000				
orthogroup_159	6	8	1	0.125000	-2.000000	-2.000000		
orthogroup_159	7	8	0	0.000000				
orthogroup_159	8	8	3	0.375000	-16.000000	-6.666667	16.165808	261.333333
orthogroup_159	9	8	0	0.000000				
orthogroup_159	10	8	0	0.000000				
orthogroup_159	11	8	0	0.000000				
orthogroup_159	12	8	0	0.000000				
orthogroup_159	13	8	1	0.125000	4.000000	4.000000		
orthogroup_159	14	8	0	0.000000				
orthogroup_1596	1	9	1	0.111111	6.000000	6.000000		
orthogroup_1596	2	9	1	0.111111	13.500000	13.500000		
orthogroup_1596	3	9	0	0.000000				
orthogroup_1596	4	9	0	0.000000				
orthogroup_1596	5	9	0	0.000000				
orthogroup_1596	6	9	1	0.111111	4.000000	4.000000		
orthogroup_1619	1	9	1	0.111111	5.000000	5.000000		
orthogroup_1619	2	9	0	0.000000				
orthogroup_1619	3	9	0	0.000000				
orthogroup_1619	4	9	0	0.000000				
orthogroup_1619	5	9	0	0.000000				
orthogroup_1619	6	9	3	0.333333	7.000000	7.000000	0.000000	0.000000
orthogroup_1627	1	9	0	0.000000				
orthogroup_1627	2	9	0	0.000000				
orthogroup_1627	3	9	0	0.000000				
orthogroup_1627	4	9	0	0.000000				
orthogroup_1627	5	9	1	0.111111	24.000000	24.000000		
orthogroup_1627	6	9	0	0.000000				
orthogroup_1627	7	9	0	0.000000				
orthogroup_1627	8	9	0	0.000000				
orthogroup_1627	9	9	0	0.000000				
orthogroup_1627	10	9	0	0.000000				
orthogroup_1627	11	9	0	0.000000				
orthogroup_1627	12	9	0	0.000000				
orthogroup_1636	1	10	0	0.000000				
orthogroup_1636	2	10	1	0.100000	36.000000	36.000000		
orthogroup_1636	3	10	1	0.100000	-27.000000	-27.000000		
orthogroup_1636	4	10	0	0.000000				
orthogroup_1636	5	10	0	0.000000				
orthogroup_1636	6	10	1	0.100000	131.000000	131.000000		
orthogroup_1642	1	9	2	0.222222	-0.500000	-0.500000	10.606602	112.500000
orthogroup_1642	2	9	0	0.000000				
orthogroup_1642	3	9	0	0.000000				
orthogroup_1642	4	9	3	0.333333	31.000000	27.666667	5.773503	33.333333
orthogroup_1642	5	9	1	0.111111	-3.000000	-3.000000		
orthogroup_1642	6	9	1	0.111111	18.000000	18.000000		
orthogroup_1644	1	9	0	0.000000				
orthogroup_1644	2	9	0	0.000000				
orthogroup_1644	3	9	0	0.000000				
orthogroup_1644	4	9	0	0.000000				
orthogroup_1644	5	9	0	0.000000				
orthogroup_1644	6	9	0	0.000000				
orthogroup_1644	7	9	1	0.111111	-8.000000	-8.000000		
orthogroup_1644	8	9	0	0.000000				
orthogroup_1644	9	9	0	0.000000				
orthogroup_1644	10	9	0	0.000000				
orthogroup_1651	1	10	2	0.200000	9.500000	9.500000	0.707107	0.500000
orthogroup_1651	2	10	0	0.000000				
orthogroup_1651	3	10	1	0.100000	-5.000000	-5.000000		
orthogroup_1651	4	10	0	0.000000				
orthogroup_1651	5	10	0	0.000000				
orthogroup_1651	6	10	0	0.000000				
orthogroup_1651	7	10	1	0.100000	-14.000000	-14.000000		
orthogroup_1651	8	10	0	0.000000				
orthogroup_1651	9	10	0	0.000000				
orthogroup_1651	10	10	0	0.000000				
orthogroup_1651	11	10	0	0.000000				
orthogroup_1651	12	10	0	0.000000				
orthogroup_1651	13	10	0	0.000000				
orthogroup_1651	14	10	0	0.000000				
orthogroup_1651	15	10	0	0.000000				
orthogroup_1651	16	10	0	0.000000				
orthogroup_1663	1	9	1	0.111111	20.000000	20.000000		
orthogroup_1663	2	9	2	0.222222	-9.500000	-9.500000	7.778175	60.500000
orthogroup_1663	3	9	1	0.111111	7.500000	7.500000		
orthogroup_1663	4	9	0	0.000000				
orthogroup_1663	5	9	3	0.333333	-6.000000	-8.333333	4.932883	24.333333
orthogroup_1663	6	9	0	0.000000				
orthogroup_1663	7	9	0	0.000000				
orthogroup_1663	8	9	0	0.000000				
orthogroup_1663	9	9	0	0.000000				
orthogroup_1663	10	9	0	0.000000				
orthogroup_1663	11	9	0	0.000000				
orthogroup_1663	12	9	3	0.333333	1.000000	3.333333	4.041452	16.333333
orthogroup_1663	13	9	0	0.000000				
orthogroup_1685	1	10	1	0.100000	-1.000000	-1.000000		
orthogroup_1685	2	10	0	0.000000				
orthogroup_1685	3	10	0	0.000000				
orthogroup_1685	4	10	0	0.000000				
orthogroup_1685	5	10	1	0.100000	-5.000000	-5.000000		
orthogroup_1685	6	10	0	0.000000				
orthogroup_1685	7	10	1	0.100000	7.500000	7.500000		
orthogroup_1685	8	10	0	0.000000				
orthogroup_1685	9	10	3	0.300000	0.000000	0.166667	0.288675	0.083333
orthogroup_1687	1	8	0	0.000000				
orthogroup_1687	2	8	0	0.000000				
orthogroup_1687	3	8	0	0.000000				
orthogroup_1687	4	8	0	0.000000				
orthogroup_1687	5	8	0	0.000000				
orthogroup_1687	6	8	0	0.000000				
orthogroup_1687	7	8	0	0.000000				
orthogroup_1687	8	8	0	0.000000				
orthogroup_1687	9	8	0	0.000000				
orthogroup_1687	10	8	0	0.000000				
orthogroup_1689	1	10	2	0.200000	7.000000	7.000000	15.556349	242.000000
orthogroup_1689	2	10	0	0.000000				
orthogroup_1689	3	10	0	0.000000				
orthogroup_1689	4	10	1	0.100000	10.000000	10.000000		
orthogroup_1689	5	10	1	0.100000	-1.000000	-1.000000		
orthogroup_1689	6	10	2	0.200000	-1.500000	-1.500000	17.677670	312.500000
orthogroup_1689	7	10	1	0.100000	-5.500000	-5.500000		
orthogroup_1689	8	10	0	0.000000				
orthogroup_1696	1	9	0	0.000000				
orthogroup_1696	2	9	0	0.000000				
orthogroup_1696	3	9	0	0.000000				
orthogroup_1696	4	9	0	0.000000				
orthogroup_1696	5	9	0	0.000000				
orthogroup_1696	6	9	0	0.000000				
orthogroup_1696	7	9	0	0.000000				
orthogroup_1696	8	9	0	0.000000				
orthogroup_1696	9	9	0	0.000000				
orthogroup_1696	10	9	0	0.000000				
orthogroup_1701	1	9	0	0.000000				
orthogroup_1701	2	9	0	0.000000				
orthogroup_1701	3	9	0	0.000000				
orthogroup_1701	4	9	1	0.111111	28.000000	28.000000		
orthogroup_1723	1	10	1	0.100000	-67.500000	-67.500000		
orthogroup_1723	2	10	0	0.000000				
orthogroup_1723	3	10	0	0.000000				
orthogroup_1723	4	10	0	0.000000				
orthogroup_1723	5	10	2	0.200000	23.000000	23.000000	16.970563	288.000000
orthogroup_1733	1	9	0	0.000000				
orthogroup_1733	2	9	1	0.111111	-117.000000	-117.000000		
orthogroup_1733	3	9	1	0.111111	4.000000	4.000000		
orthogroup_1733	4	9	1	0.111111	8.000000	8.000000		
orthogroup_1733	5	9	1	0.111111	-22.000000	-22.000000		
orthogroup_1733	6	9	1	0.111111	4.000000	4.000000		
orthogroup_1733	7	9	4	0.444444	115.500000	123.000000	56.762664	3222.000000
orthogroup_1733	8	9	0	0.000000				
orthogroup_1733	9	9	1	0.111111	7.000000	7.000000		
orthogroup_1733	10	9	1	0.111111	2.000000	2.000000		
orthogroup_1733	11	9	0	0.000000				
orthogroup_1733	12	9	0	0.000000				
orthogroup_174	1	9	0	0.000000				
orthogroup_174	2	9	0	0.000000				
orthogroup_174	3	9	0	0.000000				
orthogroup_174	4	9	0	0.000000				
orthogroup_174	5	9	0	0.000000				
orthogroup_174	6	9	0	0.000000				
orthogroup_1742	1	9	0	0.000000				
orthogroup_1742	2	9	1	0.111111	54.000000	54.000000		
orthogroup_1742	3	9	0	0.000000				
orthogroup_1742	4	9	0	0.000000				
orthogroup_1769	1	9	0	0.000000				
orthogroup_1769	2	9	0	0.000000				
orthogroup_1769	3	9	0	0.000000				
orthogroup_1769	4	9	0	0.000000				
orthogroup_1769	5	9	0	0.000000				
orthogroup_1769	6	9	1	0.111111	4.000000	4.000000		
orthogroup_1769	7	9	0	0.000000				
orthogroup_1769	8	9	0	0.000000				
orthogroup_1769	9	9	0	0.000000				
orthogroup_1769	10	9	0	0.000000				
orthogroup_1769	11	9	0	0.000000				
orthogroup_1769	12	9	0	0.000000				
orthogroup_1773	1	8	0	0.000000				
orthogroup_1773	2	8	0	0.000000				
orthogroup_1773	3	8	0	0.000000				
orthogroup_1773	4	8	0	0.000000				
orthogroup_1773	5	8	0	0.000000				
orthogroup_1773	6	8	5	0.625000	28.000000	23.800000	8.843076	78.200000
orthogroup_178	1	10	5	0.500000	-5.500000	-9.300000	8.779237	77.075000
orthogroup_178	2	10	0	0.000000				
orthogroup_178	3	10	1	0.100000	8.000000	8.000000		
orthogroup_178	4	10	0	0.000000				
orthogroup_178	5	10	0	0.000000				
orthogroup_178	6	10	0	0.000000				
orthogroup_178	7	10	0	0.000000				
orthogroup_178	8	10	0	0.000000				
orthogroup_178	9	10	0	0.000000				
orthogroup_178	10	10	0	0.000000				
orthogroup_178	11	10	0	0.000000				
orthogroup_178	12	10	1	0.100000	-4.000000	-4.000000		
orthogroup_1783	1	8	0	0.000000				
orthogroup_1783	2	8	0	0.000000				
orthogroup_1783	3	8	0	0.000000				
orthogroup_1783	4	8	0	0.000000				
orthogroup_1783	5	8	0	0.000000				
orthogroup_1783	6	8	0	0.000000				
orthogroup_1819	1	8	1	0.125000	23.000000	23.000000		
orthogroup_1819	2	8	0	0.000000				
orthogroup_1819	3	8	0	0.000000				
orthogroup_1819	4	8	1	0.125000	-26.000000	-26.000000		
orthogroup_1819	5	8	0	0.000000				
orthogroup_1819	6	8	0	0.000000				
orthogroup_1819	7	8	0	0.000000				
orthogroup_1819	8	8	1	0.125000	-14.000000	-14.000000		
orthogroup_1819	9	8	0	0.000000				
orthogroup_1819	10	8	1	0.125000	5.500000	5.500000		
orthogroup_1819	11	8	2	0.250000	7.000000	7.000000	0.000000	0.000000
orthogroup_1819	12	8	1	0.125000	2.000000	2.000000		
orthogroup_1819	13	8	0	0.000000				
orthogroup_1826	1	8	2	0.250000	-21.000000	-21.000000	33.941125	1152.000000
orthogroup_1826	2	8	0	0.000000				
orthogroup_1826	3	8	0	0.000000				
orthogroup_1826	4	8	0	0.000000				
orthogroup_1826	5	8	0	0.000000				
orthogroup_1826	6	8	0	0.000000				
orthogroup_1826	7	8	0	0.000000				
orthogroup_1826	8	8	0	0.000000				
orthogroup_1826	9	8	0	0.000000				
orthogroup_1826	10	8	0	0.000000				
orthogroup_1826	11	8	0	0.000000				
orthogroup_1826	12	8	0	0.000000				
orthogroup_1830	1	9	0	0.000000				
orthogroup_1830	2	9	0	0.000000				
orthogroup_1830	3	9	0	0.000000				
orthogroup_1830	4	9	0	0.000000				
orthogroup_1830	5	9	0	0.000000				
orthogroup_1830	6	9	0	0.000000				
orthogroup_1830	7	9	0	0.000000				
orthogroup_1830	8	9	0	0.000000				
orthogroup_1830	9	9	0	0.000000				
orthogroup_1830	10	9	0	0.000000				
orthogroup_1830	11	9	0	0.000000				
orthogroup_1830	12	9	0	0.000000				
orthogroup_1830	13	9	0	0.000000				
orthogroup_1830	14	9	0	0.000000				
orthogroup_1830	15	9	0	0.000000				
orthogroup_188	1	8	1	0.125000	-14.000000	-14.000000		
orthogroup_188	2	8	0	0.000000				
orthogroup_188	3	8	0	0.000000				
orthogroup_188	4	8	0	0.000000				
orthogroup_188	5	8	1	0.125000	-9.000000	-9.000000		
orthogroup_188	6	8	0	0.000000				
orthogroup_188	7	8	0	0.000000				
orthogroup_195	1	8	0	0.000000				
orthogroup_195	2	8	0	0.000000				
orthogroup_195	3	8	1	0.125000	0.000000	0.000000		
orthogroup_195	4	8	0	0.000000				
orthogroup_195	5	8	0	0.000000				
orthogroup_195	6	8	0	0.000000				
orthogroup_195	7	8	0	0.000000				
orthogroup_195	8	8	0	0.000000				
orthogroup_195	9	8	0	0.000000				
orthogroup_195	10	8	0	0.000000				
orthogroup_195	11	8	0	0.000000				
orthogroup_195	12	8	1	0.125000	24.500000	24.500000		
orthogroup_2	1	9	2	0.222222	19.000000	19.000000	0.000000	0.000000
orthogroup_2	2	9	0	0.000000				
orthogroup_2	3	9	1	0.111111	-28.000000	-28.000000		
orthogroup_203	1	10	1	0.100000	-2.000000	-2.000000		
orthogroup_203	2	10	0	0.000000				
orthogroup_203	3	10	0	0.000000				
orthogroup_203	4	10	0	0.000000				
orthogroup_203	5	10	0	0.000000				
orthogroup_203	6	10	2	0.200000	-6.500000	-6.500000	4.949747	24.500000
orthogroup_203	7	10	0	0.000000				
orthogroup_203	8	10	0	0.000000				
orthogroup_203	9	10	0	0.000000				
orthogroup_203	10	10	0	0.000000				
orthogroup_203	11	10	0	0.000000				
orthogroup_203	12	10	0	0.000000				
orthogroup_203	13	10	0	0.000000				
orthogroup_204	1	8	1	0.125000	-81.000000	-81.000000		
orthogroup_204	2	8	0	0.000000				
orthogroup_204	3	8	0	0.000000				
orthogroup_204	4	8	0	0.000000				
orthogroup_204	5	8	0	0.000000				
orthogroup_204	6	8	0	0.000000				
orthogroup_204	7	8	0	0.000000				
orthogroup_204	8	8	0	0.000000				
orthogroup_210	1	9	0	0.000000				
orthogroup_210	2	9	0	0.000000				
orthogroup_210	3	9	0	0.000000				
orthogroup_210	4	9	0	0.000000				
orthogroup_210	5	9	0	0.000000				
orthogroup_210	6	9	0	0.000000				
orthogroup_22	1	8	2	0.250000	-60.500000	-60.500000	3.535534	12.500000
orthogroup_22	2	8	0	0.000000				
orthogroup_22	3	8	1	0.125000	-1.000000	-1.000000		
orthogroup_22	4	8	0	0.000000				
orthogroup_22	5	8	0	0.000000				
orthogroup_22	6	8	2	0.250000	22.250000	22.250000	0.353553	0.125000
orthogroup_23	1	8	1	0.125000	42.000000	42.000000		
orthogroup_23	2	8	2	0.250000	-26.250000	-26.250000	1.060660	1.125000
orthogroup_23	3	8	0	0.000000				
orthogroup_23	4	8	2	0.250000	35.250000	35.250000	10.253048	105.125000
orthogroup_23	6	8	4	0.500000	17.000000	14.500000	8.660254	75.000000
orthogroup_231	1	8	1	0.125000	10.000000	10.000000		
orthogroup_231	2	8	1	0.125000	22.000000	22.000000		
orthogroup_231	3	8	1	0.125000	14.000000	14.000000		
orthogroup_231	4	8	0	0.000000				
orthogroup_233	1	9	0	0.000000				
orthogroup_233	2	9	0	0.000000				
orthogroup_233	3	9	4	0.444444	0.000000	0.000000	0.000000	0.000000
orthogroup_233	4	9	0	0.000000				
orthogroup_233	5	9	0	0.000000				
orthogroup_233	6	9	0	0.000000				
orthogroup_233	7	9	0	0.000000				
orthogroup_233	8	9	2	0.222222	-1.250000	-1.250000	0.353553	0.125000
orthogroup_233	9	9	0	0.000000				
orthogroup_233	10	9	0	0.000000				
orthogroup_233	11	9	3	0.333333	10.000000	10.000000	0.000000	0.000000
orthogroup_233	12	9	0	0.000000				
orthogroup_244	1	9	2	0.222222	8.250000	8.250000	9.545942	91.125000
orthogroup_244	2	9	0	0.000000				
orthogroup_244	3	9	0	0.000000				
orthogroup_244	4	9	2	0.222222	12.500000	12.500000	2.121320	4.500000
orthogroup_244	5	9	1	0.111111	-1.000000	-1.000000		
orthogroup_244	6	9	0	0.000000				
orthogroup_244	7	9	0	0.000000				
orthogroup_244	8	9	0	0.000000				
orthogroup_244	9	9	0	0.000000				
orthogroup_244	10	9	0	0.000000				
orthogroup_244	11	9	1	0.111111	-6.000000	-6.000000		
orthogroup_244	12	9	2	0.222222	11.500000	11.500000	19.091883	364.500000
orthogroup_25	1	9	0	0.000000				
orthogroup_25	2	9	0	0.000000				
orthogroup_25	3	9	0	0.000000				
orthogroup_25	4	9	1	0.111111	22.000000	22.000000		
orthogroup_25	5	9	0	0.000000				
orthogroup_272	1	9	0	0.000000				
orthogroup_272	2	9	1	0.111111	26.000000	26.000000		
orthogroup_272	3	9	0	0.000000				
orthogroup_277	1	8	0	0.000000				
orthogroup_277	2	8	0	0.000000				
orthogroup_277	3	8	0	0.000000				
orthogroup_277	4	8	0	0.000000				
orthogroup_277	5	8	0	0.000000				
orthogroup_277	6	8	1	0.125000	-7.000000	-7.000000		
orthogroup_277	7	8	0	0.000000				
orthogroup_277	8	8	0	0.000000				
orthogroup_277	9	8	0	0.000000				
orthogroup_277	10	8	1	0.125000	-14.000000	-14.000000		
orthogroup_277	11	8	0	0.000000				
orthogroup_277	12	8	0	0.000000				
orthogroup_277	13	8	0	0.000000				
orthogroup_277	14	8	0	0.000000				
orthogroup_279	1	9	0	0.000000				
orthogroup_279	2	9	0	0.000000				
orthogroup_279	3	9	0	0.000000				
orthogroup_279	4	9	0	0.000000				
orthogroup_279	5	9	0	0.000000				
orthogroup_279	6	9	0	0.000000				
orthogroup_279	7	9	1	0.111111	-14.000000	-14.000000		
orthogroup_279	8	9	0	0.000000				
orthogroup_279	9	9	0	0.000000				
orthogroup_279	10	9	0	0.000000				
orthogroup_283	1	8	2	0.250000	-8.000000	-8.000000	22.627417	512.000000
orthogroup_283	2	8	0	0.000000				
orthogroup_283	3	8	0	0.000000				
orthogroup_283	4	8	0	0.000000				
orthogroup_283	5	8	0	0.000000				
orthogroup_283	6	8	0	0.000000				
orthogroup_283	7	8	0	0.000000				
orthogroup_283	8	8	0	0.000000				
orthogroup_283	9	8	0	0.000000				
orthogroup_283	10	8	1	0.125000	-18.000000	-18.000000		
orthogroup_284	1	9	0	0.000000				
orthogroup_284	2	9	1	0.111111	7.000000	7.000000		
orthogroup_284	3	9	1	0.111111	-12.000000	-12.000000		
orthogroup_284	4	9	3	0.333333	-14.000000	-16.333333	21.594752	466.333333
orthogroup_284	5	9	0	0.000000				
orthogroup_284	6	9	1	0.111111	-7.000000	-7.000000		
orthogroup_284	7	9	0	0.000000				
orthogroup_284	8	9	0	0.000000				
orthogroup_284	9	9	0	0.000000				
orthogroup_284	10	9	1	0.111111	5.500000	5.500000		
orthogroup_300	1	8	0	0.000000				
orthogroup_300	2	8	0	0.000000				
orthogroup_300	3	8	3	0.375000	11.000000	4.666667	10.969655	120.333333
orthogroup_300	4	8	0	0.000000				
orthogroup_300	5	8	0	0.000000				
orthogroup_300	6	8	0	0.000000				
orthogroup_300	7	8	0	0.000000				
orthogroup_300	8	8	1	0.125000	-15.000000	-15.000000		
orthogroup_300	9	8	0	0.000000				
orthogroup_300	10	8	4	0.500000	23.250000	16.125000	14.755649	217.729167
orthogroup_303	1	9	1	0.111111	-9.000000	-9.000000		
orthogroup_303	2	9	0	0.000000				
orthogroup_303	3	9	1	0.111111	8.000000	8.000000		
orthogroup_303	4	9	0	0.000000				
orthogroup_303	5	9	0	0.000000				
orthogroup_303	6	9	0	0.000000				
orthogroup_303	7	9	0	0.000000				
orthogroup_303	8	9	2	0.222222	40.000000	40.000000	0.000000	0.000000
orthogroup_303	9	9	0	0.000000				
orthogroup_303	10	9	0	0.000000				
orthogroup_303	11	9	0	0.000000				
orthogroup_322	1	8	0	0.000000				
orthogroup_322	2	8	0	0.000000				
orthogroup_322	3	8	0	0.000000				
orthogroup_322	4	8	0	0.000000				
orthogroup_322	5	8	1	0.125000	-2.000000	-2.000000		
orthogroup_322	6	8	2	0.250000	36.000000	36.000000	26.870058	722.000000
orthogroup_329	1	9	1	0.111111	-15.000000	-15.000000		
orthogroup_329	2	9	2	0.222222	5.000000	5.000000	0.000000	0.000000
orthogroup_329	3	9	0	0.000000				
orthogroup_329	4	9	0	0.000000				
orthogroup_329	5	9	0	0.000000				
orthogroup_329	6	9	0	0.000000				
orthogroup_329	7	9	0	0.000000				
orthogroup_329	8	9	0	0.000000				
orthogroup_329	9	9	1	0.111111	-6.000000	-6.000000		
orthogroup_329	10	9	0	0.000000				
orthogroup_329	11	9	0	0.000000				
orthogroup_329	12	9	2	0.222222	170.750000	170.750000	18.031223	325.125000
orthogroup_33	1	8	0	0.000000				
orthogroup_33	2	8	0	0.000000				
orthogroup_33	3	8	0	0.000000				
orthogroup_331	1	8	1	0.125000	-6.000000	-6.000000		
orthogroup_331	2	8	0	0.000000				
orthogroup_331	3	8	1	0.125000	-17.000000	-17.000000		
orthogroup_331	4	8	2	0.250000	4.000000	4.000000	0.000000	0.000000
orthogroup_331	5	8	1	0.125000	26.000000	26.000000		
orthogroup_334	1	9	0	0.000000				
orthogroup_334	2	9	0	0.000000				
orthogroup_334	3	9	3	0.333333	17.000000	12.333333	8.082904	65.333333
orthogroup_334	4	9	0	0.000000				
orthogroup_334	5	9	1	0.111111	-10.000000	-10.000000		
orthogroup_334	6	9	0	0.000000				
orthogroup_334	7	9	0	0.000000				
orthogroup_334	8	9	0	0.000000				
orthogroup_334	9	9	0	0.000000				
orthogroup_334	10	9	2	0.222222	46.000000	46.000000	5.656854	32.000000
orthogroup_335	2	9	1	0.111111	-40.000000	-40.000000		
orthogroup_335	3	9	1	0.111111	-12.000000	-12.000000		
orthogroup_335	4	9	0	0.000000				
orthogroup_335	5	9	2	0.222222	-3.500000	-3.500000	1.414214	2.000000
orthogroup_338	1	10	1	0.100000	-27.500000	-27.500000		
orthogroup_338	2	10	0	0.000000				
orthogroup_338	3	10	0	0.000000				
orthogroup_338	4	10	0	0.000000				
orthogroup_338	5	10	2	0.200000	3.250000	3.250000	1.060660	1.125000
orthogroup_346	1	9	1	0.111111	4.000000	4.000000		
orthogroup_346	2	9	0	0.000000				
orthogroup_346	3	9	0	0.000000				
orthogroup_346	4	9	0	0.000000				
orthogroup_346	5	9	4	0.444444	16.000000	16.000000	0.000000	0.000000
orthogroup_352	1	10	0	0.000000				
orthogroup_352	2	10	1	0.100000	10.500000	10.500000		
orthogroup_352	3	10	1	0.100000	36.000000	36.000000		
orthogroup_354	1	9	0	0.000000				
orthogroup_354	2	9	1	0.111111	22.000000	22.000000		
orthogroup_354	3	9	1	0.111111	-3.000000	-3.000000		
orthogroup_354	4	9	0	0.000000				
orthogroup_354	5	9	1	0.111111	5.000000	5.000000		
orthogroup_354	6	9	0	0.000000				
orthogroup_354	7	9	0	0.000000				
orthogroup_354	8	9	0	0.000000				
orthogroup_354	9	9	0	0.000000				
orthogroup_354	10	9	1	0.111111	0.500000	0.500000		
orthogroup_354	11	9	2	0.222222	12.000000	12.000000	0.000000	0.000000
orthogroup_36	1	8	0	0.000000				
orthogroup_36	2	8	0	0.000000				
orthogroup_36	3	8	0	0.000000				
orthogroup_36	4	8	7	0.875000	-19.000000	-19.000000	0.000000	0.000000
orthogroup_36	5	8	0	0.000000				
orthogroup_371	1	9	0	0.000000				
orthogroup_371	2	9	0	0.000000				
orthogroup_371	3	9	0	0.000000				
orthogroup_371	4	9	3	0.333333	-12.500000	-9.666667	4.907477	24.083333
orthogroup_378	1	8	0	0.000000				
orthogroup_378	2	8	0	0.000000				
orthogroup_378	3	8	1	0.125000	-7.000000	-7.000000		
orthogroup_378	4	8	0	0.000000				
orthogroup_378	5	8	2	0.250000	-7.250000	-7.250000	0.353553	0.125000
orthogroup_378	6	8	0	0.000000				
orthogroup_378	7	8	0	0.000000				
orthogroup_378	8	8	0	0.000000				
orthogroup_378	9	8	1	0.125000	6.000000	6.000000		
orthogroup_378	10	8	0	0.000000				
orthogroup_378	11	8	0	0.000000				
orthogroup_378	12	8	0	0.000000				
orthogroup_385	1	8	0	0.000000				
orthogroup_385	2	8	0	0.000000				
orthogroup_385	3	8	1	0.125000	-9.000000	-9.000000		
orthogroup_385	4	8	0	0.000000				
orthogroup_385	5	8	1	0.125000	2.000000	2.000000		
orthogroup_385	6	8	0	0.000000				
orthogroup_385	7	8	0	0.000000				
orthogroup_385	8	8	0	0.000000				
orthogroup_385	9	8	1	0.125000	-5.000000	-5.000000		
orthogroup_385	10	8	0	0.000000				
orthogroup_390	1	9	0	0.000000				
orthogroup_390	2	9	0	0.000000				
orthogroup_390	3	9	0	0.000000				
orthogroup_390	4	9	0	0.000000				
orthogroup_390	5	9	0	0.000000				
orthogroup_390	6	9	1	0.111111	-4.000000	-4.000000		
orthogroup_390	7	9	0	0.000000				
orthogroup_390	8	9	0	0.000000				
orthogroup_390	9	9	0	0.000000				
orthogroup_390	10	9	0	0.000000				
orthogroup_408	1	9	0	0.000000				
orthogroup_408	2	9	2	0.222222	9.500000	9.500000	3.535534	12.500000
orthogroup_408	3	9	2	0.222222	6.000000	6.000000	0.000000	0.000000
orthogroup_408	4	9	2	0.222222	-21.000000	-21.000000	7.071068	50.000000
orthogroup_408	5	9	0	0.000000				
orthogroup_408	6	9	0	0.000000				
orthogroup_408	7	9	1	0.111111	-16.000000	-16.000000		
orthogroup_408	8	9	1	0.111111	-4.000000	-4.000000		
orthogroup_408	9	9	0	0.000000				
orthogroup_408	10	9	0	0.000000				
orthogroup_415	1	9	0	0.000000				
orthogroup_415	2	9	1	0.111111	23.000000	23.000000		
orthogroup_415	3	9	0	0.000000				
orthogroup_415	4	9	0	0.000000				
orthogroup_415	5	9	0	0.000000				
orthogroup_415	6	9	1	0.111111	19.000000	19.000000		
orthogroup_415	7	9	0	0.000000				
orthogroup_415	8	9	1	0.111111	4.000000	4.000000		
orthogroup_415	9	9	2	0.222222	7.000000	7.000000	11.313708	128.000000
orthogroup_419	2	8	4	0.500000	9.000000	9.000000	4.618802	21.333333
orthogroup_419	3	8	0	0.000000				
orthogroup_419	4	8	0	0.000000				
orthogroup_419	5	8	0	0.000000				
orthogroup_419	6	8	1	0.125000	0.000000	0.000000		
orthogroup_420	1	8	3	0.375000	5.000000	2.666667	4.041452	16.333333
orthogroup_420	2	8	1	0.125000	2.000000	2.000000		
orthogroup_420	3	8	0	0.000000				
orthogroup_420	4	8	1	0.125000	-1.000000	-1.000000		
orthogroup_420	5	8	3	0.375000	-23.000000	-23.166667	0.763763	0.583333
orthogroup_420	6	8	0	0.000000				
orthogroup_429	1	8	0	0.000000				
orthogroup_429	2	8	0	0.000000				
orthogroup_429	3	8	0	0.000000				
orthogroup_429	4	8	1	0.125000	14.000000	14.000000		
orthogroup_429	5	8	0	0.000000				
orthogroup_429	6	8	0	0.000000				
orthogroup_429	7	8	0	0.000000				
orthogroup_429	8	8	0	0.000000				
orthogroup_429	9	8	0	0.000000				
orthogroup_429	10	8	0	0.000000				
orthogroup_429	11	8	0	0.000000				
orthogroup_429	12	8	0	0.000000				
orthogroup_454	2	9	0	0.000000				
orthogroup_454	3	9	2	0.222222	11.000000	11.000000	0.000000	0.000000
orthogroup_454	4	9	2	0.222222	-1.500000	-1.500000	6.363961	40.500000
orthogroup_454	5	9	7	0.777778	-22.500000	-19.500000	7.388053	54.583333
orthogroup_454	6	9	2	0.222222	24.500000	24.500000	1.414214	2.000000
orthogroup_46	1	10	1	0.100000	-7.000000	-7.000000		
orthogroup_46	2	10	0	0.000000				
orthogroup_46	3	10	1	0.100000	21.000000	21.000000		
orthogroup_46	4	10	1	0.100000	-24.000000	-24.000000		
orthogroup_46	5	10	0	0.000000				
orthogroup_46	6	10	0	0.000000				
orthogroup_471	1	9	0	0.000000				
orthogroup_471	2	9	0	0.000000				
orthogroup_471	3	9	0	0.000000				
orthogroup_471	4	9	0	0.000000				
orthogroup_471	5	9	0	0.000000				
orthogroup_471	6	9	0	0.000000				
orthogroup_480	1	9	0	0.000000				
orthogroup_480	2	9	0	0.000000				
orthogroup_480	3	9	0	0.000000				
orthogroup_480	4	9	0	0.000000				
orthogroup_480	5	9	0	0.000000				
orthogroup_480	6	9	0	0.000000				
orthogroup_484	1	9	4	0.444444	-28.000000	-28.000000	0.816497	0.666667
orthogroup_484	2	9	0	0.000000				
orthogroup_484	3	9	1	0.111111	-1.000000	-1.000000		
orthogroup_484	4	9	2	0.222222	2.000000	2.000000	0.000000	0.000000
orthogroup_484	5	9	0	0.000000				
orthogroup_484	6	9	0	0.000000				
orthogroup_489	1	9	2	0.222222	5.000000	5.000000	0.000000	0.000000
orthogroup_489	2	9	1	0.111111	6.000000	6.000000		
orthogroup_489	3	9	0	0.000000				
orthogroup_489	4	9	0	0.000000				
orthogroup_489	5	9	0	0.000000				
orthogroup_489	6	9	2	0.222222	23.750000	23.750000	1.767767	3.125000
orthogroup_49	1	9	0	0.000000				
orthogroup_49	2	9	0	0.000000				
orthogroup_49	3	9	0	0.000000				
orthogroup_49	4	9	0	0.000000				
orthogroup_515	1	9	1	0.111111	-30.000000	-30.000000		
orthogroup_515	2	9	0	0.000000				
orthogroup_515	3	9	0	0.000000				
orthogroup_526	1	9	0	0.000000				
orthogroup_526	2	9	0	0.000000				
orthogroup_526	3	9	0	0.000000				
orthogroup_526	4	9	0	0.000000				
orthogroup_526	5	9	0	0.000000				
orthogroup_526	6	9	1	0.111111	38.000000	38.000000		
orthogroup_531	1	9	2	0.222222	-16.500000	-16.500000	0.707107	0.500000
orthogroup_531	2	9	0	0.000000				
orthogroup_531	3	9	0	0.000000				
orthogroup_531	4	9	0	0.000000				
orthogroup_531	5	9	1	0.111111	-11.000000	-11.000000		
orthogroup_531	6	9	0	0.000000				
orthogroup_531	7	9	0	0.000000				
orthogroup_531	8	9	0	0.000000				
orthogroup_531	9	9	0	0.000000				
orthogroup_531	10	9	0	0.000000				
orthogroup_531	11	9	0	0.000000				
orthogroup_531	12	9	0	0.000000				
orthogroup_531	13	9	1	0.111111	16.000000	16.000000		
orthogroup_531	14	9	0	0.000000				
orthogroup_534	1	10	0	0.000000				
orthogroup_534	2	10	0	0.000000				
orthogroup_534	3	10	0	0.000000				
orthogroup_534	4	10	0	0.000000				
orthogroup_534	5	10	2	0.200000	16.000000	16.000000	0.000000	0.000000
orthogroup_540	1	9	4	0.444444	-29.500000	-29.250000	0.957427	0.916667
orthogroup_540	2	9	0	0.000000				
orthogroup_540	3	9	0	0.000000				
orthogroup_540	4	9	0	0.000000				
orthogroup_540	5	9	1	0.111111	33.000000	33.000000		
orthogroup_540	6	9	0	0.000000				
orthogroup_547	1	10	6	0.600000	-20.000000	-16.666667	16.033299	257.066667
orthogroup_547	2	10	0	0.000000				
orthogroup_547	3	10	0	0.000000				
orthogroup_547	4	10	0	0.000000				
orthogroup_547	5	10	0	0.000000				
orthogroup_547	6	10	1	0.100000	-8.000000	-8.000000		
orthogroup_548	1	9	1	0.111111	23.000000	23.000000		
orthogroup_548	2	9	5	0.555556	9.000000	8.800000	0.273861	0.075000
orthogroup_548	3	9	1	0.111111	15.000000	15.000000		
orthogroup_548	4	9	1	0.111111	8.000000	8.000000		
orthogroup_548	5	9	0	0.000000				
orthogroup_548	6	9	0	0.000000				
orthogroup_551	1	9	0	0.000000				
orthogroup_551	2	9	0	0.000000				
orthogroup_551	3	9	0	0.000000				
orthogroup_551	4	9	0	0.000000				
orthogroup_554	1	9	1	0.111111	-60.000000	-60.000000		
orthogroup_554	2	9	0	0.000000				
orthogroup_554	3	9	0	0.000000				
orthogroup_554	4	9	0	0.000000				
orthogroup_554	5	9	1	0.111111	-23.000000	-23.000000		
orthogroup_554	6	9	0	0.000000				
orthogroup_554	7	9	0	0.000000				
orthogroup_554	8	9	0	0.000000				
orthogroup_596	1	9	0	0.000000				
orthogroup_596	2	9	0	0.000000				
orthogroup_596	3	9	0	0.000000				
orthogroup_596	4	9	0	0.000000				
orthogroup_598	1	9	0	0.000000				
orthogroup_598	2	9	0	0.000000				
orthogroup_598	3	9	0	0.000000				
orthogroup_598	4	9	0	0.000000				
orthogroup_598	5	9	1	0.111111	-16.000000	-16.000000		
orthogroup_598	6	9	2	0.222222	0.000000	0.000000	0.000000	0.000000
orthogroup_598	7	9	0	0.000000				
orthogroup_598	8	9	0	0.000000				
orthogroup_598	9	9	0	0.000000				
orthogroup_6	1	9	0	0.000000				
orthogroup_6	2	9	0	0.000000				
orthogroup_6	3	9	0	0.000000				
orthogroup_609	2	9	0	0.000000				
orthogroup_609	3	9	0	0.000000				
orthogroup_609	4	9	0	0.000000				
orthogroup_609	5	9	1	0.111111	-3.000000	-3.000000		
orthogroup_609	6	9	1	0.111111	-5.000000	-5.000000		
orthogroup_609	7	9	0	0.000000				
orthogroup_610	1	9	0	0.000000				
orthogroup_610	2	9	0	0.000000				
orthogroup_610	3	9	0	0.000000				
orthogroup_610	4	9	2	0.222222	-25.500000	-25.500000	6.363961	40.500000
orthogroup_610	5	9	0	0.000000				
orthogroup_618	1	9	4	0.444444	-54.500000	-52.000000	5.338539	28.500000
orthogroup_618	2	9	0	0.000000				
orthogroup_618	3	9	0	0.000000				
orthogroup_618	4	9	0	0.000000				
orthogroup_626	1	9	1	0.111111	6.000000	6.000000		
orthogroup_626	2	9	1	0.111111	26.000000	26.000000		
orthogroup_626	3	9	0	0.000000				
orthogroup_626	4	9	6	0.666667	12.000000	12.083333	0.204124	0.041667
orthogroup_626	5	9	0	0.000000				
orthogroup_626	6	9	0	0.000000				
orthogroup_626	7	9	0	0.000000				
orthogroup_626	8	9	0	0.000000				
orthogroup_626	9	9	1	0.111111	18.000000	18.000000		
orthogroup_627	1	9	0	0.000000				
orthogroup_627	2	9	0	0.000000				
orthogroup_627	3	9	0	0.000000				
orthogroup_627	4	9	0	0.000000				
orthogroup_65	1	9	1	0.111111	-13.000000	-13.000000		
orthogroup_65	2	9	0	0.000000				
orthogroup_65	3	9	0	0.000000				
orthogroup_65	4	9	0	0.000000				
orthogroup_663	1	9	0	0.000000				
orthogroup_663	2	9	0	0.000000				
orthogroup_663	3	9	0	0.000000				
orthogroup_663	4	9	0	0.000000				
orthogroup_663	5	9	0	0.000000				
orthogroup_663	6	9	0	0.000000				
orthogroup_663	7	9	0	0.000000				
orthogroup_663	8	9	0	0.000000				
orthogroup_663	9	9	0	0.000000				
orthogroup_663	10	9	0	0.000000				
orthogroup_663	11	9	2	0.222222	1.500000	1.500000	0.000000	0.000000
orthogroup_684	1	9	0	0.000000				
orthogroup_684	2	9	0	0.000000				
orthogroup_684	3	9	0	0.000000				
orthogroup_684	4	9	0	0.000000				
orthogroup_684	5	9	0	0.000000				
orthogroup_684	6	9	0	0.000000				
orthogroup_684	7	9	0	0.000000				
orthogroup_684	8	9	0	0.000000				
orthogroup_684	9	9	0	0.000000				
orthogroup_684	10	9	0	0.000000				
orthogroup_684	11	9	0	0.000000				
orthogroup_684	12	9	0	0.000000				
orthogroup_687	1	9	0	0.000000				
orthogroup_687	2	9	1	0.111111	5.000000	5.000000		
orthogroup_687	3	9	0	0.000000				
orthogroup_687	4	9	0	0.000000				
orthogroup_687	5	9	1	0.111111	8.000000	8.000000		
orthogroup_687	6	9	0	0.000000				
orthogroup_687	7	9	0	0.000000				
orthogroup_687	8	9	1	0.111111	6.000000	6.000000		
orthogroup_7	1	9	0	0.000000				
orthogroup_7	2	9	0	0.000000				
orthogroup_7	3	9	0	0.000000				
orthogroup_7	4	9	0	0.000000				
orthogroup_7	5	9	1	0.111111	0.000000	0.000000		
orthogroup_7	6	9	0	0.000000				
orthogroup_7	7	9	1	0.111111	142.000000	142.000000		
orthogroup_7	8	9	1	0.111111	-165.000000	-165.000000		
orthogroup_7	9	9	1	0.111111	-4.000000	-4.000000		
orthogroup_7	10	9	1	0.111111	37.000000	37.000000		
orthogroup_7	11	9	0	0.000000				
orthogroup_7	12	9	0	0.000000				
orthogroup_703	1	9	0	0.000000				
orthogroup_703	2	9	0	0.000000				
orthogroup_703	3	9	0	0.000000				
orthogroup_703	4	9	0	0.000000				
orthogroup_703	5	9	1	0.111111	12.000000	12.000000		
orthogroup_703	6	9	0	0.000000				
orthogroup_703	7	9	0	0.000000				
orthogroup_703	8	9	0	0.000000				
orthogroup_703	9	9	0	0.000000				
orthogroup_703	10	9	0	0.000000				
orthogroup_703	11	9	0	0.000000				
orthogroup_703	12	9	0	0.000000				
orthogroup_703	13	9	0	0.000000				
orthogroup_719	1	9	0	0.000000				
orthogroup_719	2	9	0	0.000000				
orthogroup_719	3	9	0	0.000000				
orthogroup_719	4	9	0	0.000000				
orthogroup_719	5	9	0	0.000000				
orthogroup_719	6	9	0	0.000000				
orthogroup_719	7	9	1	0.111111	-20.000000	-20.000000		
orthogroup_719	8	9	0	0.000000				
orthogroup_719	9	9	1	0.111111	5.000000	5.000000		
orthogroup_719	10	9	0	0.000000				
orthogroup_719	11	9	1	0.111111	1.000000	1.000000		
orthogroup_719	12	9	1	0.111111	25.000000	25.000000		
orthogroup_72	1	8	0	0.000000				
orthogroup_72	2	8	3	0.375000	4.000000	5.333333	2.309401	5.333333
orthogroup_72	3	8	0	0.000000				
orthogroup_72	4	8	0	0.000000				
orthogroup_72	5	8	0	0.000000				
orthogroup_72	6	8	0	0.000000				
orthogroup_72	7	8	0	0.000000				
orthogroup_72	8	8	0	0.000000				
orthogroup_72	9	8	0	0.000000				
orthogroup_741	1	9	0	0.000000				
orthogroup_741	2	9	1	0.111111	-18.000000	-18.000000		
orthogroup_741	3	9	0	0.000000				
orthogroup_755	1	9	1	0.111111	0.000000	0.000000		
orthogroup_755	2	9	0	0.000000				
orthogroup_755	3	9	0	0.000000				
orthogroup_755	4	9	0	0.000000				
orthogroup_755	5	9	0	0.000000				
orthogroup_755	6	9	0	0.000000				
orthogroup_755	7	9	2	0.222222	65.500000	65.500000	95.459415	9112.500000
orthogroup_755	8	9	1	0.111111	12.000000	12.000000		
orthogroup_758	1	8	2	0.250000	-15.000000	-15.000000	0.000000	0.000000
orthogroup_758	2	8	1	0.125000	-1.000000	-1.000000		
orthogroup_758	3	8	0	0.000000				
orthogroup_758	4	8	0	0.000000				
orthogroup_758	5	8	0	0.000000				
orthogroup_758	6	8	0	0.000000				
orthogroup_758	7	8	0	0.000000				
orthogroup_758	8	8	0	0.000000				
orthogroup_758	9	8	0	0.000000				
orthogroup_758	10	8	0	0.000000				
orthogroup_758	11	8	1	0.125000	4.000000	4.000000		
orthogroup_758	12	8	0	0.000000				
orthogroup_759	1	9	0	0.000000				
orthogroup_759	2	9	0	0.000000				
orthogroup_759	3	9	0	0.000000				
orthogroup_759	4	9	0	0.000000				
orthogroup_759	5	9	0	0.000000				
orthogroup_759	6	9	0	0.000000				
orthogroup_759	7	9	0	0.000000				
orthogroup_759	8	9	0	0.000000				
orthogroup_759	9	9	0	0.000000				
orthogroup_759	10	9	0	0.000000				
orthogroup_76	1	8	0	0.000000				
orthogroup_76	2	8	1	0.125000	-36.500000	-36.500000		
orthogroup_76	3	8	0	0.000000				
orthogroup_76	4	8	0	0.000000				
orthogroup_76	5	8	0	0.000000				
orthogroup_76	6	8	0	0.000000				
orthogroup_767	1	10	1	0.100000	-3.000000	-3.000000		
orthogroup_767	2	10	0	0.000000				
orthogroup_767	3	10	0	0.000000				
orthogroup_767	4	10	0	0.000000				
orthogroup_767	5	10	1	0.100000	-13.000000	-13.000000		
orthogroup_767	6	10	0	0.000000				
orthogroup_767	7	10	0	0.000000				
orthogroup_767	8	10	0	0.000000				
orthogroup_767	9	10	2	0.200000	165.250000	165.250000	78.135299	6105.125000
orthogroup_768	1	9	1	0.111111	-19.000000	-19.000000		
orthogroup_768	2	9	0	0.000000				
orthogroup_768	3	9	0	0.000000				
orthogroup_768	4	9	0	0.000000				
orthogroup_768	5	9	0	0.000000				
orthogroup_768	6	9	1	0.111111	0.000000	0.000000		
orthogroup_768	7	9	0	0.000000				
orthogroup_768	8	9	1	0.111111	13.000000	13.000000		
orthogroup_768	9	9	0	0.000000				
orthogroup_768	10	9	1	0.111111	-4.500000	-4.500000		
orthogroup_768	11	9	0	0.000000				
orthogroup_768	12	9	2	0.222222	-12.000000	-12.000000	0.000000	0.000000
orthogroup_768	13	9	1	0.111111	-4.500000	-4.500000		
orthogroup_768	14	9	0	0.000000				
orthogroup_772	1	9	2	0.222222	-1.750000	-1.750000	1.060660	1.125000
orthogroup_772	2	9	0	0.000000				
orthogroup_772	3	9	0	0.000000				
orthogroup_772	4	9	0	0.000000				
orthogroup_772	5	9	0	0.000000				
orthogroup_772	6	9	0	0.000000				
orthogroup_772	7	9	2	0.222222	5.500000	5.500000	7.778175	60.500000
orthogroup_772	8	9	0	0.000000				
orthogroup_784	1	9	1	0.111111	4.000000	4.000000		
orthogroup_784	2	9	0	0.000000				
orthogroup_784	3	9	0	0.000000				
orthogroup_784	4	9	1	0.111111	3.000000	3.000000		
orthogroup_784	5	9	0	0.000000				
orthogroup_784	6	9	1	0.111111	11.500000	11.500000		
orthogroup_784	7	9	0	0.000000				
orthogroup_784	8	9	0	0.000000				
orthogroup_784	9	9	0	0.000000				
orthogroup_784	10	9	0	0.000000				
orthogroup_790	1	9	0	0.000000				
orthogroup_790	2	9	0	0.000000				
orthogroup_790	3	9	0	0.000000				
orthogroup_790	4	9	0	0.000000				
orthogroup_790	5	9	0	0.000000				
orthogroup_790	6	9	3	0.333333	233.000000	164.333333	118.934155	14145.333333
orthogroup_799	1	10	1	0.100000	-334.500000	-334.500000		
orthogroup_799	2	10	0	0.000000				
orthogroup_799	3	10	0	0.000000				
orthogroup_799	4	10	0	0.000000				
orthogroup_80	2	9	0	0.000000				
orthogroup_80	3	9	0	0.000000				
orthogroup_80	4	9	0	0.000000				
orthogroup_81	2	10	0	0.000000				
orthogroup_81	3	10	0	0.000000				
orthogroup_81	4	10	1	0.100000	16.000000	16.000000		
orthogroup_81	5	10	0	0.000000				
orthogroup_81	6	10	0	0.000000				
orthogroup_812	1	9	2	0.222222	25.000000	25.000000	0.707107	0.500000
orthogroup_812	2	9	0	0.000000				
orthogroup_812	3	9	0	0.000000				
orthogroup_812	4	9	1	0.111111	-20.000000	-20.000000		
orthogroup_824	1	10	0	0.000000				
orthogroup_824	2	10	0	0.000000				
orthogroup_824	3	10	1	0.100000	-7.000000	-7.000000		
orthogroup_824	4	10	0	0.000000				
orthogroup_824	5	10	0	0.000000				
orthogroup_824	6	10	1	0.100000	60.000000	60.000000		
orthogroup_864	1	9	0	0.000000				
orthogroup_864	2	9	0	0.000000				
orthogroup_864	3	9	0	0.000000				
orthogroup_867	1	8	0	0.000000				
orthogroup_867	2	8	0	0.000000				
orthogroup_867	3	8	0	0.000000				
orthogroup_870	1	9	0	0.000000				
orthogroup_870	2	9	0	0.000000				
orthogroup_870	3	9	0	0.000000				
orthogroup_870	4	9	0	0.000000				
orthogroup_870	5	9	0	0.000000				
orthogroup_870	6	9	1	0.111111	35.000000	35.000000		
orthogroup_921	1	9	1	0.111111	10.000000	10.000000		
orthogroup_921	2	9	0	0.000000				
orthogroup_921	3	9	0	0.000000				
orthogroup_921	4	9	0	0.000000				
orthogroup_921	5	9	0	0.000000				
orthogroup_921	6	9	1	0.111111	-7.000000	-7.000000		
orthogroup_923	1	10	1	0.100000	-37.000000	-37.000000		
orthogroup_923	2	10	0	0.000000				
orthogroup_923	3	10	0	0.000000				
orthogroup_923	4	10	1	0.100000	-2.000000	-2.000000		
orthogroup_923	5	10	0	0.000000				
orthogroup_923	6	10	0	0.000000				
orthogroup_923	7	10	0	0.000000				
orthogroup_923	8	10	0	0.000000				
orthogroup_923	9	10	0	0.000000				
orthogroup_923	10	10	0	0.000000				
orthogroup_923	11	10	0	0.000000				
orthogroup_934	1	8	0	0.000000				
orthogroup_934	2	8	0	0.000000				
orthogroup_934	3	8	0	0.000000				
orthogroup_934	4	8	1	0.125000	11.000000	11.000000		
orthogroup_934	5	8	0	0.000000				
orthogroup_934	6	8	0	0.000000				
orthogroup_934	7	8	1	0.125000	18.000000	18.000000		
orthogroup_934	8	8	0	0.000000				
orthogroup_934	9	8	0	0.000000				
orthogroup_934	10	8	0	0.000000				
orthogroup_934	11	8	0	0.000000				
orthogroup_934	12	8	0	0.000000				
orthogroup_938	1	8	2	0.250000	6.000000	6.000000	0.000000	0.000000
orthogroup_938	2	8	0	0.000000				
orthogroup_938	3	8	1	0.125000	-21.000000	-21.000000		
orthogroup_938	4	8	2	0.250000	0.500000	0.500000	14.849242	220.500000
orthogroup_938	5	8	0	0.000000				
orthogroup_938	6	8	0	0.000000				
orthogroup_938	7	8	0	0.000000				
orthogroup_938	8	8	0	0.000000				
orthogroup_938	9	8	0	0.000000				
orthogroup_938	10	8	0	0.000000				
orthogroup_938	11	8	1	0.125000	-6.000000	-6.000000		
orthogroup_946	1	8	0	0.000000				
orthogroup_946	2	8	0	0.000000				
orthogroup_946	3	8	0	0.000000				
orthogroup_946	4	8	0	0.000000				
orthogroup_946	5	8	0	0.000000				
orthogroup_946	6	8	0	0.000000				
orthogroup_946	7	8	0	0.000000				
orthogroup_946	8	8	0	0.000000				
orthogroup_946	9	8	0	0.000000				
orthogroup_946	10	8	0	0.000000				
orthogroup_946	11	8	0	0.000000				
orthogroup_96	1	9	1	0.111111	1.000000	1.000000		
orthogroup_96	2	9	0	0.000000				
orthogroup_96	3	9	0	0.000000				
orthogroup_96	4	9	0	0.000000				
orthogroup_96	5	9	0	0.000000				
orthogroup_96	6	9	1	0.111111	-5.000000	-5.000000		
orthogroup_96	7	9	0	0.000000				
orthogroup_96	8	9	0	0.000000				
orthogroup_96	9	9	0	0.000000				
orthogroup_96	10	9	0	0.000000				
orthogroup_96	11	9	0	0.000000				
orthogroup_968	1	8	3	0.375000	-256.000000	-216.333333	68.704682	4720.333333
orthogroup_968	2	8	1	0.125000	-109.000000	-109.000000		
orthogroup_968	3	8	1	0.125000	0.000000	0.000000		
orthogroup_968	4	8	0	0.000000				
orthogroup_971	1	8	0	0.000000				
orthogroup_971	2	8	0	0.000000				
orthogroup_971	3	8	0	0.000000				
orthogroup_971	4	8	0	0.000000				
orthogroup_971	5	8	1	0.125000	8.000000	8.000000		
orthogroup_971	6	8	0	0.000000				
orthogroup_971	7	8	0	0.000000				
orthogroup_971	8	8	2	0.250000	-10.000000	-10.000000	0.000000	0.000000
orthogroup_971	9	8	0	0.000000				
orthogroup_971	10	8	0	0.000000				
orthogroup_971	11	8	0	0.000000				
orthogroup_972	1	9	1	0.111111	6.000000	6.000000		
orthogroup_972	2	9	1	0.111111	1.000000	1.000000		
orthogroup_972	3	9	0	0.000000				
orthogroup_972	4	9	0	0.000000				
orthogroup_972	5	9	0	0.000000				
orthogroup_972	6	9	2	0.222222	20.750000	20.750000	18.738330	351.125000
orthogroup_980	1	8	0	0.000000				
orthogroup_980	2	8	0	0.000000				
orthogroup_980	3	8	0	0.000000				
orthogroup_980	4	8	1	0.125000	27.000000	27.000000		
orthogroup_985	1	10	1	0.100000	11.000000	11.000000		
orthogroup_985	2	10	1	0.100000	2.000000	2.000000		
orthogroup_985	3	10	0	0.000000				
orthogroup_985	4	10	0	0.000000				
orthogroup_985	5	10	0	0.000000				
orthogroup_985	6	10	0	0.000000				
orthogroup_995	1	9	0	0.000000				
orthogroup_995	2	9	0	0.000000				
orthogroup_995	3	9	0	0.000000				
orthogroup_995	4	9	0	0.000000				
orthogroup_995	5	9	0	0.000000				
orthogroup_995	6	9	0	0.000000				
orthogroup_995	7	9	0	0.000000				
