resample	median_variance
1	86.208333
2	103.458333
3	96.541667
4	69.863095
5	87.197917
6	119.812500
7	108.500000
8	74.906250
9	113.031250
10	127.166667
11	80.333333
12	133.333333
13	157.708333
14	97.541667
15	96.541667
16	86.112500
17	72.333333
18	88.041667
19	106.291667
20	79.987500
21	113.166667
22	73.114583
23	80.833333
24	111.125000
25	85.833333
26	75.000000
27	92.781250
28	114.083333
29	106.791667
30	84.833333
31	90.187500
32	105.777083
33	128.791667
34	127.537500
35	114.666667
36	131.656250
37	85.087500
38	103.250000
39	106.791667
40	98.791667
41	88.833333
42	83.662500
43	107.197917
44	77.958333
45	94.458333
46	91.370833
47	76.575000
48	82.708333
49	100.583333
50	102.458333
51	67.989583
52	114.333333
53	92.958333
54	104.154167
55	99.875000
56	81.152083
57	81.300000
58	83.833333
59	77.083333
60	122.625000
61	95.083333
62	86.720833
63	73.529167
64	84.614583
65	65.322917
66	104.879167
67	54.500000
68	73.129167
69	75.166667
70	88.462500
71	115.791667
72	102.041667
73	96.744048
74	125.291667
75	78.531250
76	81.187500
77	96.541667
78	133.708333
79	108.166667
80	81.029167
81	117.454167
82	76.541667
83	107.750000
84	122.833333
85	102.947917
86	99.726190
87	113.625000
88	101.041667
89	106.572917
90	82.437500
91	149.447917
92	98.812500
93	74.541667
94	113.425000
95	92.491667
96	87.500000
97	76.658333
98	103.200000
99	71.381250
100	87.279167
101	80.833333
102	81.000000
103	82.010417
104	75.750000
105	76.906250
106	83.833333
107	99.072917
108	94.072917
109	144.666667
110	104.375000
111	76.037500
112	91.375000
113	96.333333
114	131.250000
115	94.947917
116	79.754167
117	94.352083
118	104.837500
119	93.208333
120	115.666667
121	63.916667
122	70.562500
123	63.208333
124	100.708333
125	81.333333
126	75.875000
127	102.822917
128	142.937500
129	109.041667
130	117.520833
131	93.458333
132	94.087500
133	91.333333
134	108.281250
135	91.614583
136	125.291667
137	88.281250
138	89.041667
139	92.364583
140	80.208333
141	90.166667
142	84.987500
143	91.041667
144	69.729167
145	64.208333
146	145.041667
147	105.864583
148	81.489583
149	89.666667
150	93.258333
151	93.114583
152	107.420833
153	86.202083
154	92.833333
155	81.614583
156	127.947917
157	99.041667
158	85.958333
159	111.333333
160	92.958333
161	106.712500
162	65.041667
163	120.114583
164	83.333333
165	71.500000
166	79.541667
167	75.333333
168	103.416667
169	111.989583
170	123.250000
171	112.979167
172	117.541667
173	119.197917
174	86.791667
175	76.708333
176	113.083333
177	84.656250
178	102.333333
179	95.197917
180	76.416667
181	81.437500
182	115.541667
183	76.406250
184	71.333333
185	112.781250
186	71.291667
187	120.666667
188	90.693750
189	74.291667
190	89.281250
191	123.697917
192	146.854167
193	68.625000
194	79.212500
195	130.166667
196	88.583333
197	114.916667
198	127.629167
199	128.541667
200	64.879167
201	98.750000
202	95.208333
203	61.512500
204	84.791667
205	82.291667
206	102.312500
207	90.708333
208	96.333333
209	118.614583
210	51.520833
211	101.708333
212	96.906250
213	83.291667
214	85.958333
215	108.572917
216	99.583333
217	117.443750
218	64.447917
219	106.312500
220	107.364583
221	100.791667
222	82.958333
223	68.729167
224	117.875000
225	101.333333
226	78.375000
227	74.041667
228	74.812500
229	84.125000
230	77.791667
231	85.891667
232	91.666667
233	104.958333
234	125.156250
235	76.458333
236	70.312500
237	92.829167
238	112.958333
239	70.666667
240	77.666667
241	93.500000
242	98.739583
243	80.879167
244	95.500000
245	70.613095
246	104.166667
247	103.281250
248	73.504167
249	89.454167
250	113.883333
251	98.541667
252	68.114583
253	70.114583
254	120.041667
255	80.462500
256	99.114583
257	86.291667
258	109.287500
259	110.500000
260	88.114583
261	86.072917
262	80.708333
263	115.208333
264	87.791667
265	75.666667
266	70.791667
267	128.364583
268	96.000000
269	92.708333
270	74.368750
271	86.541667
272	74.791667
273	135.791667
274	121.416667
275	113.166667
276	88.281250
277	100.000000
278	91.333333
279	77.864583
280	106.079167
281	87.791667
282	122.000000
283	83.654167
284	99.395833
285	115.333333
286	79.208333
287	150.833333
288	79.614583
289	122.666667
290	67.708333
291	84.079167
292	80.379167
293	101.333333
294	102.895833
295	85.333333
296	112.291667
297	113.166667
298	98.166667
299	85.333333
300	98.781250
301	105.768750
302	112.166667
303	77.666667
304	75.125000
305	91.541667
306	67.500000
307	160.708333
308	106.833333
309	74.531250
310	107.875000
311	113.875000
312	83.333333
313	75.227679
314	119.533333
315	99.281250
316	114.406250
317	91.322917
318	104.541667
319	78.300000
320	96.833333
321	82.197917
322	88.829167
323	83.300000
324	99.787500
325	75.995833
326	79.458333
327	80.166667
328	123.364583
329	88.114583
330	78.050000
331	124.947917
332	70.833333
333	98.333333
334	95.458333
335	124.208333
336	69.958333
337	146.000000
338	131.541667
339	128.000000
340	84.041667
341	67.625000
342	77.583333
343	117.854167
344	76.000000
345	71.781250
346	85.654167
347	106.045833
348	64.166667
349	104.781250
350	77.666667
351	104.208333
352	121.864583
353	69.946429
354	101.229167
355	105.895833
356	68.818750
357	76.735417
358	104.220833
359	84.333333
360	118.031250
361	98.229167
362	114.287500
363	86.697917
364	130.162500
365	74.041667
366	67.061012
367	130.416667
368	70.000000
369	92.833333
370	106.833333
371	70.497917
372	94.197917
373	116.962500
374	81.004167
375	86.666667
376	120.791667
377	77.833333
378	116.364583
379	99.166667
380	77.912500
381	112.458333
382	80.708333
383	145.750000
384	99.166667
385	101.729167
386	105.625000
387	85.833333
388	80.258333
389	76.625000
390	59.583333
391	66.291667
392	79.166667
393	94.262500
394	88.541667
395	112.833333
396	120.333333
397	90.166667
398	124.364583
399	111.791667
400	110.016667
401	102.562500
402	110.291667
403	76.666667
404	65.845833
405	75.791667
406	88.187500
407	90.400000
408	102.100000
409	108.239583
410	81.416667
411	103.000000
412	68.197917
413	95.541667
414	92.125000
415	122.625000
416	80.333333
417	85.541667
418	76.291667
419	87.562500
420	99.864583
421	113.750000
422	88.625000
423	79.125000
424	111.108631
425	97.000000
426	88.833333
427	79.708333
428	91.383333
429	117.333333
430	145.062500
431	84.291667
432	93.708333
433	107.050000
434	133.458333
435	111.031250
436	90.156250
437	77.379167
438	144.083333
439	116.250000
440	105.950000
441	93.216667
442	81.866667
443	80.333333
444	88.333333
445	80.791667
446	116.697917
447	87.458333
448	65.333333
449	126.614583
450	76.697917
451	66.781250
452	105.166667
453	78.250000
454	120.281250
455	89.833333
456	120.666667
457	82.291667
458	104.541667
459	68.287500
460	104.562500
461	108.875000
462	99.816667
463	88.333333
464	91.629167
465	127.197917
466	83.906250
467	77.708333
468	72.406250
469	89.583333
470	110.541667
471	89.954167
472	110.337500
473	93.489583
474	82.958333
475	70.452381
476	90.166667
477	96.087500
478	86.879167
479	104.375000
480	72.541667
481	106.012500
482	82.666667
483	117.416667
484	71.583333
485	134.875000
486	73.791667
487	104.958333
488	117.312500
489	101.208333
490	82.708333
491	87.197917
492	71.697917
493	78.493750
494	79.947917
495	98.833333
496	141.395833
497	71.670833
498	88.333333
499	133.000000
500	104.291667
501	87.833333
502	94.614583
503	83.208333
504	120.575000
505	104.375000
506	76.489583
507	117.664583
508	79.166667
509	144.864583
510	98.166667
511	107.697917
512	87.708333
513	79.750000
514	79.250000
515	79.850000
516	106.041667
517	85.208333
518	113.462500
519	85.281250
520	116.333333
521	78.958333
522	98.833333
523	87.562500
524	119.879167
525	145.489583
526	64.541667
527	77.687500
528	77.666667
529	75.333333
530	89.958333
531	118.114583
532	126.625000
533	99.954167
534	88.414583
535	105.112500
536	102.650000
537	86.454167
538	114.031250
539	73.625000
540	119.239583
541	129.458333
542	74.697917
543	87.670833
544	75.041667
545	94.833333
546	107.947917
547	76.229167
548	74.281250
549	64.864583
550	66.333333
551	68.958333
552	68.454167
553	85.416667
554	136.000000
555	81.458333
556	80.333333
557	76.820833
558	87.197917
559	84.281250
560	84.041667
561	91.254167
562	128.208333
563	104.958333
564	111.458333
565	140.833333
566	83.333333
567	109.708333
568	80.037500
569	139.660417
570	114.822917
571	85.654167
572	82.041667
573	120.875000
574	80.416667
575	107.083333
576	92.666667
577	156.500000
578	80.833333
579	80.333333
580	113.458333
581	85.447917
582	75.212500
583	75.625000
584	100.697917
585	80.379167
586	115.631250
587	100.739583
588	85.833333
589	100.041667
590	92.322917
591	102.995833
592	110.000000
593	70.145833
594	104.252083
595	93.666667
596	82.614583
597	127.125000
598	86.250000
599	98.629167
600	118.406250
601	120.660417
602	83.333333
603	77.845833
604	99.625000
605	111.916667
606	82.041667
607	87.204167
608	62.822917
609	84.791667
610	142.708333
611	112.250000
612	93.489583
613	116.166667
614	104.500000
615	97.531250
616	128.489583
617	93.791667
618	113.958333
619	92.958333
620	87.208333
621	79.166667
622	89.406250
623	125.333333
624	88.333333
625	75.500000
626	103.887500
627	75.531250
628	92.125000
629	101.045833
630	96.041667
631	131.375000
632	96.125000
633	82.708333
634	72.250000
635	119.781250
636	52.287500
637	81.287500
638	74.387500
639	65.202381
640	87.947917
641	91.416667
642	104.166667
643	113.781250
644	65.333333
645	92.458333
646	125.458333
647	128.875000
648	109.666667
649	88.958333
650	78.779167
651	116.166667
652	110.781250
653	90.833333
654	86.550000
655	83.833333
656	96.416667
657	131.066667
658	70.708333
659	113.166667
660	106.583333
661	125.666667
662	116.812500
663	101.333333
664	48.443750
665	116.166667
666	97.208333
667	100.333333
668	64.781250
669	70.583333
670	108.947917
671	168.541667
672	104.364583
673	109.666667
674	128.891667
675	98.156250
676	64.183333
677	74.691667
678	77.239583
679	124.131250
680	110.166667
681	103.375000
682	118.291667
683	74.125000
684	95.072917
685	107.166667
686	88.025000
687	66.958333
688	100.041667
689	91.083333
690	85.125000
691	113.041667
692	55.541667
693	84.129167
694	109.897917
695	96.541667
696	110.447917
697	74.777083
698	118.781250
699	86.583333
700	109.614583
701	96.818750
702	80.833333
703	117.083333
704	88.666667
705	85.458333
706	123.531250
707	89.062500
708	80.600000
709	106.031250
710	98.583333
711	60.906250
712	122.445833
713	95.114583
714	106.958333
715	136.000000
716	84.129167
717	114.041667
718	95.291667
719	107.162500
720	110.697917
721	79.239583
722	76.225000
723	115.791667
724	110.485417
725	99.387500
726	149.250000
727	111.166667
728	66.541667
729	83.625000
730	130.072917
731	126.791667
732	67.406250
733	95.708333
734	120.666667
735	85.454167
736	70.854167
737	157.166667
738	80.708333
739	78.333333
740	109.058333
741	126.864583
742	78.291667
743	106.000000
744	73.958333
745	94.947917
746	89.531250
747	116.833333
748	119.875000
749	122.750000
750	76.781250
751	138.364583
752	117.114583
753	92.625000
754	129.166667
755	115.666667
756	102.791667
757	93.183333
758	87.468750
759	86.791667
760	86.500000
761	92.229167
762	94.541667
763	123.245833
764	111.333333
765	76.697917
766	80.833333
767	136.114583
768	77.614583
769	83.375000
770	85.916667
771	117.254167
772	120.416667
773	90.852083
774	80.166667
775	89.416667
776	126.583333
777	98.875000
778	108.304167
779	122.114583
780	120.250000
781	66.916667
782	85.833333
783	128.916667
784	80.937500
785	64.208333
786	57.502083
787	100.254167
788	74.541667
789	107.666667
790	76.554167
791	80.166667
792	127.204167
793	116.791667
794	102.364583
795	64.322917
796	109.041667
797	104.441667
798	92.197917
799	97.700000
800	106.791667
801	83.041667
802	59.708333
803	125.204167
804	137.041667
805	76.958333
806	66.958333
807	132.958333
808	87.645833
809	83.079167
810	82.979167
811	120.041667
812	122.166667
813	128.487500
814	86.114583
815	65.333333
816	103.100000
817	95.654762
818	84.958333
819	112.656250
820	97.479167
821	78.208333
822	84.541667
823	85.333333
824	101.958333
825	109.854167
826	97.912500
827	72.571429
828	69.916667
829	82.129167
830	69.656250
831	112.031250
832	123.000000
833	83.375000
834	102.962500
835	119.854167
836	120.458333
837	81.947917
838	89.916667
839	123.743750
840	97.333333
841	89.879167
842	64.583333
843	77.012500
844	106.041667
845	90.966667
846	115.916667
847	85.333333
848	99.364583
849	80.208333
850	84.239583
851	160.364583
852	107.733333
853	73.452083
854	83.447917
855	113.625000
856	135.333333
857	119.656250
858	111.625000
859	92.583333
860	75.500000
861	76.458333
862	88.666667
863	68.458333
864	70.479167
865	103.916667
866	83.333333
867	132.333333
868	109.416667
869	71.114583
870	98.166667
871	89.656250
872	91.791667
873	72.720833
874	80.031250
875	64.014583
876	71.208333
877	80.833333
878	120.333333
879	142.004167
880	100.166667
881	83.208333
882	80.579167
883	80.833333
884	99.166667
885	101.281250
886	78.166667
887	86.152083
888	100.041667
889	91.979167
890	112.114583
891	156.500000
892	73.239583
893	97.166667
894	96.768750
895	88.666667
896	133.250000
897	96.350000
898	132.666667
899	76.739583
900	130.000000
901	99.562500
902	81.708333
903	116.458333
904	82.750000
905	76.512500
906	100.947917
907	110.270833
908	71.614583
909	80.708333
910	100.631250
911	45.254167
912	117.416667
913	106.431250
914	83.125000
915	76.458333
916	95.791667
917	83.458333
918	132.666667
919	68.208333
920	108.739583
921	83.729167
922	120.345833
923	115.708333
924	75.000000
925	116.662500
926	95.989583
927	87.502083
928	70.833333
929	73.625000
930	72.125000
931	103.552083
932	95.458333
933	88.541667
934	90.208333
935	110.875000
936	118.325000
937	95.208333
938	125.916667
939	105.625000
940	109.708333
941	68.322917
942	73.291667
943	85.031250
944	144.322917
945	72.083333
946	116.458333
947	107.541667
948	119.875000
949	107.250000
950	127.822917
951	83.333333
952	100.504167
953	66.908333
954	94.697917
955	115.791667
956	82.375000
957	98.458333
958	110.904167
959	88.875000
960	158.479167
961	100.572917
962	86.697917
963	85.833333
964	80.154167
965	95.775000
966	110.114583
967	97.031250
968	65.208333
969	94.879167
970	79.083333
971	94.791667
972	76.837500
973	83.104167
974	111.387500
975	86.697917
976	87.916667
977	62.291667
978	100.833333
979	88.104167
980	75.345833
981	72.366667
982	118.645833
983	106.333333
984	81.229167
985	113.041667
986	90.087500
987	94.250000
988	83.333333
989	158.795833
990	102.822917
991	83.333333
992	117.114583
993	127.516667
994	70.166667
995	85.454167
996	144.833333
997	60.250000
998	103.281250
999	113.083333
1000	88.250000
