orthogroup	tmd_index	modal_tmd_count	species_total	species_with_feature	presence_fraction	median_distance_start	mean_distance_start	sd_distance_start	variance_distance_start
orthogroup_100	1	12	10	0	0.000000				
orthogroup_100	2	12	10	0	0.000000				
orthogroup_100	3	12	10	1	0.100000	8.000000	8.000000		
orthogroup_100	4	12	10	0	0.000000				
orthogroup_100	5	12	10	0	0.000000				
orthogroup_100	6	12	10	0	0.000000				
orthogroup_100	7	12	10	1	0.100000	-1.000000	-1.000000		
orthogroup_100	8	12	10	0	0.000000				
orthogroup_100	9	12	10	0	0.000000				
orthogroup_100	10	12	10	0	0.000000				
orthogroup_100	11	12	10	0	0.000000				
orthogroup_100	12	12	10	3	0.300000	27.000000	25.666667	3.214550	10.333333
orthogroup_1013	1	4	9	1	0.111111	-3.000000	-3.000000		
orthogroup_1013	2	4	9	0	0.000000				
orthogroup_1013	3	4	9	0	0.000000				
orthogroup_1013	4	4	9	1	0.111111	-9.000000	-9.000000		
orthogroup_1014	1	6	9	1	0.111111	13.000000	13.000000		
orthogroup_1014	2	6	9	1	0.111111	-8.000000	-8.000000		
orthogroup_1014	3	6	9	1	0.111111	-3.000000	-3.000000		
orthogroup_1014	4	6	9	0	0.000000				
orthogroup_1014	5	6	9	2	0.222222	12.750000	12.750000	1.060660	1.125000
orthogroup_1014	6	6	9	3	0.333333	15.000000	15.333333	0.577350	0.333333
orthogroup_1024	1	7	9	0	0.000000				
orthogroup_1024	2	7	9	0	0.000000				
orthogroup_1024	3	7	9	0	0.000000				
orthogroup_1024	4	7	9	0	0.000000				
orthogroup_1024	5	7	9	0	0.000000				
orthogroup_1024	6	7	9	0	0.000000				
orthogroup_1024	7	7	9	4	0.444444	218.000000	204.750000	98.174589	9638.250000
orthogroup_1031	1	4	9	1	0.111111	24.000000	24.000000		
orthogroup_1031	2	4	9	0	0.000000				
orthogroup_1031	3	4	9	0	0.000000				
orthogroup_1031	4	4	9	0	0.000000				
orthogroup_1038	1	5	9	1	0.111111	-1.000000	-1.000000		
orthogroup_1038	2	5	9	0	0.000000				
orthogroup_1038	3	5	9	0	0.000000				
orthogroup_1038	4	5	9	3	0.333333	11.000000	11.000000	0.000000	0.000000
orthogroup_1038	5	5	9	1	0.111111	154.000000	154.000000		
orthogroup_104	1	10	8	0	0.000000				
orthogroup_104	2	10	8	1	0.125000	-0.500000	-0.500000		
orthogroup_104	3	10	8	1	0.125000	4.000000	4.000000		
orthogroup_104	4	10	8	0	0.000000				
orthogroup_104	5	10	8	0	0.000000				
orthogroup_104	6	10	8	0	0.000000				
orthogroup_104	7	10	8	0	0.000000				
orthogroup_104	8	10	8	1	0.125000	6.500000	6.500000		
orthogroup_104	9	10	8	0	0.000000				
orthogroup_104	10	10	8	0	0.000000				
orthogroup_1040	1	10	8	1	0.125000	1.000000	1.000000		
orthogroup_1040	2	10	8	2	0.250000	1.000000	1.000000	0.000000	0.000000
orthogroup_1040	3	10	8	0	0.000000				
orthogroup_1040	4	10	8	0	0.000000				
orthogroup_1040	5	10	8	0	0.000000				
orthogroup_1040	6	10	8	0	0.000000				
orthogroup_1040	7	10	8	2	0.250000	5.250000	5.250000	12.374369	153.125000
orthogroup_1040	8	10	8	0	0.000000				
orthogroup_1040	9	10	8	0	0.000000				
orthogroup_1040	10	10	8	0	0.000000				
orthogroup_1042	1	10	9	1	0.111111	1.000000	1.000000		
orthogroup_1042	2	10	9	0	0.000000				
orthogroup_1042	3	10	9	1	0.111111	1.000000	1.000000		
orthogroup_1042	4	10	9	0	0.000000				
orthogroup_1042	5	10	9	0	0.000000				
orthogroup_1042	6	10	9	0	0.000000				
orthogroup_1042	7	10	9	0	0.000000				
orthogroup_1042	8	10	9	1	0.111111	2.000000	2.000000		
orthogroup_1042	9	10	9	0	0.000000				
orthogroup_1042	10	10	9	0	0.000000				
orthogroup_1047	1	3	9	1	0.111111	-11.000000	-11.000000		
orthogroup_1047	2	3	9	0	0.000000				
orthogroup_1047	3	3	9	0	0.000000				
orthogroup_105	1	8	9	2	0.222222	-23.250000	-23.250000	21.566757	465.125000
orthogroup_105	2	8	9	1	0.111111	62.500000	62.500000		
orthogroup_105	3	8	9	0	0.000000				
orthogroup_105	4	8	9	0	0.000000				
orthogroup_105	5	8	9	1	0.111111	8.000000	8.000000		
orthogroup_105	6	8	9	1	0.111111	4.000000	4.000000		
orthogroup_105	7	8	9	0	0.000000				
orthogroup_105	8	8	9	5	0.555556	13.000000	12.600000	0.547723	0.300000
orthogroup_1050	1	6	8	1	0.125000	2.000000	2.000000		
orthogroup_1050	2	6	8	1	0.125000	-16.000000	-16.000000		
orthogroup_1050	3	6	8	0	0.000000				
orthogroup_1050	4	6	8	0	0.000000				
orthogroup_1050	5	6	8	1	0.125000	14.000000	14.000000		
orthogroup_1050	6	6	8	0	0.000000				
orthogroup_1051	1	10	8	0	0.000000				
orthogroup_1051	2	10	8	0	0.000000				
orthogroup_1051	3	10	8	0	0.000000				
orthogroup_1051	4	10	8	0	0.000000				
orthogroup_1051	5	10	8	0	0.000000				
orthogroup_1051	6	10	8	0	0.000000				
orthogroup_1051	7	10	8	0	0.000000				
orthogroup_1051	8	10	8	0	0.000000				
orthogroup_1051	9	10	8	0	0.000000				
orthogroup_1051	10	10	8	1	0.125000	301.000000	301.000000		
orthogroup_1059	1	12	8	0	0.000000				
orthogroup_1059	2	12	8	0	0.000000				
orthogroup_1059	3	12	8	0	0.000000				
orthogroup_1059	4	12	8	0	0.000000				
orthogroup_1059	5	12	8	0	0.000000				
orthogroup_1059	6	12	8	0	0.000000				
orthogroup_1059	7	12	8	0	0.000000				
orthogroup_1059	8	12	8	0	0.000000				
orthogroup_1059	9	12	8	0	0.000000				
orthogroup_1059	10	12	8	0	0.000000				
orthogroup_1059	11	12	8	0	0.000000				
orthogroup_1059	12	12	8	1	0.125000	23.000000	23.000000		
orthogroup_1074	1	8	9	2	0.222222	2.500000	2.500000	0.707107	0.500000
orthogroup_1074	2	8	9	0	0.000000				
orthogroup_1074	3	8	9	0	0.000000				
orthogroup_1074	4	8	9	0	0.000000				
orthogroup_1074	5	8	9	0	0.000000				
orthogroup_1074	6	8	9	1	0.111111	8.500000	8.500000		
orthogroup_1074	7	8	9	0	0.000000				
orthogroup_1074	8	8	9	1	0.111111	10.000000	10.000000		
orthogroup_110	1	3	9	0	0.000000				
orthogroup_110	2	3	9	0	0.000000				
orthogroup_110	3	3	9	0	0.000000				
orthogroup_1107	1	4	9	0	0.000000				
orthogroup_1107	2	4	9	0	0.000000				
orthogroup_1107	3	4	9	0	0.000000				
orthogroup_1107	4	4	9	1	0.111111	49.000000	49.000000		
orthogroup_1110	1	5	8	0	0.000000				
orthogroup_1110	2	5	8	0	0.000000				
orthogroup_1110	3	5	8	0	0.000000				
orthogroup_1110	4	5	8	0	0.000000				
orthogroup_1110	5	5	8	0	0.000000				
orthogroup_1124	1	4	9	1	0.111111	5.000000	5.000000		
orthogroup_1124	2	4	9	2	0.222222	-18.500000	-18.500000	30.405592	924.500000
orthogroup_1124	3	4	9	0	0.000000				
orthogroup_1124	4	4	9	1	0.111111	28.000000	28.000000		
orthogroup_1141	1	9	10	0	0.000000				
orthogroup_1141	2	9	10	0	0.000000				
orthogroup_1141	3	9	10	0	0.000000				
orthogroup_1141	4	9	10	0	0.000000				
orthogroup_1141	5	9	10	1	0.100000	5.000000	5.000000		
orthogroup_1141	6	9	10	0	0.000000				
orthogroup_1141	7	9	10	0	0.000000				
orthogroup_1141	8	9	10	1	0.100000	1.000000	1.000000		
orthogroup_1141	9	9	10	1	0.100000	13.000000	13.000000		
orthogroup_1154	1	10	9	1	0.111111	17.000000	17.000000		
orthogroup_1154	2	10	9	0	0.000000				
orthogroup_1154	3	10	9	3	0.333333	18.000000	10.333333	13.279056	176.333333
orthogroup_1154	4	10	9	0	0.000000				
orthogroup_1154	5	10	9	0	0.000000				
orthogroup_1154	6	10	9	1	0.111111	-9.000000	-9.000000		
orthogroup_1154	7	10	9	0	0.000000				
orthogroup_1154	8	10	9	0	0.000000				
orthogroup_1154	9	10	9	0	0.000000				
orthogroup_1154	10	10	9	0	0.000000				
orthogroup_1158	1	5	9	0	0.000000				
orthogroup_1158	2	5	9	0	0.000000				
orthogroup_1158	3	5	9	2	0.222222	8.000000	8.000000	11.313708	128.000000
orthogroup_1158	4	5	9	2	0.222222	12.000000	12.000000	0.000000	0.000000
orthogroup_1158	5	5	9	3	0.333333	404.000000	403.666667	0.577350	0.333333
orthogroup_1177	1	6	10	1	0.100000	-7.500000	-7.500000		
orthogroup_1177	2	6	10	0	0.000000				
orthogroup_1177	3	6	10	2	0.200000	6.000000	6.000000	12.727922	162.000000
orthogroup_1177	4	6	10	0	0.000000				
orthogroup_1177	5	6	10	0	0.000000				
orthogroup_1177	6	6	10	1	0.100000	17.000000	17.000000		
orthogroup_1181	1	6	10	2	0.200000	2.000000	2.000000	29.698485	882.000000
orthogroup_1181	2	6	10	1	0.100000	8.000000	8.000000		
orthogroup_1181	3	6	10	0	0.000000				
orthogroup_1181	4	6	10	0	0.000000				
orthogroup_1181	5	6	10	0	0.000000				
orthogroup_1181	6	6	10	1	0.100000	76.000000	76.000000		
orthogroup_119	1	3	8	1	0.125000	9.000000	9.000000		
orthogroup_119	2	3	8	4	0.500000	-6.000000	-7.125000	2.625992	6.895833
orthogroup_119	3	3	8	2	0.250000	41.000000	41.000000	52.325902	2738.000000
orthogroup_1208	1	5	9	3	0.333333	5.500000	17.500000	21.219095	450.250000
orthogroup_1208	2	5	9	0	0.000000				
orthogroup_1208	3	5	9	0	0.000000				
orthogroup_1208	4	5	9	0	0.000000				
orthogroup_1208	5	5	9	2	0.222222	3.000000	3.000000	65.053824	4232.000000
orthogroup_1225	1	3	9	0	0.000000				
orthogroup_1225	2	3	9	0	0.000000				
orthogroup_1225	3	3	9	0	0.000000				
orthogroup_1243	1	12	8	0	0.000000				
orthogroup_1243	2	12	8	0	0.000000				
orthogroup_1243	3	12	8	0	0.000000				
orthogroup_1243	4	12	8	0	0.000000				
orthogroup_1243	5	12	8	0	0.000000				
orthogroup_1243	6	12	8	0	0.000000				
orthogroup_1243	7	12	8	2	0.250000	-35.500000	-35.500000	0.707107	0.500000
orthogroup_1243	8	12	8	0	0.000000				
orthogroup_1243	9	12	8	1	0.125000	15.000000	15.000000		
orthogroup_1243	10	12	8	0	0.000000				
orthogroup_1243	11	12	8	0	0.000000				
orthogroup_1243	12	12	8	2	0.250000	47.000000	47.000000	28.284271	800.000000
orthogroup_1267	1	10	9	0	0.000000				
orthogroup_1267	2	10	9	0	0.000000				
orthogroup_1267	3	10	9	0	0.000000				
orthogroup_1267	4	10	9	0	0.000000				
orthogroup_1267	5	10	9	0	0.000000				
orthogroup_1267	6	10	9	0	0.000000				
orthogroup_1267	7	10	9	0	0.000000				
orthogroup_1267	8	10	9	2	0.222222	8.000000	8.000000	7.071068	50.000000
orthogroup_1267	9	10	9	3	0.333333	5.000000	3.666667	2.309401	5.333333
orthogroup_1267	10	10	9	0	0.000000				
orthogroup_1270	1	7	9	1	0.111111	10.000000	10.000000		
orthogroup_1270	2	7	9	0	0.000000				
orthogroup_1270	3	7	9	0	0.000000				
orthogroup_1270	4	7	9	0	0.000000				
orthogroup_1270	5	7	9	0	0.000000				
orthogroup_1270	6	7	9	0	0.000000				
orthogroup_1270	7	7	9	2	0.222222	17.500000	17.500000	0.707107	0.500000
orthogroup_1271	1	14	10	6	0.600000	1.000000	1.666667	1.632993	2.666667
orthogroup_1271	2	14	10	0	0.000000				
orthogroup_1271	3	14	10	0	0.000000				
orthogroup_1271	4	14	10	0	0.000000				
orthogroup_1271	5	14	10	1	0.100000	0.000000	0.000000		
orthogroup_1271	6	14	10	1	0.100000	18.000000	18.000000		
orthogroup_1271	7	14	10	0	0.000000				
orthogroup_1271	8	14	10	0	0.000000				
orthogroup_1271	9	14	10	0	0.000000				
orthogroup_1271	10	14	10	0	0.000000				
orthogroup_1271	11	14	10	0	0.000000				
orthogroup_1271	12	14	10	0	0.000000				
orthogroup_1271	13	14	10	0	0.000000				
orthogroup_1271	14	14	10	4	0.400000	41.750000	41.250000	1.190238	1.416667
orthogroup_1294	1	4	8	0	0.000000				
orthogroup_1294	2	4	8	1	0.125000	67.000000	67.000000		
orthogroup_1294	3	4	8	1	0.125000	-40.000000	-40.000000		
orthogroup_1294	4	4	8	0	0.000000				
orthogroup_1307	1	12	8	0	0.000000				
orthogroup_1307	2	12	8	0	0.000000				
orthogroup_1307	3	12	8	0	0.000000				
orthogroup_1307	4	12	8	0	0.000000				
orthogroup_1307	5	12	8	0	0.000000				
orthogroup_1307	6	12	8	0	0.000000				
orthogroup_1307	7	12	8	1	0.125000	11.000000	11.000000		
orthogroup_1307	8	12	8	1	0.125000	-1.000000	-1.000000		
orthogroup_1307	9	12	8	0	0.000000				
orthogroup_1307	10	12	8	0	0.000000				
orthogroup_1307	11	12	8	1	0.125000	16.000000	16.000000		
orthogroup_1307	12	12	8	0	0.000000				
orthogroup_1309	1	12	8	0	0.000000				
orthogroup_1309	2	12	8	0	0.000000				
orthogroup_1309	3	12	8	0	0.000000				
orthogroup_1309	4	12	8	0	0.000000				
orthogroup_1309	5	12	8	2	0.250000	13.000000	13.000000	0.000000	0.000000
orthogroup_1309	6	12	8	0	0.000000				
orthogroup_1309	7	12	8	2	0.250000	-0.250000	-0.250000	8.131728	66.125000
orthogroup_1309	8	12	8	0	0.000000				
orthogroup_1309	9	12	8	0	0.000000				
orthogroup_1309	10	12	8	0	0.000000				
orthogroup_1309	11	12	8	0	0.000000				
orthogroup_1309	12	12	8	0	0.000000				
orthogroup_1311	1	3	9	0	0.000000				
orthogroup_1311	2	3	9	0	0.000000				
orthogroup_1311	3	3	9	0	0.000000				
orthogroup_1313	1	5	9	1	0.111111	11.000000	11.000000		
orthogroup_1313	2	5	9	0	0.000000				
orthogroup_1313	3	5	9	0	0.000000				
orthogroup_1313	4	5	9	0	0.000000				
orthogroup_1313	5	5	9	0	0.000000				
orthogroup_1328	1	6	10	2	0.200000	-22.500000	-22.500000	0.707107	0.500000
orthogroup_1328	2	6	10	1	0.100000	4.000000	4.000000		
orthogroup_1328	3	6	10	0	0.000000				
orthogroup_1328	4	6	10	0	0.000000				
orthogroup_1328	5	6	10	1	0.100000	14.000000	14.000000		
orthogroup_1328	6	6	10	1	0.100000	9.000000	9.000000		
orthogroup_1335	1	11	9	5	0.555556	-93.000000	-191.400000	155.017096	24030.300000
orthogroup_1335	2	11	9	0	0.000000				
orthogroup_1335	3	11	9	0	0.000000				
orthogroup_1335	4	11	9	0	0.000000				
orthogroup_1335	5	11	9	2	0.222222	-1.000000	-1.000000	0.000000	0.000000
orthogroup_1335	6	11	9	0	0.000000				
orthogroup_1335	7	11	9	0	0.000000				
orthogroup_1335	8	11	9	0	0.000000				
orthogroup_1335	9	11	9	0	0.000000				
orthogroup_1335	10	11	9	0	0.000000				
orthogroup_1335	11	11	9	2	0.222222	100.000000	100.000000	130.107648	16928.000000
orthogroup_136	1	5	9	2	0.222222	-20.750000	-20.750000	22.980970	528.125000
orthogroup_136	2	5	9	0	0.000000				
orthogroup_136	3	5	9	0	0.000000				
orthogroup_136	4	5	9	0	0.000000				
orthogroup_136	5	5	9	0	0.000000				
orthogroup_1362	1	6	9	0	0.000000				
orthogroup_1362	2	6	9	1	0.111111	0.000000	0.000000		
orthogroup_1362	3	6	9	2	0.222222	5.000000	5.000000	1.414214	2.000000
orthogroup_1362	4	6	9	0	0.000000				
orthogroup_1362	5	6	9	1	0.111111	19.000000	19.000000		
orthogroup_1362	6	6	9	0	0.000000				
orthogroup_1363	1	6	9	3	0.333333	2.000000	9.666667	16.862186	284.333333
orthogroup_1363	2	6	9	1	0.111111	11.000000	11.000000		
orthogroup_1363	3	6	9	2	0.222222	12.500000	12.500000	6.363961	40.500000
orthogroup_1363	4	6	9	0	0.000000				
orthogroup_1363	5	6	9	0	0.000000				
orthogroup_1363	6	6	9	2	0.222222	21.000000	21.000000	8.485281	72.000000
orthogroup_1365	1	14	9	6	0.666667	-3.500000	-0.083333	8.481843	71.941667
orthogroup_1365	2	14	9	1	0.111111	9.000000	9.000000		
orthogroup_1365	3	14	9	0	0.000000				
orthogroup_1365	4	14	9	0	0.000000				
orthogroup_1365	5	14	9	0	0.000000				
orthogroup_1365	6	14	9	0	0.000000				
orthogroup_1365	7	14	9	0	0.000000				
orthogroup_1365	8	14	9	0	0.000000				
orthogroup_1365	9	14	9	0	0.000000				
orthogroup_1365	10	14	9	0	0.000000				
orthogroup_1365	11	14	9	0	0.000000				
orthogroup_1365	12	14	9	0	0.000000				
orthogroup_1365	13	14	9	0	0.000000				
orthogroup_1365	14	14	9	1	0.111111	21.000000	21.000000		
orthogroup_1379	1	10	10	1	0.100000	24.000000	24.000000		
orthogroup_1379	2	10	10	0	0.000000				
orthogroup_1379	3	10	10	0	0.000000				
orthogroup_1379	4	10	10	0	0.000000				
orthogroup_1379	5	10	10	0	0.000000				
orthogroup_1379	6	10	10	3	0.300000	5.500000	3.166667	4.481443	20.083333
orthogroup_1379	7	10	10	0	0.000000				
orthogroup_1379	8	10	10	3	0.300000	33.500000	24.833333	20.894577	436.583333
orthogroup_1379	9	10	10	0	0.000000				
orthogroup_1379	10	10	10	2	0.200000	34.000000	34.000000	1.414214	2.000000
orthogroup_1380	1	12	8	1	0.125000	-2.000000	-2.000000		
orthogroup_1380	2	12	8	0	0.000000				
orthogroup_1380	3	12	8	0	0.000000				
orthogroup_1380	4	12	8	0	0.000000				
orthogroup_1380	5	12	8	0	0.000000				
orthogroup_1380	6	12	8	0	0.000000				
orthogroup_1380	7	12	8	0	0.000000				
orthogroup_1380	8	12	8	0	0.000000				
orthogroup_1380	9	12	8	0	0.000000				
orthogroup_1380	10	12	8	0	0.000000				
orthogroup_1380	11	12	8	0	0.000000				
orthogroup_1380	12	12	8	0	0.000000				
orthogroup_1384	1	6	10	2	0.200000	5.000000	5.000000	12.727922	162.000000
orthogroup_1384	2	6	10	0	0.000000				
orthogroup_1384	3	6	10	0	0.000000				
orthogroup_1384	4	6	10	0	0.000000				
orthogroup_1384	5	6	10	0	0.000000				
orthogroup_1384	6	6	10	1	0.100000	28.000000	28.000000		
orthogroup_139	1	8	9	3	0.333333	-264.000000	-237.500000	55.242647	3051.750000
orthogroup_139	2	8	9	0	0.000000				
orthogroup_139	3	8	9	0	0.000000				
orthogroup_139	4	8	9	0	0.000000				
orthogroup_139	5	8	9	0	0.000000				
orthogroup_139	6	8	9	0	0.000000				
orthogroup_139	7	8	9	0	0.000000				
orthogroup_139	8	8	9	0	0.000000				
orthogroup_14	1	4	8	2	0.250000	-8.500000	-8.500000	4.949747	24.500000
orthogroup_14	2	4	8	0	0.000000				
orthogroup_14	3	4	8	3	0.375000	4.000000	5.333333	2.309401	5.333333
orthogroup_14	4	4	8	0	0.000000				
orthogroup_140	1	6	10	0	0.000000				
orthogroup_140	2	6	10	0	0.000000				
orthogroup_140	3	6	10	0	0.000000				
orthogroup_140	4	6	10	0	0.000000				
orthogroup_140	5	6	10	0	0.000000				
orthogroup_140	6	6	10	1	0.100000	21.000000	21.000000		
orthogroup_1400	1	7	8	0	0.000000				
orthogroup_1400	2	7	8	0	0.000000				
orthogroup_1400	3	7	8	2	0.250000	3.000000	3.000000	0.000000	0.000000
orthogroup_1400	4	7	8	1	0.125000	12.000000	12.000000		
orthogroup_1400	5	7	8	0	0.000000				
orthogroup_1400	6	7	8	0	0.000000				
orthogroup_1400	7	7	8	1	0.125000	39.000000	39.000000		
orthogroup_1406	1	6	9	4	0.444444	-11.000000	-3.250000	16.173538	261.583333
orthogroup_1406	2	6	9	0	0.000000				
orthogroup_1406	3	6	9	3	0.333333	-32.500000	-16.000000	28.578838	816.750000
orthogroup_1406	4	6	9	0	0.000000				
orthogroup_1406	5	6	9	0	0.000000				
orthogroup_1406	6	6	9	4	0.444444	98.000000	101.250000	41.604287	1730.916667
orthogroup_1408	1	8	9	1	0.111111	8.000000	8.000000		
orthogroup_1408	2	8	9	2	0.222222	20.750000	20.750000	0.353553	0.125000
orthogroup_1408	3	8	9	0	0.000000				
orthogroup_1408	4	8	9	2	0.222222	20.000000	20.000000	15.556349	242.000000
orthogroup_1408	5	8	9	1	0.111111	26.000000	26.000000		
orthogroup_1408	6	8	9	0	0.000000				
orthogroup_1408	7	8	9	0	0.000000				
orthogroup_1408	8	8	9	1	0.111111	38.000000	38.000000		
orthogroup_141	1	6	10	1	0.100000	-64.500000	-64.500000		
orthogroup_141	2	6	10	0	0.000000				
orthogroup_141	3	6	10	2	0.200000	5.500000	5.500000	0.707107	0.500000
orthogroup_141	4	6	10	0	0.000000				
orthogroup_141	5	6	10	0	0.000000				
orthogroup_141	6	6	10	2	0.200000	6.000000	6.000000	1.414214	2.000000
orthogroup_1410	1	4	9	2	0.222222	-11.000000	-11.000000	0.000000	0.000000
orthogroup_1410	2	4	9	0	0.000000				
orthogroup_1410	3	4	9	0	0.000000				
orthogroup_1410	4	4	9	2	0.222222	19.500000	19.500000	14.849242	220.500000
orthogroup_1412	1	6	9	1	0.111111	35.500000	35.500000		
orthogroup_1412	2	6	9	1	0.111111	-16.000000	-16.000000		
orthogroup_1412	3	6	9	0	0.000000				
orthogroup_1412	4	6	9	0	0.000000				
orthogroup_1412	5	6	9	1	0.111111	26.000000	26.000000		
orthogroup_1412	6	6	9	0	0.000000				
orthogroup_1435	1	6	8	4	0.500000	12.000000	11.750000	0.500000	0.250000
orthogroup_1435	2	6	8	0	0.000000				
orthogroup_1435	3	6	8	0	0.000000				
orthogroup_1435	4	6	8	0	0.000000				
orthogroup_1435	5	6	8	0	0.000000				
orthogroup_1435	6	6	8	2	0.250000	31.000000	31.000000	8.485281	72.000000
orthogroup_1439	1	14	9	0	0.000000				
orthogroup_1439	2	14	9	0	0.000000				
orthogroup_1439	3	14	9	0	0.000000				
orthogroup_1439	4	14	9	0	0.000000				
orthogroup_1439	5	14	9	0	0.000000				
orthogroup_1439	6	14	9	0	0.000000				
orthogroup_1439	7	14	9	0	0.000000				
orthogroup_1439	8	14	9	0	0.000000				
orthogroup_1439	9	14	9	0	0.000000				
orthogroup_1439	10	14	9	0	0.000000				
orthogroup_1439	11	14	9	0	0.000000				
orthogroup_1439	12	14	9	0	0.000000				
orthogroup_1439	13	14	9	0	0.000000				
orthogroup_1439	14	14	9	0	0.000000				
orthogroup_1443	1	6	8	1	0.125000	29.000000	29.000000		
orthogroup_1443	2	6	8	1	0.125000	-4.000000	-4.000000		
orthogroup_1443	3	6	8	0	0.000000				
orthogroup_1443	4	6	8	0	0.000000				
orthogroup_1443	5	6	8	0	0.000000				
orthogroup_1443	6	6	8	1	0.125000	24.000000	24.000000		
orthogroup_1444	1	4	9	2	0.222222	3.000000	3.000000	1.414214	2.000000
orthogroup_1444	2	4	9	0	0.000000				
orthogroup_1444	3	4	9	0	0.000000				
orthogroup_1444	4	4	9	0	0.000000				
orthogroup_1445	1	6	9	0	0.000000				
orthogroup_1445	2	6	9	0	0.000000				
orthogroup_1445	3	6	9	0	0.000000				
orthogroup_1445	4	6	9	0	0.000000				
orthogroup_1445	5	6	9	3	0.333333	7.000000	7.333333	1.527525	2.333333
orthogroup_1445	6	6	9	0	0.000000				
orthogroup_145	1	6	8	0	0.000000				
orthogroup_145	2	6	8	2	0.250000	12.000000	12.000000	0.000000	0.000000
orthogroup_145	3	6	8	2	0.250000	16.500000	16.500000	12.020815	144.500000
orthogroup_145	4	6	8	0	0.000000				
orthogroup_145	5	6	8	0	0.000000				
orthogroup_145	6	6	8	0	0.000000				
orthogroup_1453	1	11	8	4	0.500000	-230.000000	-228.750000	203.183620	41283.583333
orthogroup_1453	2	11	8	1	0.125000	-12.000000	-12.000000		
orthogroup_1453	3	11	8	0	0.000000				
orthogroup_1453	4	11	8	0	0.000000				
orthogroup_1453	5	11	8	2	0.250000	4.500000	4.500000	13.435029	180.500000
orthogroup_1453	6	11	8	0	0.000000				
orthogroup_1453	7	11	8	0	0.000000				
orthogroup_1453	8	11	8	0	0.000000				
orthogroup_1453	9	11	8	1	0.125000	0.000000	0.000000		
orthogroup_1453	10	11	8	0	0.000000				
orthogroup_1453	11	11	8	0	0.000000				
orthogroup_1457	1	10	10	1	0.100000	-52.000000	-52.000000		
orthogroup_1457	2	10	10	0	0.000000				
orthogroup_1457	3	10	10	0	0.000000				
orthogroup_1457	4	10	10	0	0.000000				
orthogroup_1457	5	10	10	0	0.000000				
orthogroup_1457	6	10	10	0	0.000000				
orthogroup_1457	7	10	10	0	0.000000				
orthogroup_1457	8	10	10	1	0.100000	26.000000	26.000000		
orthogroup_1457	9	10	10	0	0.000000				
orthogroup_1457	10	10	10	2	0.200000	61.000000	61.000000	64.346717	4140.500000
orthogroup_1462	1	10	9	7	0.777778	7.000000	5.571429	5.159365	26.619048
orthogroup_1462	2	10	9	1	0.111111	12.000000	12.000000		
orthogroup_1462	3	10	9	2	0.222222	5.500000	5.500000	4.949747	24.500000
orthogroup_1462	4	10	9	2	0.222222	1.000000	1.000000	0.000000	0.000000
orthogroup_1462	5	10	9	0	0.000000				
orthogroup_1462	6	10	9	2	0.222222	-4.500000	-4.500000	0.707107	0.500000
orthogroup_1462	7	10	9	0	0.000000				
orthogroup_1462	8	10	9	0	0.000000				
orthogroup_1462	9	10	9	1	0.111111	17.500000	17.500000		
orthogroup_1462	10	10	9	2	0.222222	13.500000	13.500000	12.020815	144.500000
orthogroup_147	1	8	8	1	0.125000	0.000000	0.000000		
orthogroup_147	2	8	8	0	0.000000				
orthogroup_147	3	8	8	0	0.000000				
orthogroup_147	4	8	8	1	0.125000	-92.000000	-92.000000		
orthogroup_147	5	8	8	0	0.000000				
orthogroup_147	6	8	8	0	0.000000				
orthogroup_147	7	8	8	1	0.125000	23.000000	23.000000		
orthogroup_147	8	8	8	0	0.000000				
orthogroup_1477	1	3	8	0	0.000000				
orthogroup_1477	2	3	8	0	0.000000				
orthogroup_1477	3	3	8	0	0.000000				
orthogroup_1481	1	3	9	2	0.222222	0.000000	0.000000	0.000000	0.000000
orthogroup_1481	2	3	9	0	0.000000				
orthogroup_1481	3	3	9	1	0.111111	34.000000	34.000000		
orthogroup_1515	1	4	8	2	0.250000	-18.000000	-18.000000	1.414214	2.000000
orthogroup_1515	2	4	8	0	0.000000				
orthogroup_1515	3	4	8	0	0.000000				
orthogroup_1515	4	4	8	0	0.000000				
orthogroup_1519	1	10	10	1	0.100000	2.500000	2.500000		
orthogroup_1519	2	10	10	0	0.000000				
orthogroup_1519	3	10	10	0	0.000000				
orthogroup_1519	4	10	10	0	0.000000				
orthogroup_1519	5	10	10	0	0.000000				
orthogroup_1519	6	10	10	0	0.000000				
orthogroup_1519	7	10	10	0	0.000000				
orthogroup_1519	8	10	10	0	0.000000				
orthogroup_1519	9	10	10	1	0.100000	-3.000000	-3.000000		
orthogroup_1519	10	10	10	0	0.000000				
orthogroup_1524	1	3	9	1	0.111111	-3.000000	-3.000000		
orthogroup_1524	2	3	9	1	0.111111	9.500000	9.500000		
orthogroup_1524	3	3	9	1	0.111111	14.500000	14.500000		
orthogroup_1538	1	4	9	4	0.444444	12.000000	8.625000	13.186957	173.895833
orthogroup_1538	2	4	9	0	0.000000				
orthogroup_1538	3	4	9	0	0.000000				
orthogroup_1538	4	4	9	0	0.000000				
orthogroup_1554	1	6	8	3	0.375000	12.000000	11.333333	1.154701	1.333333
orthogroup_1554	2	6	8	2	0.250000	25.000000	25.000000	0.000000	0.000000
orthogroup_1554	3	6	8	4	0.500000	1.000000	-0.500000	3.785939	14.333333
orthogroup_1554	4	6	8	0	0.000000				
orthogroup_1554	5	6	8	1	0.125000	0.000000	0.000000		
orthogroup_1554	6	6	8	2	0.250000	14.250000	14.250000	4.596194	21.125000
orthogroup_1557	1	12	8	2	0.250000	-11.750000	-11.750000	5.303301	28.125000
orthogroup_1557	2	12	8	0	0.000000				
orthogroup_1557	3	12	8	0	0.000000				
orthogroup_1557	4	12	8	3	0.375000	5.500000	5.333333	0.288675	0.083333
orthogroup_1557	5	12	8	2	0.250000	12.500000	12.500000	3.535534	12.500000
orthogroup_1557	6	12	8	0	0.000000				
orthogroup_1557	7	12	8	0	0.000000				
orthogroup_1557	8	12	8	0	0.000000				
orthogroup_1557	9	12	8	1	0.125000	-1.000000	-1.000000		
orthogroup_1557	10	12	8	1	0.125000	21.000000	21.000000		
orthogroup_1557	11	12	8	1	0.125000	2.000000	2.000000		
orthogroup_1557	12	12	8	0	0.000000				
orthogroup_156	1	9	8	6	0.750000	6.750000	5.583333	2.107526	4.441667
orthogroup_156	2	9	8	0	0.000000				
orthogroup_156	3	9	8	1	0.125000	9.000000	9.000000		
orthogroup_156	4	9	8	0	0.000000				
orthogroup_156	5	9	8	0	0.000000				
orthogroup_156	6	9	8	0	0.000000				
orthogroup_156	7	9	8	0	0.000000				
orthogroup_156	8	9	8	0	0.000000				
orthogroup_156	9	9	8	2	0.250000	25.000000	25.000000	4.242641	18.000000
orthogroup_1575	1	5	9	0	0.000000				
orthogroup_1575	2	5	9	2	0.222222	20.000000	20.000000	0.000000	0.000000
orthogroup_1575	3	5	9	0	0.000000				
orthogroup_1575	4	5	9	0	0.000000				
orthogroup_1575	5	5	9	0	0.000000				
orthogroup_1577	1	5	9	0	0.000000				
orthogroup_1577	2	5	9	0	0.000000				
orthogroup_1577	3	5	9	1	0.111111	-9.000000	-9.000000		
orthogroup_1577	4	5	9	1	0.111111	-11.000000	-11.000000		
orthogroup_1577	5	5	9	0	0.000000				
orthogroup_158	1	12	9	0	0.000000				
orthogroup_158	2	12	9	0	0.000000				
orthogroup_158	3	12	9	0	0.000000				
orthogroup_158	4	12	9	0	0.000000				
orthogroup_158	5	12	9	0	0.000000				
orthogroup_158	6	12	9	0	0.000000				
orthogroup_158	7	12	9	1	0.111111	28.000000	28.000000		
orthogroup_158	8	12	9	0	0.000000				
orthogroup_158	9	12	9	0	0.000000				
orthogroup_158	10	12	9	0	0.000000				
orthogroup_158	11	12	9	0	0.000000				
orthogroup_158	12	12	9	0	0.000000				
orthogroup_159	1	14	8	2	0.250000	11.000000	11.000000	0.000000	0.000000
orthogroup_159	2	14	8	0	0.000000				
orthogroup_159	3	14	8	1	0.125000	8.000000	8.000000		
orthogroup_159	4	14	8	2	0.250000	28.000000	28.000000	0.000000	0.000000
orthogroup_159	5	14	8	0	0.000000				
orthogroup_159	6	14	8	0	0.000000				
orthogroup_159	7	14	8	3	0.375000	4.000000	3.666667	0.577350	0.333333
orthogroup_159	8	14	8	0	0.000000				
orthogroup_159	9	14	8	0	0.000000				
orthogroup_159	10	14	8	0	0.000000				
orthogroup_159	11	14	8	0	0.000000				
orthogroup_159	12	14	8	1	0.125000	14.000000	14.000000		
orthogroup_159	13	14	8	0	0.000000				
orthogroup_159	14	14	8	2	0.250000	11.000000	11.000000	15.556349	242.000000
orthogroup_1592	1	4	7	4	0.571429	-19.000000	-19.000000	0.000000	0.000000
orthogroup_1592	2	4	7	0	0.000000				
orthogroup_1592	3	4	7	1	0.142857	1.000000	1.000000		
orthogroup_1592	4	4	7	2	0.285714	85.500000	85.500000	30.405592	924.500000
orthogroup_1596	1	6	9	0	0.000000				
orthogroup_1596	2	6	9	2	0.222222	1.000000	1.000000	0.000000	0.000000
orthogroup_1596	3	6	9	0	0.000000				
orthogroup_1596	4	6	9	0	0.000000				
orthogroup_1596	5	6	9	0	0.000000				
orthogroup_1596	6	6	9	0	0.000000				
orthogroup_1619	1	6	9	0	0.000000				
orthogroup_1619	2	6	9	2	0.222222	1.000000	1.000000	0.000000	0.000000
orthogroup_1619	3	6	9	1	0.111111	16.000000	16.000000		
orthogroup_1619	4	6	9	0	0.000000				
orthogroup_1619	5	6	9	1	0.111111	4.000000	4.000000		
orthogroup_1619	6	6	9	1	0.111111	3.500000	3.500000		
orthogroup_1627	1	12	9	1	0.111111	17.000000	17.000000		
orthogroup_1627	2	12	9	0	0.000000				
orthogroup_1627	3	12	9	0	0.000000				
orthogroup_1627	4	12	9	2	0.222222	19.000000	19.000000	0.000000	0.000000
orthogroup_1627	5	12	9	2	0.222222	-3.000000	-3.000000	0.000000	0.000000
orthogroup_1627	6	12	9	0	0.000000				
orthogroup_1627	7	12	9	2	0.222222	11.500000	11.500000	2.121320	4.500000
orthogroup_1627	8	12	9	0	0.000000				
orthogroup_1627	9	12	9	0	0.000000				
orthogroup_1627	10	12	9	0	0.000000				
orthogroup_1627	11	12	9	0	0.000000				
orthogroup_1627	12	12	9	1	0.111111	7.000000	7.000000		
orthogroup_1636	1	6	10	1	0.100000	-22.000000	-22.000000		
orthogroup_1636	2	6	10	1	0.100000	39.000000	39.000000		
orthogroup_1636	3	6	10	1	0.100000	11.000000	11.000000		
orthogroup_1636	4	6	10	0	0.000000				
orthogroup_1636	5	6	10	0	0.000000				
orthogroup_1636	6	6	10	6	0.600000	131.500000	126.583333	86.022332	7399.841667
orthogroup_1640	1	13	7	1	0.142857	-2.000000	-2.000000		
orthogroup_1640	2	13	7	1	0.142857	19.000000	19.000000		
orthogroup_1640	3	13	7	0	0.000000				
orthogroup_1640	4	13	7	0	0.000000				
orthogroup_1640	5	13	7	0	0.000000				
orthogroup_1640	6	13	7	0	0.000000				
orthogroup_1640	7	13	7	0	0.000000				
orthogroup_1640	8	13	7	0	0.000000				
orthogroup_1640	9	13	7	0	0.000000				
orthogroup_1640	10	13	7	0	0.000000				
orthogroup_1640	11	13	7	1	0.142857	23.500000	23.500000		
orthogroup_1640	12	13	7	0	0.000000				
orthogroup_1640	13	13	7	2	0.285714	110.000000	110.000000	21.213203	450.000000
orthogroup_1642	1	6	8	2	0.250000	2.000000	2.000000	0.000000	0.000000
orthogroup_1642	2	6	8	0	0.000000				
orthogroup_1642	3	6	8	0	0.000000				
orthogroup_1642	4	6	8	2	0.250000	6.000000	6.000000	0.000000	0.000000
orthogroup_1642	5	6	8	0	0.000000				
orthogroup_1642	6	6	8	0	0.000000				
orthogroup_1644	1	10	9	0	0.000000				
orthogroup_1644	2	10	9	1	0.111111	12.500000	12.500000		
orthogroup_1644	3	10	9	0	0.000000				
orthogroup_1644	4	10	9	0	0.000000				
orthogroup_1644	5	10	9	4	0.444444	6.000000	5.875000	0.629153	0.395833
orthogroup_1644	6	10	9	0	0.000000				
orthogroup_1644	7	10	9	1	0.111111	6.500000	6.500000		
orthogroup_1644	8	10	9	0	0.000000				
orthogroup_1644	9	10	9	1	0.111111	18.500000	18.500000		
orthogroup_1644	10	10	9	0	0.000000				
orthogroup_1645	1	4	8	1	0.125000	-0.500000	-0.500000		
orthogroup_1645	2	4	8	1	0.125000	11.000000	11.000000		
orthogroup_1645	3	4	8	1	0.125000	13.000000	13.000000		
orthogroup_1645	4	4	8	0	0.000000				
orthogroup_1651	1	16	10	1	0.100000	7.500000	7.500000		
orthogroup_1651	2	16	10	0	0.000000				
orthogroup_1651	3	16	10	0	0.000000				
orthogroup_1651	4	16	10	0	0.000000				
orthogroup_1651	5	16	10	1	0.100000	1.000000	1.000000		
orthogroup_1651	6	16	10	0	0.000000				
orthogroup_1651	7	16	10	0	0.000000				
orthogroup_1651	8	16	10	0	0.000000				
orthogroup_1651	9	16	10	0	0.000000				
orthogroup_1651	10	16	10	0	0.000000				
orthogroup_1651	11	16	10	0	0.000000				
orthogroup_1651	12	16	10	0	0.000000				
orthogroup_1651	13	16	10	1	0.100000	8.000000	8.000000		
orthogroup_1651	14	16	10	0	0.000000				
orthogroup_1651	15	16	10	0	0.000000				
orthogroup_1651	16	16	10	1	0.100000	-43.000000	-43.000000		
orthogroup_1663	1	13	9	0	0.000000				
orthogroup_1663	2	13	9	0	0.000000				
orthogroup_1663	3	13	9	1	0.111111	14.000000	14.000000		
orthogroup_1663	4	13	9	0	0.000000				
orthogroup_1663	5	13	9	1	0.111111	3.000000	3.000000		
orthogroup_1663	6	13	9	0	0.000000				
orthogroup_1663	7	13	9	0	0.000000				
orthogroup_1663	8	13	9	0	0.000000				
orthogroup_1663	9	13	9	0	0.000000				
orthogroup_1663	10	13	9	1	0.111111	-0.500000	-0.500000		
orthogroup_1663	11	13	9	0	0.000000				
orthogroup_1663	12	13	9	0	0.000000				
orthogroup_1663	13	13	9	6	0.666667	10.000000	15.166667	10.628578	112.966667
orthogroup_1685	1	9	10	0	0.000000				
orthogroup_1685	2	9	10	1	0.100000	5.500000	5.500000		
orthogroup_1685	3	9	10	0	0.000000				
orthogroup_1685	4	9	10	0	0.000000				
orthogroup_1685	5	9	10	0	0.000000				
orthogroup_1685	6	9	10	0	0.000000				
orthogroup_1685	7	9	10	0	0.000000				
orthogroup_1685	8	9	10	0	0.000000				
orthogroup_1685	9	9	10	0	0.000000				
orthogroup_1687	1	10	8	1	0.125000	7.500000	7.500000		
orthogroup_1687	2	10	8	0	0.000000				
orthogroup_1687	3	10	8	1	0.125000	10.000000	10.000000		
orthogroup_1687	4	10	8	0	0.000000				
orthogroup_1687	5	10	8	0	0.000000				
orthogroup_1687	6	10	8	0	0.000000				
orthogroup_1687	7	10	8	0	0.000000				
orthogroup_1687	8	10	8	0	0.000000				
orthogroup_1687	9	10	8	0	0.000000				
orthogroup_1687	10	10	8	0	0.000000				
orthogroup_1689	1	8	9	0	0.000000				
orthogroup_1689	2	8	9	0	0.000000				
orthogroup_1689	3	8	9	0	0.000000				
orthogroup_1689	4	8	9	0	0.000000				
orthogroup_1689	5	8	9	0	0.000000				
orthogroup_1689	6	8	9	0	0.000000				
orthogroup_1689	7	8	9	1	0.111111	-2.000000	-2.000000		
orthogroup_1689	8	8	9	2	0.222222	10.000000	10.000000	0.000000	0.000000
orthogroup_1696	1	10	9	0	0.000000				
orthogroup_1696	2	10	9	0	0.000000				
orthogroup_1696	3	10	9	0	0.000000				
orthogroup_1696	4	10	9	0	0.000000				
orthogroup_1696	5	10	9	1	0.111111	13.000000	13.000000		
orthogroup_1696	6	10	9	0	0.000000				
orthogroup_1696	7	10	9	0	0.000000				
orthogroup_1696	8	10	9	1	0.111111	1.500000	1.500000		
orthogroup_1696	9	10	9	1	0.111111	10.000000	10.000000		
orthogroup_1696	10	10	9	0	0.000000				
orthogroup_1701	1	4	8	1	0.125000	3.000000	3.000000		
orthogroup_1701	2	4	8	0	0.000000				
orthogroup_1701	3	4	8	1	0.125000	14.000000	14.000000		
orthogroup_1701	4	4	8	0	0.000000				
orthogroup_1723	1	5	10	0	0.000000				
orthogroup_1723	2	5	10	0	0.000000				
orthogroup_1723	3	5	10	0	0.000000				
orthogroup_1723	4	5	10	0	0.000000				
orthogroup_1723	5	5	10	1	0.100000	13.000000	13.000000		
orthogroup_1733	1	12	9	3	0.333333	60.000000	60.000000	44.000000	1936.000000
orthogroup_1733	2	12	9	1	0.111111	-102.000000	-102.000000		
orthogroup_1733	3	12	9	0	0.000000				
orthogroup_1733	4	12	9	0	0.000000				
orthogroup_1733	5	12	9	2	0.222222	20.500000	20.500000	4.949747	24.500000
orthogroup_1733	6	12	9	1	0.111111	-6.000000	-6.000000		
orthogroup_1733	7	12	9	0	0.000000				
orthogroup_1733	8	12	9	0	0.000000				
orthogroup_1733	9	12	9	0	0.000000				
orthogroup_1733	10	12	9	0	0.000000				
orthogroup_1733	11	12	9	0	0.000000				
orthogroup_1733	12	12	9	0	0.000000				
orthogroup_174	1	6	8	0	0.000000				
orthogroup_174	2	6	8	0	0.000000				
orthogroup_174	3	6	8	0	0.000000				
orthogroup_174	4	6	8	0	0.000000				
orthogroup_174	5	6	8	2	0.250000	6.500000	6.500000	3.535534	12.500000
orthogroup_174	6	6	8	0	0.000000				
orthogroup_1742	1	4	9	0	0.000000				
orthogroup_1742	2	4	9	4	0.444444	63.000000	70.500000	40.812580	1665.666667
orthogroup_1742	3	4	9	3	0.333333	-95.000000	-95.333333	30.501366	930.333333
orthogroup_1742	4	4	9	2	0.222222	2.000000	2.000000	19.798990	392.000000
orthogroup_1769	1	12	9	0	0.000000				
orthogroup_1769	2	12	9	0	0.000000				
orthogroup_1769	3	12	9	1	0.111111	2.000000	2.000000		
orthogroup_1769	4	12	9	0	0.000000				
orthogroup_1769	5	12	9	0	0.000000				
orthogroup_1769	6	12	9	0	0.000000				
orthogroup_1769	7	12	9	0	0.000000				
orthogroup_1769	8	12	9	1	0.111111	17.000000	17.000000		
orthogroup_1769	9	12	9	1	0.111111	2.000000	2.000000		
orthogroup_1769	10	12	9	0	0.000000				
orthogroup_1769	11	12	9	0	0.000000				
orthogroup_1769	12	12	9	0	0.000000				
orthogroup_1773	1	6	8	1	0.125000	-1.000000	-1.000000		
orthogroup_1773	2	6	8	0	0.000000				
orthogroup_1773	3	6	8	0	0.000000				
orthogroup_1773	4	6	8	0	0.000000				
orthogroup_1773	5	6	8	0	0.000000				
orthogroup_1773	6	6	8	0	0.000000				
orthogroup_1779	1	7	8	0	0.000000				
orthogroup_1779	2	7	8	0	0.000000				
orthogroup_1779	3	7	8	0	0.000000				
orthogroup_1779	4	7	8	1	0.125000	16.000000	16.000000		
orthogroup_1779	5	7	8	2	0.250000	-74.000000	-74.000000	53.740115	2888.000000
orthogroup_1779	6	7	8	0	0.000000				
orthogroup_1779	7	7	8	1	0.125000	24.000000	24.000000		
orthogroup_178	1	12	10	0	0.000000				
orthogroup_178	2	12	10	0	0.000000				
orthogroup_178	3	12	10	0	0.000000				
orthogroup_178	4	12	10	0	0.000000				
orthogroup_178	5	12	10	0	0.000000				
orthogroup_178	6	12	10	1	0.100000	11.000000	11.000000		
orthogroup_178	7	12	10	1	0.100000	9.000000	9.000000		
orthogroup_178	8	12	10	0	0.000000				
orthogroup_178	9	12	10	1	0.100000	6.000000	6.000000		
orthogroup_178	10	12	10	0	0.000000				
orthogroup_178	11	12	10	0	0.000000				
orthogroup_178	12	12	10	1	0.100000	24.000000	24.000000		
orthogroup_1783	1	6	8	2	0.250000	5.000000	5.000000	1.414214	2.000000
orthogroup_1783	2	6	8	0	0.000000				
orthogroup_1783	3	6	8	0	0.000000				
orthogroup_1783	4	6	8	0	0.000000				
orthogroup_1783	5	6	8	0	0.000000				
orthogroup_1783	6	6	8	0	0.000000				
orthogroup_1784	1	12	8	3	0.375000	48.000000	37.333333	51.829850	2686.333333
orthogroup_1784	2	12	8	0	0.000000				
orthogroup_1784	3	12	8	0	0.000000				
orthogroup_1784	4	12	8	0	0.000000				
orthogroup_1784	5	12	8	0	0.000000				
orthogroup_1784	6	12	8	0	0.000000				
orthogroup_1784	7	12	8	1	0.125000	1.000000	1.000000		
orthogroup_1784	8	12	8	0	0.000000				
orthogroup_1784	9	12	8	0	0.000000				
orthogroup_1784	10	12	8	0	0.000000				
orthogroup_1784	11	12	8	1	0.125000	12.000000	12.000000		
orthogroup_1784	12	12	8	0	0.000000				
orthogroup_1788	1	9	8	0	0.000000				
orthogroup_1788	2	9	8	1	0.125000	18.000000	18.000000		
orthogroup_1788	3	9	8	0	0.000000				
orthogroup_1788	4	9	8	0	0.000000				
orthogroup_1788	5	9	8	0	0.000000				
orthogroup_1788	6	9	8	1	0.125000	1.000000	1.000000		
orthogroup_1788	7	9	8	0	0.000000				
orthogroup_1788	8	9	8	0	0.000000				
orthogroup_1788	9	9	8	0	0.000000				
orthogroup_1798	1	4	8	0	0.000000				
orthogroup_1798	2	4	8	0	0.000000				
orthogroup_1798	3	4	8	0	0.000000				
orthogroup_1798	4	4	8	1	0.125000	0.000000	0.000000		
orthogroup_1799	1	12	9	1	0.111111	-5.000000	-5.000000		
orthogroup_1799	2	12	9	0	0.000000				
orthogroup_1799	3	12	9	2	0.222222	2.000000	2.000000	4.242641	18.000000
orthogroup_1799	4	12	9	0	0.000000				
orthogroup_1799	5	12	9	0	0.000000				
orthogroup_1799	6	12	9	1	0.111111	11.500000	11.500000		
orthogroup_1799	7	12	9	1	0.111111	2.000000	2.000000		
orthogroup_1799	8	12	9	0	0.000000				
orthogroup_1799	9	12	9	1	0.111111	20.000000	20.000000		
orthogroup_1799	10	12	9	1	0.111111	0.500000	0.500000		
orthogroup_1799	11	12	9	0	0.000000				
orthogroup_1799	12	12	9	1	0.111111	27.000000	27.000000		
orthogroup_1804	1	8	8	0	0.000000				
orthogroup_1804	2	8	8	1	0.125000	21.000000	21.000000		
orthogroup_1804	3	8	8	0	0.000000				
orthogroup_1804	4	8	8	1	0.125000	0.000000	0.000000		
orthogroup_1804	5	8	8	1	0.125000	-4.000000	-4.000000		
orthogroup_1804	6	8	8	2	0.250000	17.000000	17.000000	11.313708	128.000000
orthogroup_1804	7	8	8	4	0.500000	1.750000	2.125000	0.946485	0.895833
orthogroup_1804	8	8	8	0	0.000000				
orthogroup_1808	1	4	8	3	0.375000	-100.000000	-152.666667	181.814008	33056.333333
orthogroup_1808	2	4	8	0	0.000000				
orthogroup_1808	3	4	8	0	0.000000				
orthogroup_1808	4	4	8	2	0.250000	209.000000	209.000000	188.090404	35378.000000
orthogroup_1811	1	13	8	2	0.250000	5.750000	5.750000	5.303301	28.125000
orthogroup_1811	2	13	8	1	0.125000	15.000000	15.000000		
orthogroup_1811	3	13	8	5	0.625000	14.000000	32.400000	34.364589	1180.925000
orthogroup_1811	4	13	8	3	0.375000	14.000000	14.666667	2.081666	4.333333
orthogroup_1811	5	13	8	0	0.000000				
orthogroup_1811	6	13	8	1	0.125000	9.000000	9.000000		
orthogroup_1811	7	13	8	0	0.000000				
orthogroup_1811	8	13	8	1	0.125000	19.000000	19.000000		
orthogroup_1811	9	13	8	1	0.125000	17.000000	17.000000		
orthogroup_1811	10	13	8	0	0.000000				
orthogroup_1811	11	13	8	1	0.125000	20.000000	20.000000		
orthogroup_1811	12	13	8	2	0.250000	6.500000	6.500000	0.707107	0.500000
orthogroup_1811	13	13	8	5	0.625000	21.000000	65.400000	100.365831	10073.300000
orthogroup_1819	1	13	8	2	0.250000	14.000000	14.000000	0.000000	0.000000
orthogroup_1819	2	13	8	1	0.125000	-16.000000	-16.000000		
orthogroup_1819	3	13	8	0	0.000000				
orthogroup_1819	4	13	8	1	0.125000	15.000000	15.000000		
orthogroup_1819	5	13	8	0	0.000000				
orthogroup_1819	6	13	8	0	0.000000				
orthogroup_1819	7	13	8	0	0.000000				
orthogroup_1819	8	13	8	0	0.000000				
orthogroup_1819	9	13	8	0	0.000000				
orthogroup_1819	10	13	8	0	0.000000				
orthogroup_1819	11	13	8	0	0.000000				
orthogroup_1819	12	13	8	0	0.000000				
orthogroup_1819	13	13	8	0	0.000000				
orthogroup_1826	1	12	8	0	0.000000				
orthogroup_1826	2	12	8	0	0.000000				
orthogroup_1826	3	12	8	0	0.000000				
orthogroup_1826	4	12	8	0	0.000000				
orthogroup_1826	5	12	8	0	0.000000				
orthogroup_1826	6	12	8	0	0.000000				
orthogroup_1826	7	12	8	0	0.000000				
orthogroup_1826	8	12	8	0	0.000000				
orthogroup_1826	9	12	8	1	0.125000	8.000000	8.000000		
orthogroup_1826	10	12	8	1	0.125000	20.000000	20.000000		
orthogroup_1826	11	12	8	0	0.000000				
orthogroup_1826	12	12	8	0	0.000000				
orthogroup_1830	1	15	8	0	0.000000				
orthogroup_1830	2	15	8	0	0.000000				
orthogroup_1830	3	15	8	0	0.000000				
orthogroup_1830	4	15	8	0	0.000000				
orthogroup_1830	5	15	8	0	0.000000				
orthogroup_1830	6	15	8	1	0.125000	21.000000	21.000000		
orthogroup_1830	7	15	8	0	0.000000				
orthogroup_1830	8	15	8	0	0.000000				
orthogroup_1830	9	15	8	0	0.000000				
orthogroup_1830	10	15	8	0	0.000000				
orthogroup_1830	11	15	8	0	0.000000				
orthogroup_1830	12	15	8	0	0.000000				
orthogroup_1830	13	15	8	1	0.125000	51.000000	51.000000		
orthogroup_1830	14	15	8	0	0.000000				
orthogroup_1830	15	15	8	0	0.000000				
orthogroup_1831	1	10	8	0	0.000000				
orthogroup_1831	2	10	8	2	0.250000	-9.500000	-9.500000	27.577164	760.500000
orthogroup_1831	3	10	8	1	0.125000	-2.500000	-2.500000		
orthogroup_1831	4	10	8	1	0.125000	24.000000	24.000000		
orthogroup_1831	5	10	8	0	0.000000				
orthogroup_1831	6	10	8	2	0.250000	19.500000	19.500000	6.363961	40.500000
orthogroup_1831	7	10	8	0	0.000000				
orthogroup_1831	8	10	8	2	0.250000	-39.500000	-39.500000	77.074639	5940.500000
orthogroup_1831	9	10	8	1	0.125000	-15.000000	-15.000000		
orthogroup_1831	10	10	8	3	0.375000	11.000000	11.000000	0.000000	0.000000
orthogroup_188	1	7	8	2	0.250000	-12.000000	-12.000000	0.000000	0.000000
orthogroup_188	2	7	8	0	0.000000				
orthogroup_188	3	7	8	0	0.000000				
orthogroup_188	4	7	8	0	0.000000				
orthogroup_188	5	7	8	0	0.000000				
orthogroup_188	6	7	8	0	0.000000				
orthogroup_188	7	7	8	0	0.000000				
orthogroup_195	1	12	8	4	0.500000	-22.000000	-23.500000	3.000000	9.000000
orthogroup_195	2	12	8	0	0.000000				
orthogroup_195	3	12	8	0	0.000000				
orthogroup_195	4	12	8	0	0.000000				
orthogroup_195	5	12	8	0	0.000000				
orthogroup_195	6	12	8	0	0.000000				
orthogroup_195	7	12	8	0	0.000000				
orthogroup_195	8	12	8	0	0.000000				
orthogroup_195	9	12	8	0	0.000000				
orthogroup_195	10	12	8	0	0.000000				
orthogroup_195	11	12	8	0	0.000000				
orthogroup_195	12	12	8	0	0.000000				
orthogroup_2	1	3	9	5	0.555556	-84.000000	-90.900000	43.353777	1879.550000
orthogroup_2	2	3	9	2	0.222222	29.000000	29.000000	15.556349	242.000000
orthogroup_2	3	3	9	2	0.222222	-30.500000	-30.500000	2.121320	4.500000
orthogroup_203	1	13	10	3	0.300000	-24.000000	-24.000000	0.000000	0.000000
orthogroup_203	2	13	10	0	0.000000				
orthogroup_203	3	13	10	0	0.000000				
orthogroup_203	4	13	10	0	0.000000				
orthogroup_203	5	13	10	0	0.000000				
orthogroup_203	6	13	10	0	0.000000				
orthogroup_203	7	13	10	1	0.100000	-6.500000	-6.500000		
orthogroup_203	8	13	10	0	0.000000				
orthogroup_203	9	13	10	0	0.000000				
orthogroup_203	10	13	10	0	0.000000				
orthogroup_203	11	13	10	0	0.000000				
orthogroup_203	12	13	10	0	0.000000				
orthogroup_203	13	13	10	0	0.000000				
orthogroup_204	1	8	8	1	0.125000	-87.000000	-87.000000		
orthogroup_204	2	8	8	1	0.125000	-2.000000	-2.000000		
orthogroup_204	3	8	8	0	0.000000				
orthogroup_204	4	8	8	0	0.000000				
orthogroup_204	5	8	8	0	0.000000				
orthogroup_204	6	8	8	0	0.000000				
orthogroup_204	7	8	8	0	0.000000				
orthogroup_204	8	8	8	3	0.375000	105.000000	98.333333	18.903263	357.333333
orthogroup_210	1	6	9	1	0.111111	1.000000	1.000000		
orthogroup_210	2	6	9	0	0.000000				
orthogroup_210	3	6	9	0	0.000000				
orthogroup_210	4	6	9	0	0.000000				
orthogroup_210	5	6	9	0	0.000000				
orthogroup_210	6	6	9	0	0.000000				
orthogroup_22	1	6	8	4	0.500000	-57.750000	-41.875000	35.342078	1249.062500
orthogroup_22	2	6	8	2	0.250000	14.250000	14.250000	15.909903	253.125000
orthogroup_22	3	6	8	0	0.000000				
orthogroup_22	4	6	8	0	0.000000				
orthogroup_22	5	6	8	0	0.000000				
orthogroup_22	6	6	8	0	0.000000				
orthogroup_23	1	6	8	1	0.125000	-1.000000	-1.000000		
orthogroup_23	2	6	8	3	0.375000	3.000000	3.000000	0.000000	0.000000
orthogroup_23	3	6	8	0	0.000000				
orthogroup_23	4	6	8	0	0.000000				
orthogroup_23	5	6	8	1	0.125000	-19.000000	-19.000000		
orthogroup_23	6	6	8	0	0.000000				
orthogroup_231	1	4	8	2	0.250000	16.500000	16.500000	6.363961	40.500000
orthogroup_231	2	4	8	4	0.500000	19.250000	18.000000	3.535534	12.500000
orthogroup_231	3	4	8	0	0.000000				
orthogroup_231	4	4	8	2	0.250000	28.500000	28.500000	4.949747	24.500000
orthogroup_233	1	12	8	2	0.250000	2.000000	2.000000	0.000000	0.000000
orthogroup_233	2	12	8	1	0.125000	4.000000	4.000000		
orthogroup_233	3	12	8	1	0.125000	12.000000	12.000000		
orthogroup_233	4	12	8	0	0.000000				
orthogroup_233	5	12	8	0	0.000000				
orthogroup_233	6	12	8	0	0.000000				
orthogroup_233	7	12	8	0	0.000000				
orthogroup_233	8	12	8	0	0.000000				
orthogroup_233	9	12	8	1	0.125000	2.000000	2.000000		
orthogroup_233	10	12	8	1	0.125000	5.500000	5.500000		
orthogroup_233	11	12	8	0	0.000000				
orthogroup_233	12	12	8	0	0.000000				
orthogroup_244	1	12	9	6	0.666667	8.000000	7.583333	0.664580	0.441667
orthogroup_244	2	12	9	0	0.000000				
orthogroup_244	3	12	9	0	0.000000				
orthogroup_244	4	12	9	0	0.000000				
orthogroup_244	5	12	9	0	0.000000				
orthogroup_244	6	12	9	0	0.000000				
orthogroup_244	7	12	9	1	0.111111	-3.000000	-3.000000		
orthogroup_244	8	12	9	0	0.000000				
orthogroup_244	9	12	9	0	0.000000				
orthogroup_244	10	12	9	0	0.000000				
orthogroup_244	11	12	9	0	0.000000				
orthogroup_244	12	12	9	0	0.000000				
orthogroup_25	1	5	9	0	0.000000				
orthogroup_25	2	5	9	0	0.000000				
orthogroup_25	3	5	9	0	0.000000				
orthogroup_25	4	5	9	0	0.000000				
orthogroup_25	5	5	9	0	0.000000				
orthogroup_260	1	4	8	1	0.125000	20.000000	20.000000		
orthogroup_260	2	4	8	0	0.000000				
orthogroup_260	3	4	8	2	0.250000	3.000000	3.000000	0.000000	0.000000
orthogroup_260	4	4	8	1	0.125000	7.000000	7.000000		
orthogroup_272	1	3	9	1	0.111111	-9.500000	-9.500000		
orthogroup_272	2	3	9	0	0.000000				
orthogroup_272	3	3	9	1	0.111111	21.000000	21.000000		
orthogroup_277	1	14	8	0	0.000000				
orthogroup_277	2	14	8	0	0.000000				
orthogroup_277	3	14	8	0	0.000000				
orthogroup_277	4	14	8	0	0.000000				
orthogroup_277	5	14	8	0	0.000000				
orthogroup_277	6	14	8	0	0.000000				
orthogroup_277	7	14	8	0	0.000000				
orthogroup_277	8	14	8	0	0.000000				
orthogroup_277	9	14	8	0	0.000000				
orthogroup_277	10	14	8	0	0.000000				
orthogroup_277	11	14	8	0	0.000000				
orthogroup_277	12	14	8	0	0.000000				
orthogroup_277	13	14	8	0	0.000000				
orthogroup_277	14	14	8	1	0.125000	38.000000	38.000000		
orthogroup_279	1	10	9	0	0.000000				
orthogroup_279	2	10	9	1	0.111111	15.000000	15.000000		
orthogroup_279	3	10	9	0	0.000000				
orthogroup_279	4	10	9	0	0.000000				
orthogroup_279	5	10	9	2	0.222222	3.500000	3.500000	0.707107	0.500000
orthogroup_279	6	10	9	0	0.000000				
orthogroup_279	7	10	9	1	0.111111	6.000000	6.000000		
orthogroup_279	8	10	9	0	0.000000				
orthogroup_279	9	10	9	0	0.000000				
orthogroup_279	10	10	9	2	0.222222	47.500000	47.500000	4.949747	24.500000
orthogroup_283	1	10	7	0	0.000000				
orthogroup_283	2	10	7	1	0.142857	-9.500000	-9.500000		
orthogroup_283	3	10	7	0	0.000000				
orthogroup_283	4	10	7	0	0.000000				
orthogroup_283	5	10	7	0	0.000000				
orthogroup_283	6	10	7	0	0.000000				
orthogroup_283	7	10	7	0	0.000000				
orthogroup_283	8	10	7	0	0.000000				
orthogroup_283	9	10	7	1	0.142857	16.000000	16.000000		
orthogroup_283	10	10	7	1	0.142857	5.000000	5.000000		
orthogroup_284	1	10	9	1	0.111111	-15.000000	-15.000000		
orthogroup_284	2	10	9	0	0.000000				
orthogroup_284	3	10	9	2	0.222222	13.000000	13.000000	0.000000	0.000000
orthogroup_284	4	10	9	0	0.000000				
orthogroup_284	5	10	9	0	0.000000				
orthogroup_284	6	10	9	0	0.000000				
orthogroup_284	7	10	9	0	0.000000				
orthogroup_284	8	10	9	0	0.000000				
orthogroup_284	9	10	9	0	0.000000				
orthogroup_284	10	10	9	0	0.000000				
orthogroup_300	1	10	8	1	0.125000	0.000000	0.000000		
orthogroup_300	2	10	8	0	0.000000				
orthogroup_300	3	10	8	0	0.000000				
orthogroup_300	4	10	8	0	0.000000				
orthogroup_300	5	10	8	0	0.000000				
orthogroup_300	6	10	8	0	0.000000				
orthogroup_300	7	10	8	0	0.000000				
orthogroup_300	8	10	8	0	0.000000				
orthogroup_300	9	10	8	0	0.000000				
orthogroup_300	10	10	8	4	0.500000	16.500000	19.000000	5.354126	28.666667
orthogroup_303	1	11	9	0	0.000000				
orthogroup_303	2	11	9	0	0.000000				
orthogroup_303	3	11	9	0	0.000000				
orthogroup_303	4	11	9	0	0.000000				
orthogroup_303	5	11	9	0	0.000000				
orthogroup_303	6	11	9	0	0.000000				
orthogroup_303	7	11	9	0	0.000000				
orthogroup_303	8	11	9	0	0.000000				
orthogroup_303	9	11	9	1	0.111111	-39.000000	-39.000000		
orthogroup_303	10	11	9	0	0.000000				
orthogroup_303	11	11	9	0	0.000000				
orthogroup_322	1	6	8	2	0.250000	-7.000000	-7.000000	11.313708	128.000000
orthogroup_322	2	6	8	1	0.125000	21.000000	21.000000		
orthogroup_322	3	6	8	0	0.000000				
orthogroup_322	4	6	8	0	0.000000				
orthogroup_322	5	6	8	2	0.250000	22.500000	22.500000	2.121320	4.500000
orthogroup_322	6	6	8	0	0.000000				
orthogroup_329	1	12	9	3	0.333333	-13.000000	-13.000000	0.000000	0.000000
orthogroup_329	2	12	9	0	0.000000				
orthogroup_329	3	12	9	0	0.000000				
orthogroup_329	4	12	9	1	0.111111	17.000000	17.000000		
orthogroup_329	5	12	9	1	0.111111	17.000000	17.000000		
orthogroup_329	6	12	9	2	0.222222	49.500000	49.500000	65.760931	4324.500000
orthogroup_329	7	12	9	1	0.111111	-15.000000	-15.000000		
orthogroup_329	8	12	9	1	0.111111	4.000000	4.000000		
orthogroup_329	9	12	9	1	0.111111	-2.000000	-2.000000		
orthogroup_329	10	12	9	0	0.000000				
orthogroup_329	11	12	9	1	0.111111	8.000000	8.000000		
orthogroup_329	12	12	9	3	0.333333	172.000000	150.666667	44.970361	2022.333333
orthogroup_33	1	3	8	1	0.125000	-18.000000	-18.000000		
orthogroup_33	2	3	8	1	0.125000	19.000000	19.000000		
orthogroup_33	3	3	8	1	0.125000	-3.000000	-3.000000		
orthogroup_331	1	5	8	1	0.125000	16.000000	16.000000		
orthogroup_331	2	5	8	1	0.125000	-6.000000	-6.000000		
orthogroup_331	3	5	8	0	0.000000				
orthogroup_331	4	5	8	0	0.000000				
orthogroup_331	5	5	8	1	0.125000	11.000000	11.000000		
orthogroup_334	1	10	9	3	0.333333	5.000000	13.000000	15.620499	244.000000
orthogroup_334	2	10	9	1	0.111111	25.000000	25.000000		
orthogroup_334	3	10	9	0	0.000000				
orthogroup_334	4	10	9	1	0.111111	-7.500000	-7.500000		
orthogroup_334	5	10	9	0	0.000000				
orthogroup_334	6	10	9	0	0.000000				
orthogroup_334	7	10	9	0	0.000000				
orthogroup_334	8	10	9	1	0.111111	1.000000	1.000000		
orthogroup_334	9	10	9	0	0.000000				
orthogroup_334	10	10	9	1	0.111111	21.500000	21.500000		
orthogroup_335	1	5	9	0	0.000000				
orthogroup_335	2	5	9	0	0.000000				
orthogroup_335	3	5	9	0	0.000000				
orthogroup_335	4	5	9	1	0.111111	20.500000	20.500000		
orthogroup_335	5	5	9	1	0.111111	27.000000	27.000000		
orthogroup_338	1	5	10	2	0.200000	-6.000000	-6.000000	26.870058	722.000000
orthogroup_338	2	5	10	1	0.100000	29.000000	29.000000		
orthogroup_338	3	5	10	1	0.100000	16.000000	16.000000		
orthogroup_338	4	5	10	0	0.000000				
orthogroup_338	5	5	10	0	0.000000				
orthogroup_346	1	5	9	0	0.000000				
orthogroup_346	2	5	9	0	0.000000				
orthogroup_346	3	5	9	0	0.000000				
orthogroup_346	4	5	9	0	0.000000				
orthogroup_346	5	5	9	1	0.111111	19.000000	19.000000		
orthogroup_352	1	3	9	0	0.000000				
orthogroup_352	2	3	9	0	0.000000				
orthogroup_352	3	3	9	1	0.111111	-2.000000	-2.000000		
orthogroup_354	1	11	9	2	0.222222	-6.000000	-6.000000	0.000000	0.000000
orthogroup_354	2	11	9	0	0.000000				
orthogroup_354	3	11	9	0	0.000000				
orthogroup_354	4	11	9	0	0.000000				
orthogroup_354	5	11	9	1	0.111111	4.000000	4.000000		
orthogroup_354	6	11	9	0	0.000000				
orthogroup_354	7	11	9	0	0.000000				
orthogroup_354	8	11	9	2	0.222222	19.000000	19.000000	1.414214	2.000000
orthogroup_354	9	11	9	0	0.000000				
orthogroup_354	10	11	9	0	0.000000				
orthogroup_354	11	11	9	1	0.111111	9.000000	9.000000		
orthogroup_36	1	5	8	0	0.000000				
orthogroup_36	2	5	8	5	0.625000	2.000000	3.500000	3.082207	9.500000
orthogroup_36	3	5	8	0	0.000000				
orthogroup_36	4	5	8	0	0.000000				
orthogroup_36	5	5	8	0	0.000000				
orthogroup_371	1	4	9	3	0.333333	-7.500000	-5.833333	4.252450	18.083333
orthogroup_371	2	4	9	1	0.111111	26.500000	26.500000		
orthogroup_371	3	4	9	2	0.222222	4.000000	4.000000	18.384776	338.000000
orthogroup_371	4	4	9	1	0.111111	18.000000	18.000000		
orthogroup_378	1	12	8	0	0.000000				
orthogroup_378	2	12	8	0	0.000000				
orthogroup_378	3	12	8	0	0.000000				
orthogroup_378	4	12	8	0	0.000000				
orthogroup_378	5	12	8	0	0.000000				
orthogroup_378	6	12	8	0	0.000000				
orthogroup_378	7	12	8	0	0.000000				
orthogroup_378	8	12	8	0	0.000000				
orthogroup_378	9	12	8	0	0.000000				
orthogroup_378	10	12	8	0	0.000000				
orthogroup_378	11	12	8	0	0.000000				
orthogroup_378	12	12	8	1	0.125000	22.000000	22.000000		
orthogroup_385	1	10	8	0	0.000000				
orthogroup_385	2	10	8	0	0.000000				
orthogroup_385	3	10	8	0	0.000000				
orthogroup_385	4	10	8	0	0.000000				
orthogroup_385	5	10	8	0	0.000000				
orthogroup_385	6	10	8	0	0.000000				
orthogroup_385	7	10	8	0	0.000000				
orthogroup_385	8	10	8	0	0.000000				
orthogroup_385	9	10	8	0	0.000000				
orthogroup_385	10	10	8	1	0.125000	7.000000	7.000000		
orthogroup_387	1	13	8	0	0.000000				
orthogroup_387	2	13	8	0	0.000000				
orthogroup_387	3	13	8	0	0.000000				
orthogroup_387	4	13	8	0	0.000000				
orthogroup_387	5	13	8	0	0.000000				
orthogroup_387	6	13	8	0	0.000000				
orthogroup_387	7	13	8	0	0.000000				
orthogroup_387	8	13	8	2	0.250000	13.500000	13.500000	0.000000	0.000000
orthogroup_387	9	13	8	1	0.125000	4.000000	4.000000		
orthogroup_387	10	13	8	0	0.000000				
orthogroup_387	11	13	8	0	0.000000				
orthogroup_387	12	13	8	0	0.000000				
orthogroup_387	13	13	8	1	0.125000	-2.000000	-2.000000		
orthogroup_390	1	10	9	0	0.000000				
orthogroup_390	2	10	9	1	0.111111	14.000000	14.000000		
orthogroup_390	3	10	9	1	0.111111	-0.500000	-0.500000		
orthogroup_390	4	10	9	0	0.000000				
orthogroup_390	5	10	9	0	0.000000				
orthogroup_390	6	10	9	0	0.000000				
orthogroup_390	7	10	9	0	0.000000				
orthogroup_390	8	10	9	0	0.000000				
orthogroup_390	9	10	9	0	0.000000				
orthogroup_390	10	10	9	0	0.000000				
orthogroup_408	1	10	9	0	0.000000				
orthogroup_408	2	10	9	0	0.000000				
orthogroup_408	3	10	9	0	0.000000				
orthogroup_408	4	10	9	0	0.000000				
orthogroup_408	5	10	9	0	0.000000				
orthogroup_408	6	10	9	0	0.000000				
orthogroup_408	7	10	9	0	0.000000				
orthogroup_408	8	10	9	0	0.000000				
orthogroup_408	9	10	9	0	0.000000				
orthogroup_408	10	10	9	0	0.000000				
orthogroup_415	1	9	9	0	0.000000				
orthogroup_415	2	9	9	0	0.000000				
orthogroup_415	3	9	9	0	0.000000				
orthogroup_415	4	9	9	0	0.000000				
orthogroup_415	5	9	9	0	0.000000				
orthogroup_415	6	9	9	1	0.111111	28.000000	28.000000		
orthogroup_415	7	9	9	0	0.000000				
orthogroup_415	8	9	9	1	0.111111	5.000000	5.000000		
orthogroup_415	9	9	9	0	0.000000				
orthogroup_418	1	5	8	0	0.000000				
orthogroup_418	2	5	8	0	0.000000				
orthogroup_418	3	5	8	0	0.000000				
orthogroup_418	4	5	8	0	0.000000				
orthogroup_418	5	5	8	2	0.250000	18.000000	18.000000	0.000000	0.000000
orthogroup_419	1	6	8	0	0.000000				
orthogroup_419	2	6	8	1	0.125000	8.000000	8.000000		
orthogroup_419	3	6	8	0	0.000000				
orthogroup_419	4	6	8	0	0.000000				
orthogroup_419	5	6	8	0	0.000000				
orthogroup_419	6	6	8	0	0.000000				
orthogroup_420	1	6	7	1	0.142857	31.000000	31.000000		
orthogroup_420	2	6	7	1	0.142857	16.000000	16.000000		
orthogroup_420	3	6	7	0	0.000000				
orthogroup_420	4	6	7	0	0.000000				
orthogroup_420	5	6	7	1	0.142857	7.000000	7.000000		
orthogroup_420	6	6	7	0	0.000000				
orthogroup_425	1	12	8	0	0.000000				
orthogroup_425	2	12	8	0	0.000000				
orthogroup_425	3	12	8	0	0.000000				
orthogroup_425	4	12	8	0	0.000000				
orthogroup_425	5	12	8	0	0.000000				
orthogroup_425	6	12	8	0	0.000000				
orthogroup_425	7	12	8	0	0.000000				
orthogroup_425	8	12	8	1	0.125000	1.000000	1.000000		
orthogroup_425	9	12	8	1	0.125000	17.000000	17.000000		
orthogroup_425	10	12	8	0	0.000000				
orthogroup_425	11	12	8	0	0.000000				
orthogroup_425	12	12	8	0	0.000000				
orthogroup_429	1	12	7	5	0.714286	1.000000	1.000000	0.000000	0.000000
orthogroup_429	2	12	7	0	0.000000				
orthogroup_429	3	12	7	0	0.000000				
orthogroup_429	4	12	7	0	0.000000				
orthogroup_429	5	12	7	0	0.000000				
orthogroup_429	6	12	7	0	0.000000				
orthogroup_429	7	12	7	1	0.142857	-4.000000	-4.000000		
orthogroup_429	8	12	7	0	0.000000				
orthogroup_429	9	12	7	0	0.000000				
orthogroup_429	10	12	7	1	0.142857	4.000000	4.000000		
orthogroup_429	11	12	7	1	0.142857	8.000000	8.000000		
orthogroup_429	12	12	7	1	0.142857	11.000000	11.000000		
orthogroup_454	1	6	9	2	0.222222	25.000000	25.000000	26.870058	722.000000
orthogroup_454	2	6	9	0	0.000000				
orthogroup_454	3	6	9	0	0.000000				
orthogroup_454	4	6	9	0	0.000000				
orthogroup_454	5	6	9	1	0.111111	7.000000	7.000000		
orthogroup_454	6	6	9	0	0.000000				
orthogroup_46	1	6	10	0	0.000000				
orthogroup_46	2	6	10	1	0.100000	-10.000000	-10.000000		
orthogroup_46	3	6	10	0	0.000000				
orthogroup_46	4	6	10	0	0.000000				
orthogroup_46	5	6	10	0	0.000000				
orthogroup_46	6	6	10	1	0.100000	4.500000	4.500000		
orthogroup_471	1	6	9	2	0.222222	7.500000	7.500000	4.949747	24.500000
orthogroup_471	2	6	9	0	0.000000				
orthogroup_471	3	6	9	2	0.222222	6.250000	6.250000	10.253048	105.125000
orthogroup_471	4	6	9	0	0.000000				
orthogroup_471	5	6	9	0	0.000000				
orthogroup_471	6	6	9	0	0.000000				
orthogroup_480	1	6	9	1	0.111111	-2.000000	-2.000000		
orthogroup_480	2	6	9	0	0.000000				
orthogroup_480	3	6	9	0	0.000000				
orthogroup_480	4	6	9	0	0.000000				
orthogroup_480	5	6	9	0	0.000000				
orthogroup_480	6	6	9	0	0.000000				
orthogroup_484	1	6	9	0	0.000000				
orthogroup_484	2	6	9	0	0.000000				
orthogroup_484	3	6	9	1	0.111111	12.000000	12.000000		
orthogroup_484	4	6	9	0	0.000000				
orthogroup_484	5	6	9	0	0.000000				
orthogroup_484	6	6	9	0	0.000000				
orthogroup_489	1	6	9	2	0.222222	4.250000	4.250000	8.131728	66.125000
orthogroup_489	2	6	9	0	0.000000				
orthogroup_489	3	6	9	1	0.111111	-1.500000	-1.500000		
orthogroup_489	4	6	9	0	0.000000				
orthogroup_489	5	6	9	0	0.000000				
orthogroup_489	6	6	9	0	0.000000				
orthogroup_49	1	4	9	0	0.000000				
orthogroup_49	2	4	9	1	0.111111	8.000000	8.000000		
orthogroup_49	3	4	9	0	0.000000				
orthogroup_49	4	4	9	0	0.000000				
orthogroup_515	1	3	9	1	0.111111	-28.000000	-28.000000		
orthogroup_515	2	3	9	1	0.111111	5.000000	5.000000		
orthogroup_515	3	3	9	0	0.000000				
orthogroup_526	1	6	9	1	0.111111	19.500000	19.500000		
orthogroup_526	2	6	9	0	0.000000				
orthogroup_526	3	6	9	0	0.000000				
orthogroup_526	4	6	9	0	0.000000				
orthogroup_526	5	6	9	0	0.000000				
orthogroup_526	6	6	9	0	0.000000				
orthogroup_531	1	14	9	0	0.000000				
orthogroup_531	2	14	9	2	0.222222	29.500000	29.500000	3.535534	12.500000
orthogroup_531	3	14	9	0	0.000000				
orthogroup_531	4	14	9	1	0.111111	1.000000	1.000000		
orthogroup_531	5	14	9	0	0.000000				
orthogroup_531	6	14	9	0	0.000000				
orthogroup_531	7	14	9	0	0.000000				
orthogroup_531	8	14	9	0	0.000000				
orthogroup_531	9	14	9	0	0.000000				
orthogroup_531	10	14	9	0	0.000000				
orthogroup_531	11	14	9	0	0.000000				
orthogroup_531	12	14	9	0	0.000000				
orthogroup_531	13	14	9	0	0.000000				
orthogroup_531	14	14	9	0	0.000000				
orthogroup_534	1	5	10	1	0.100000	-19.000000	-19.000000		
orthogroup_534	2	5	10	0	0.000000				
orthogroup_534	3	5	10	0	0.000000				
orthogroup_534	4	5	10	0	0.000000				
orthogroup_534	5	5	10	0	0.000000				
orthogroup_540	1	6	9	6	0.666667	-26.750000	-26.750000	0.273861	0.075000
orthogroup_540	2	6	9	1	0.111111	3.000000	3.000000		
orthogroup_540	3	6	9	0	0.000000				
orthogroup_540	4	6	9	0	0.000000				
orthogroup_540	5	6	9	1	0.111111	-3.000000	-3.000000		
orthogroup_540	6	6	9	0	0.000000				
orthogroup_547	1	6	10	0	0.000000				
orthogroup_547	2	6	10	0	0.000000				
orthogroup_547	3	6	10	0	0.000000				
orthogroup_547	4	6	10	0	0.000000				
orthogroup_547	5	6	10	0	0.000000				
orthogroup_547	6	6	10	2	0.200000	-5.500000	-5.500000	10.606602	112.500000
orthogroup_548	1	6	9	4	0.444444	12.000000	9.250000	6.238322	38.916667
orthogroup_548	2	6	9	0	0.000000				
orthogroup_548	3	6	9	2	0.222222	41.000000	41.000000	16.970563	288.000000
orthogroup_548	4	6	9	2	0.222222	12.000000	12.000000	4.242641	18.000000
orthogroup_548	5	6	9	1	0.111111	18.000000	18.000000		
orthogroup_548	6	6	9	4	0.444444	27.000000	29.500000	10.416333	108.500000
orthogroup_551	1	4	9	1	0.111111	16.000000	16.000000		
orthogroup_551	2	4	9	1	0.111111	9.000000	9.000000		
orthogroup_551	3	4	9	0	0.000000				
orthogroup_551	4	4	9	1	0.111111	-6.000000	-6.000000		
orthogroup_554	1	8	9	3	0.333333	9.000000	11.000000	6.244998	39.000000
orthogroup_554	2	8	9	0	0.000000				
orthogroup_554	3	8	9	0	0.000000				
orthogroup_554	4	8	9	1	0.111111	9.000000	9.000000		
orthogroup_554	5	8	9	4	0.444444	9.250000	3.875000	11.257405	126.729167
orthogroup_554	6	8	9	1	0.111111	30.000000	30.000000		
orthogroup_554	7	8	9	1	0.111111	11.000000	11.000000		
orthogroup_554	8	8	9	2	0.222222	1.500000	1.500000	12.020815	144.500000
orthogroup_565	1	20	8	1	0.125000	-5.000000	-5.000000		
orthogroup_565	2	20	8	1	0.125000	-1.000000	-1.000000		
orthogroup_565	3	20	8	0	0.000000				
orthogroup_565	4	20	8	0	0.000000				
orthogroup_565	5	20	8	0	0.000000				
orthogroup_565	6	20	8	3	0.375000	13.000000	14.166667	2.020726	4.083333
orthogroup_565	7	20	8	0	0.000000				
orthogroup_565	8	20	8	0	0.000000				
orthogroup_565	9	20	8	0	0.000000				
orthogroup_565	10	20	8	0	0.000000				
orthogroup_565	11	20	8	0	0.000000				
orthogroup_565	12	20	8	0	0.000000				
orthogroup_565	13	20	8	0	0.000000				
orthogroup_565	14	20	8	1	0.125000	4.000000	4.000000		
orthogroup_565	15	20	8	0	0.000000				
orthogroup_565	16	20	8	0	0.000000				
orthogroup_565	17	20	8	0	0.000000				
orthogroup_565	18	20	8	0	0.000000				
orthogroup_565	19	20	8	0	0.000000				
orthogroup_565	20	20	8	3	0.375000	18.000000	13.333333	8.082904	65.333333
orthogroup_582	1	12	8	2	0.250000	3.500000	3.500000	19.091883	364.500000
orthogroup_582	2	12	8	0	0.000000				
orthogroup_582	3	12	8	0	0.000000				
orthogroup_582	4	12	8	1	0.125000	12.000000	12.000000		
orthogroup_582	5	12	8	2	0.250000	1.000000	1.000000	0.000000	0.000000
orthogroup_582	6	12	8	0	0.000000				
orthogroup_582	7	12	8	2	0.250000	2.000000	2.000000	0.000000	0.000000
orthogroup_582	8	12	8	1	0.125000	5.000000	5.000000		
orthogroup_582	9	12	8	0	0.000000				
orthogroup_582	10	12	8	0	0.000000				
orthogroup_582	11	12	8	1	0.125000	16.000000	16.000000		
orthogroup_582	12	12	8	3	0.375000	208.000000	207.333333	1.154701	1.333333
orthogroup_588	1	6	8	1	0.125000	-12.000000	-12.000000		
orthogroup_588	2	6	8	0	0.000000				
orthogroup_588	3	6	8	0	0.000000				
orthogroup_588	4	6	8	2	0.250000	6.500000	6.500000	0.707107	0.500000
orthogroup_588	5	6	8	1	0.125000	26.000000	26.000000		
orthogroup_588	6	6	8	2	0.250000	5.000000	5.000000	4.242641	18.000000
orthogroup_596	1	4	9	0	0.000000				
orthogroup_596	2	4	9	0	0.000000				
orthogroup_596	3	4	9	1	0.111111	28.000000	28.000000		
orthogroup_596	4	4	9	0	0.000000				
orthogroup_598	1	9	9	3	0.333333	5.000000	1.333333	11.930353	142.333333
orthogroup_598	2	9	9	0	0.000000				
orthogroup_598	3	9	9	1	0.111111	15.000000	15.000000		
orthogroup_598	4	9	9	1	0.111111	24.000000	24.000000		
orthogroup_598	5	9	9	1	0.111111	17.000000	17.000000		
orthogroup_598	6	9	9	0	0.000000				
orthogroup_598	7	9	9	0	0.000000				
orthogroup_598	8	9	9	0	0.000000				
orthogroup_598	9	9	9	1	0.111111	2.000000	2.000000		
orthogroup_6	1	3	9	1	0.111111	-12.000000	-12.000000		
orthogroup_6	2	3	9	0	0.000000				
orthogroup_6	3	3	9	1	0.111111	4.000000	4.000000		
orthogroup_609	1	7	9	1	0.111111	3.000000	3.000000		
orthogroup_609	2	7	9	2	0.222222	-8.000000	-8.000000	0.000000	0.000000
orthogroup_609	3	7	9	0	0.000000				
orthogroup_609	4	7	9	0	0.000000				
orthogroup_609	5	7	9	0	0.000000				
orthogroup_609	6	7	9	0	0.000000				
orthogroup_609	7	7	9	1	0.111111	33.000000	33.000000		
orthogroup_610	1	5	9	2	0.222222	14.750000	14.750000	4.596194	21.125000
orthogroup_610	2	5	9	0	0.000000				
orthogroup_610	3	5	9	0	0.000000				
orthogroup_610	4	5	9	3	0.333333	-17.000000	-20.166667	6.825198	46.583333
orthogroup_610	5	5	9	0	0.000000				
orthogroup_618	1	4	9	0	0.000000				
orthogroup_618	2	4	9	2	0.222222	-6.750000	-6.750000	33.587572	1128.125000
orthogroup_618	3	4	9	0	0.000000				
orthogroup_618	4	4	9	0	0.000000				
orthogroup_626	1	9	9	4	0.444444	1.000000	-0.500000	3.000000	9.000000
orthogroup_626	2	9	9	0	0.000000				
orthogroup_626	3	9	9	0	0.000000				
orthogroup_626	4	9	9	0	0.000000				
orthogroup_626	5	9	9	1	0.111111	5.000000	5.000000		
orthogroup_626	6	9	9	0	0.000000				
orthogroup_626	7	9	9	0	0.000000				
orthogroup_626	8	9	9	1	0.111111	10.000000	10.000000		
orthogroup_626	9	9	9	3	0.333333	4.000000	7.333333	6.658328	44.333333
orthogroup_627	1	4	9	0	0.000000				
orthogroup_627	2	4	9	1	0.111111	7.000000	7.000000		
orthogroup_627	3	4	9	0	0.000000				
orthogroup_627	4	4	9	0	0.000000				
orthogroup_65	1	4	9	4	0.444444	0.000000	-2.250000	4.500000	20.250000
orthogroup_65	2	4	9	1	0.111111	18.000000	18.000000		
orthogroup_65	3	4	9	0	0.000000				
orthogroup_65	4	4	9	1	0.111111	363.000000	363.000000		
orthogroup_663	1	11	9	0	0.000000				
orthogroup_663	2	11	9	0	0.000000				
orthogroup_663	3	11	9	0	0.000000				
orthogroup_663	4	11	9	1	0.111111	5.000000	5.000000		
orthogroup_663	5	11	9	0	0.000000				
orthogroup_663	6	11	9	0	0.000000				
orthogroup_663	7	11	9	0	0.000000				
orthogroup_663	8	11	9	0	0.000000				
orthogroup_663	9	11	9	0	0.000000				
orthogroup_663	10	11	9	0	0.000000				
orthogroup_663	11	11	9	0	0.000000				
orthogroup_682	1	4	8	1	0.125000	4.000000	4.000000		
orthogroup_682	2	4	8	0	0.000000				
orthogroup_682	3	4	8	0	0.000000				
orthogroup_682	4	4	8	1	0.125000	17.000000	17.000000		
orthogroup_684	1	12	9	1	0.111111	-15.500000	-15.500000		
orthogroup_684	2	12	9	0	0.000000				
orthogroup_684	3	12	9	0	0.000000				
orthogroup_684	4	12	9	0	0.000000				
orthogroup_684	5	12	9	0	0.000000				
orthogroup_684	6	12	9	0	0.000000				
orthogroup_684	7	12	9	0	0.000000				
orthogroup_684	8	12	9	0	0.000000				
orthogroup_684	9	12	9	0	0.000000				
orthogroup_684	10	12	9	0	0.000000				
orthogroup_684	11	12	9	0	0.000000				
orthogroup_684	12	12	9	1	0.111111	14.000000	14.000000		
orthogroup_687	1	8	9	2	0.222222	22.500000	22.500000	0.707107	0.500000
orthogroup_687	2	8	9	0	0.000000				
orthogroup_687	3	8	9	0	0.000000				
orthogroup_687	4	8	9	0	0.000000				
orthogroup_687	5	8	9	0	0.000000				
orthogroup_687	6	8	9	0	0.000000				
orthogroup_687	7	8	9	0	0.000000				
orthogroup_687	8	8	9	2	0.222222	4.000000	4.000000	12.727922	162.000000
orthogroup_689	1	12	8	2	0.250000	62.000000	62.000000	62.225397	3872.000000
orthogroup_689	2	12	8	0	0.000000				
orthogroup_689	3	12	8	0	0.000000				
orthogroup_689	4	12	8	0	0.000000				
orthogroup_689	5	12	8	0	0.000000				
orthogroup_689	6	12	8	2	0.250000	24.500000	24.500000	0.707107	0.500000
orthogroup_689	7	12	8	0	0.000000				
orthogroup_689	8	12	8	0	0.000000				
orthogroup_689	9	12	8	0	0.000000				
orthogroup_689	10	12	8	0	0.000000				
orthogroup_689	11	12	8	0	0.000000				
orthogroup_689	12	12	8	1	0.125000	32.000000	32.000000		
orthogroup_7	1	12	9	1	0.111111	107.000000	107.000000		
orthogroup_7	2	12	9	0	0.000000				
orthogroup_7	3	12	9	3	0.333333	11.000000	13.000000	3.464102	12.000000
orthogroup_7	4	12	9	0	0.000000				
orthogroup_7	5	12	9	0	0.000000				
orthogroup_7	6	12	9	0	0.000000				
orthogroup_7	7	12	9	1	0.111111	115.000000	115.000000		
orthogroup_7	8	12	9	0	0.000000				
orthogroup_7	9	12	9	0	0.000000				
orthogroup_7	10	12	9	1	0.111111	14.000000	14.000000		
orthogroup_7	11	12	9	0	0.000000				
orthogroup_7	12	12	9	1	0.111111	31.000000	31.000000		
orthogroup_703	1	13	9	1	0.111111	13.000000	13.000000		
orthogroup_703	2	13	9	0	0.000000				
orthogroup_703	3	13	9	0	0.000000				
orthogroup_703	4	13	9	0	0.000000				
orthogroup_703	5	13	9	0	0.000000				
orthogroup_703	6	13	9	0	0.000000				
orthogroup_703	7	13	9	0	0.000000				
orthogroup_703	8	13	9	0	0.000000				
orthogroup_703	9	13	9	0	0.000000				
orthogroup_703	10	13	9	0	0.000000				
orthogroup_703	11	13	9	0	0.000000				
orthogroup_703	12	13	9	0	0.000000				
orthogroup_703	13	13	9	1	0.111111	117.000000	117.000000		
orthogroup_719	1	12	9	0	0.000000				
orthogroup_719	2	12	9	0	0.000000				
orthogroup_719	3	12	9	0	0.000000				
orthogroup_719	4	12	9	0	0.000000				
orthogroup_719	5	12	9	0	0.000000				
orthogroup_719	6	12	9	0	0.000000				
orthogroup_719	7	12	9	0	0.000000				
orthogroup_719	8	12	9	0	0.000000				
orthogroup_719	9	12	9	0	0.000000				
orthogroup_719	10	12	9	1	0.111111	0.000000	0.000000		
orthogroup_719	11	12	9	0	0.000000				
orthogroup_719	12	12	9	0	0.000000				
orthogroup_72	1	9	8	2	0.250000	-2.750000	-2.750000	1.060660	1.125000
orthogroup_72	2	9	8	0	0.000000				
orthogroup_72	3	9	8	0	0.000000				
orthogroup_72	4	9	8	0	0.000000				
orthogroup_72	5	9	8	0	0.000000				
orthogroup_72	6	9	8	0	0.000000				
orthogroup_72	7	9	8	0	0.000000				
orthogroup_72	8	9	8	0	0.000000				
orthogroup_72	9	9	8	0	0.000000				
orthogroup_741	1	3	9	2	0.222222	2.500000	2.500000	0.000000	0.000000
orthogroup_741	2	3	9	0	0.000000				
orthogroup_741	3	3	9	1	0.111111	324.000000	324.000000		
orthogroup_755	1	8	9	2	0.222222	2.500000	2.500000	9.192388	84.500000
orthogroup_755	2	8	9	2	0.222222	11.000000	11.000000	1.414214	2.000000
orthogroup_755	3	8	9	1	0.111111	12.500000	12.500000		
orthogroup_755	4	8	9	1	0.111111	28.000000	28.000000		
orthogroup_755	5	8	9	0	0.000000				
orthogroup_755	6	8	9	0	0.000000				
orthogroup_755	7	8	9	0	0.000000				
orthogroup_755	8	8	9	1	0.111111	-8.000000	-8.000000		
orthogroup_758	1	12	8	4	0.500000	-8.000000	-7.750000	0.500000	0.250000
orthogroup_758	2	12	8	1	0.125000	1.500000	1.500000		
orthogroup_758	3	12	8	0	0.000000				
orthogroup_758	4	12	8	0	0.000000				
orthogroup_758	5	12	8	0	0.000000				
orthogroup_758	6	12	8	0	0.000000				
orthogroup_758	7	12	8	0	0.000000				
orthogroup_758	8	12	8	0	0.000000				
orthogroup_758	9	12	8	0	0.000000				
orthogroup_758	10	12	8	0	0.000000				
orthogroup_758	11	12	8	0	0.000000				
orthogroup_758	12	12	8	0	0.000000				
orthogroup_759	1	10	9	5	0.555556	0.000000	-1.300000	4.764452	22.700000
orthogroup_759	2	10	9	1	0.111111	-1.000000	-1.000000		
orthogroup_759	3	10	9	2	0.222222	-1.000000	-1.000000	1.414214	2.000000
orthogroup_759	4	10	9	1	0.111111	18.000000	18.000000		
orthogroup_759	5	10	9	3	0.333333	8.000000	13.666667	9.814955	96.333333
orthogroup_759	6	10	9	1	0.111111	11.500000	11.500000		
orthogroup_759	7	10	9	0	0.000000				
orthogroup_759	8	10	9	0	0.000000				
orthogroup_759	9	10	9	0	0.000000				
orthogroup_759	10	10	9	3	0.333333	11.000000	6.666667	12.096832	146.333333
orthogroup_76	1	6	8	0	0.000000				
orthogroup_76	2	6	8	0	0.000000				
orthogroup_76	3	6	8	0	0.000000				
orthogroup_76	4	6	8	0	0.000000				
orthogroup_76	5	6	8	0	0.000000				
orthogroup_76	6	6	8	3	0.375000	12.000000	4.333333	13.279056	176.333333
orthogroup_767	1	9	10	6	0.600000	-5.000000	-4.000000	2.449490	6.000000
orthogroup_767	2	9	10	1	0.100000	-1.000000	-1.000000		
orthogroup_767	3	9	10	0	0.000000				
orthogroup_767	4	9	10	0	0.000000				
orthogroup_767	5	9	10	0	0.000000				
orthogroup_767	6	9	10	0	0.000000				
orthogroup_767	7	9	10	0	0.000000				
orthogroup_767	8	9	10	0	0.000000				
orthogroup_767	9	9	10	2	0.200000	110.000000	110.000000	0.000000	0.000000
orthogroup_768	1	14	9	1	0.111111	-19.000000	-19.000000		
orthogroup_768	2	14	9	0	0.000000				
orthogroup_768	3	14	9	0	0.000000				
orthogroup_768	4	14	9	0	0.000000				
orthogroup_768	5	14	9	0	0.000000				
orthogroup_768	6	14	9	0	0.000000				
orthogroup_768	7	14	9	0	0.000000				
orthogroup_768	8	14	9	0	0.000000				
orthogroup_768	9	14	9	0	0.000000				
orthogroup_768	10	14	9	0	0.000000				
orthogroup_768	11	14	9	0	0.000000				
orthogroup_768	12	14	9	0	0.000000				
orthogroup_768	13	14	9	0	0.000000				
orthogroup_768	14	14	9	0	0.000000				
orthogroup_772	1	8	9	0	0.000000				
orthogroup_772	2	8	9	4	0.444444	8.000000	8.750000	1.500000	2.250000
orthogroup_772	3	8	9	0	0.000000				
orthogroup_772	4	8	9	1	0.111111	15.000000	15.000000		
orthogroup_772	5	8	9	0	0.000000				
orthogroup_772	6	8	9	1	0.111111	21.500000	21.500000		
orthogroup_772	7	8	9	1	0.111111	10.500000	10.500000		
orthogroup_772	8	8	9	0	0.000000				
orthogroup_784	1	10	9	1	0.111111	17.000000	17.000000		
orthogroup_784	2	10	9	0	0.000000				
orthogroup_784	3	10	9	1	0.111111	39.000000	39.000000		
orthogroup_784	4	10	9	0	0.000000				
orthogroup_784	5	10	9	1	0.111111	34.000000	34.000000		
orthogroup_784	6	10	9	0	0.000000				
orthogroup_784	7	10	9	0	0.000000				
orthogroup_784	8	10	9	0	0.000000				
orthogroup_784	9	10	9	0	0.000000				
orthogroup_784	10	10	9	0	0.000000				
orthogroup_790	1	6	9	1	0.111111	-13.000000	-13.000000		
orthogroup_790	2	6	9	0	0.000000				
orthogroup_790	3	6	9	1	0.111111	1.000000	1.000000		
orthogroup_790	4	6	9	0	0.000000				
orthogroup_790	5	6	9	0	0.000000				
orthogroup_790	6	6	9	3	0.333333	98.000000	105.000000	12.124356	147.000000
orthogroup_799	1	4	10	1	0.100000	-348.000000	-348.000000		
orthogroup_799	2	4	10	0	0.000000				
orthogroup_799	3	4	10	0	0.000000				
orthogroup_799	4	4	10	0	0.000000				
orthogroup_80	1	4	9	0	0.000000				
orthogroup_80	2	4	9	0	0.000000				
orthogroup_80	3	4	9	0	0.000000				
orthogroup_80	4	4	9	7	0.777778	57.000000	47.714286	22.595828	510.571429
orthogroup_81	1	6	10	2	0.200000	14.000000	14.000000	0.000000	0.000000
orthogroup_81	2	6	10	1	0.100000	22.000000	22.000000		
orthogroup_81	3	6	10	0	0.000000				
orthogroup_81	4	6	10	0	0.000000				
orthogroup_81	5	6	10	0	0.000000				
orthogroup_81	6	6	10	1	0.100000	28.000000	28.000000		
orthogroup_812	1	4	9	2	0.222222	13.000000	13.000000	0.000000	0.000000
orthogroup_812	2	4	9	0	0.000000				
orthogroup_812	3	4	9	1	0.111111	32.000000	32.000000		
orthogroup_812	4	4	9	0	0.000000				
orthogroup_824	1	6	10	0	0.000000				
orthogroup_824	2	6	10	0	0.000000				
orthogroup_824	3	6	10	0	0.000000				
orthogroup_824	4	6	10	0	0.000000				
orthogroup_824	5	6	10	1	0.100000	20.000000	20.000000		
orthogroup_824	6	6	10	2	0.200000	76.500000	76.500000	60.104076	3612.500000
orthogroup_834	1	4	8	1	0.125000	14.000000	14.000000		
orthogroup_834	2	4	8	1	0.125000	10.000000	10.000000		
orthogroup_834	3	4	8	1	0.125000	24.000000	24.000000		
orthogroup_834	4	4	8	2	0.250000	21.000000	21.000000	1.414214	2.000000
orthogroup_864	1	3	9	0	0.000000				
orthogroup_864	2	3	9	0	0.000000				
orthogroup_864	3	3	9	1	0.111111	4.000000	4.000000		
orthogroup_867	1	3	8	0	0.000000				
orthogroup_867	2	3	8	0	0.000000				
orthogroup_867	3	3	8	0	0.000000				
orthogroup_870	1	6	9	3	0.333333	7.000000	7.000000	0.000000	0.000000
orthogroup_870	2	6	9	1	0.111111	-1.000000	-1.000000		
orthogroup_870	3	6	9	1	0.111111	3.000000	3.000000		
orthogroup_870	4	6	9	0	0.000000				
orthogroup_870	5	6	9	0	0.000000				
orthogroup_870	6	6	9	0	0.000000				
orthogroup_900	1	12	9	0	0.000000				
orthogroup_900	2	12	9	0	0.000000				
orthogroup_900	3	12	9	1	0.111111	17.000000	17.000000		
orthogroup_900	4	12	9	0	0.000000				
orthogroup_900	5	12	9	0	0.000000				
orthogroup_900	6	12	9	0	0.000000				
orthogroup_900	7	12	9	3	0.333333	20.000000	16.833333	5.923119	35.083333
orthogroup_900	8	12	9	1	0.111111	25.000000	25.000000		
orthogroup_900	9	12	9	0	0.000000				
orthogroup_900	10	12	9	0	0.000000				
orthogroup_900	11	12	9	0	0.000000				
orthogroup_900	12	12	9	2	0.222222	132.500000	132.500000	61.518290	3784.500000
orthogroup_921	1	6	9	0	0.000000				
orthogroup_921	2	6	9	0	0.000000				
orthogroup_921	3	6	9	0	0.000000				
orthogroup_921	4	6	9	0	0.000000				
orthogroup_921	5	6	9	2	0.222222	23.500000	23.500000	4.949747	24.500000
orthogroup_921	6	6	9	0	0.000000				
orthogroup_923	1	11	10	2	0.200000	-20.250000	-20.250000	7.424621	55.125000
orthogroup_923	2	11	10	0	0.000000				
orthogroup_923	3	11	10	0	0.000000				
orthogroup_923	4	11	10	0	0.000000				
orthogroup_923	5	11	10	0	0.000000				
orthogroup_923	6	11	10	0	0.000000				
orthogroup_923	7	11	10	0	0.000000				
orthogroup_923	8	11	10	0	0.000000				
orthogroup_923	9	11	10	0	0.000000				
orthogroup_923	10	11	10	0	0.000000				
orthogroup_923	11	11	10	1	0.100000	14.000000	14.000000		
orthogroup_934	1	12	8	4	0.500000	5.000000	3.625000	4.269563	18.229167
orthogroup_934	2	12	8	0	0.000000				
orthogroup_934	3	12	8	0	0.000000				
orthogroup_934	4	12	8	0	0.000000				
orthogroup_934	5	12	8	0	0.000000				
orthogroup_934	6	12	8	0	0.000000				
orthogroup_934	7	12	8	0	0.000000				
orthogroup_934	8	12	8	0	0.000000				
orthogroup_934	9	12	8	0	0.000000				
orthogroup_934	10	12	8	0	0.000000				
orthogroup_934	11	12	8	0	0.000000				
orthogroup_934	12	12	8	1	0.125000	-3.000000	-3.000000		
orthogroup_938	1	11	8	0	0.000000				
orthogroup_938	2	11	8	1	0.125000	6.000000	6.000000		
orthogroup_938	3	11	8	1	0.125000	21.000000	21.000000		
orthogroup_938	4	11	8	0	0.000000				
orthogroup_938	5	11	8	0	0.000000				
orthogroup_938	6	11	8	0	0.000000				
orthogroup_938	7	11	8	0	0.000000				
orthogroup_938	8	11	8	1	0.125000	19.000000	19.000000		
orthogroup_938	9	11	8	2	0.250000	-1.000000	-1.000000	0.000000	0.000000
orthogroup_938	10	11	8	0	0.000000				
orthogroup_938	11	11	8	0	0.000000				
orthogroup_946	1	11	8	0	0.000000				
orthogroup_946	2	11	8	0	0.000000				
orthogroup_946	3	11	8	1	0.125000	10.000000	10.000000		
orthogroup_946	4	11	8	0	0.000000				
orthogroup_946	5	11	8	1	0.125000	5.000000	5.000000		
orthogroup_946	6	11	8	0	0.000000				
orthogroup_946	7	11	8	0	0.000000				
orthogroup_946	8	11	8	0	0.000000				
orthogroup_946	9	11	8	0	0.000000				
orthogroup_946	10	11	8	0	0.000000				
orthogroup_946	11	11	8	3	0.375000	42.000000	38.000000	6.928203	48.000000
orthogroup_96	1	11	9	3	0.333333	-5.500000	-5.500000	0.500000	0.250000
orthogroup_96	2	11	9	3	0.333333	1.000000	1.666667	1.154701	1.333333
orthogroup_96	3	11	9	0	0.000000				
orthogroup_96	4	11	9	1	0.111111	22.000000	22.000000		
orthogroup_96	5	11	9	0	0.000000				
orthogroup_96	6	11	9	1	0.111111	1.000000	1.000000		
orthogroup_96	7	11	9	0	0.000000				
orthogroup_96	8	11	9	0	0.000000				
orthogroup_96	9	11	9	0	0.000000				
orthogroup_96	10	11	9	0	0.000000				
orthogroup_96	11	11	9	2	0.222222	43.250000	43.250000	0.353553	0.125000
orthogroup_968	1	4	8	4	0.500000	-247.500000	-227.000000	58.929336	3472.666667
orthogroup_968	2	4	8	2	0.250000	-46.000000	-46.000000	21.213203	450.000000
orthogroup_968	3	4	8	4	0.500000	11.250000	11.625000	0.946485	0.895833
orthogroup_968	4	4	8	0	0.000000				
orthogroup_971	1	11	8	1	0.125000	3.000000	3.000000		
orthogroup_971	2	11	8	0	0.000000				
orthogroup_971	3	11	8	0	0.000000				
orthogroup_971	4	11	8	3	0.375000	17.000000	17.000000	0.000000	0.000000
orthogroup_971	5	11	8	0	0.000000				
orthogroup_971	6	11	8	0	0.000000				
orthogroup_971	7	11	8	1	0.125000	21.000000	21.000000		
orthogroup_971	8	11	8	0	0.000000				
orthogroup_971	9	11	8	0	0.000000				
orthogroup_971	10	11	8	0	0.000000				
orthogroup_971	11	11	8	0	0.000000				
orthogroup_972	1	6	9	0	0.000000				
orthogroup_972	2	6	9	0	0.000000				
orthogroup_972	3	6	9	0	0.000000				
orthogroup_972	4	6	9	0	0.000000				
orthogroup_972	5	6	9	0	0.000000				
orthogroup_972	6	6	9	1	0.111111	14.000000	14.000000		
orthogroup_980	1	4	8	1	0.125000	-21.000000	-21.000000		
orthogroup_980	2	4	8	2	0.250000	-3.000000	-3.000000	7.071068	50.000000
orthogroup_980	3	4	8	0	0.000000				
orthogroup_980	4	4	8	0	0.000000				
orthogroup_985	1	6	10	3	0.300000	16.000000	15.666667	9.504385	90.333333
orthogroup_985	2	6	10	0	0.000000				
orthogroup_985	3	6	10	0	0.000000				
orthogroup_985	4	6	10	0	0.000000				
orthogroup_985	5	6	10	1	0.100000	3.000000	3.000000		
orthogroup_985	6	6	10	0	0.000000				
orthogroup_995	1	7	9	3	0.333333	-6.000000	-6.000000	0.000000	0.000000
orthogroup_995	2	7	9	0	0.000000				
orthogroup_995	3	7	9	0	0.000000				
orthogroup_995	4	7	9	0	0.000000				
orthogroup_995	5	7	9	0	0.000000				
orthogroup_995	6	7	9	0	0.000000				
orthogroup_995	7	7	9	2	0.222222	18.500000	18.500000	20.506097	420.500000
