permutation	qualifying_units	median_variance
1	50	107.166667
2	51	371.583333
3	54	115.958333
4	52	120.916667
5	54	93.291667
6	43	184.333333
7	54	186.458333
8	53	96.333333
9	50	120.614583
10	60	172.833333
11	55	97.333333
12	34	144.697917
13	53	100.000000
14	54	137.416667
15	64	122.400000
16	55	261.333333
17	47	72.583333
18	51	192.000000
19	59	105.333333
20	54	230.333333
21	56	155.625000
22	40	300.708333
23	53	118.229167
24	47	291.000000
25	59	140.250000
26	33	137.062500
27	42	106.333333
28	47	133.000000
29	60	161.333333
30	48	223.541667
31	68	208.416667
32	50	154.208333
33	50	325.833333
34	49	140.083333
35	43	194.000000
36	59	90.333333
37	43	401.333333
38	58	175.208333
39	48	134.114583
40	50	155.208333
41	35	90.333333
42	65	145.333333
43	41	144.000000
44	52	214.625000
45	52	126.291667
46	61	134.750000
47	44	146.958333
48	47	120.333333
49	52	103.387500
50	49	192.000000
51	46	202.316667
52	50	255.541667
53	51	206.450000
54	52	177.791667
55	60	89.541667
56	47	183.341667
57	56	112.250000
58	49	181.000000
59	49	250.916667
60	43	96.333333
61	51	134.333333
62	52	200.166667
63	46	167.333333
64	38	96.458333
65	50	142.583333
66	46	132.500000
67	50	84.291667
68	59	70.333333
69	52	170.041667
70	55	349.000000
71	55	242.250000
72	53	234.800000
73	50	154.125000
74	40	71.333333
75	46	109.364583
76	47	185.333333
77	51	233.333333
78	50	64.291667
79	49	100.333333
80	50	184.650000
81	64	171.458333
82	49	165.729167
83	48	157.458333
84	52	95.208333
85	43	237.583333
86	47	120.333333
87	44	126.041667
88	42	276.406250
89	59	108.333333
90	48	73.041667
91	58	150.166667
92	44	282.166667
93	44	174.458333
94	47	147.250000
95	44	61.322917
96	49	109.000000
97	60	204.333333
98	49	93.729167
99	53	73.000000
100	47	217.000000
101	50	118.406250
102	41	89.333333
103	53	225.333333
104	54	101.708333
105	53	352.333333
106	48	134.833333
107	55	102.333333
108	56	196.166667
109	57	243.000000
110	55	96.333333
111	48	493.666667
112	60	171.166667
113	43	208.583333
114	43	176.333333
115	67	173.083333
116	49	101.562500
117	52	212.208333
118	56	56.666667
119	49	63.062500
120	49	193.000000
121	46	177.291667
122	50	106.400000
123	63	192.000000
124	44	192.000000
125	50	133.666667
126	46	262.833333
127	58	70.833333
128	42	195.333333
129	58	406.208333
130	53	185.333333
131	53	96.333333
132	44	150.141667
133	42	61.333333
134	50	153.000000
135	56	111.166667
136	53	184.333333
137	51	76.750000
138	40	164.666667
139	44	174.979167
140	55	108.000000
141	41	176.333333
142	53	151.083333
143	54	142.781250
144	70	110.625000
145	49	74.333333
146	58	125.666667
147	46	106.712500
148	43	165.083333
149	47	347.200000
150	52	339.166667
151	46	148.666667
152	56	184.791667
153	53	91.000000
154	46	205.208333
155	58	118.541667
156	51	161.333333
157	50	276.833333
158	48	154.666667
159	61	96.333333
160	50	244.000000
161	53	202.333333
162	54	164.125000
163	51	421.333333
164	56	160.031250
165	52	159.958333
166	51	127.750000
167	45	243.000000
168	48	233.041667
169	63	192.000000
170	62	405.791667
171	51	229.333333
172	42	210.583333
173	51	147.000000
174	55	124.000000
175	57	133.333333
176	40	197.708333
177	66	119.166667
178	50	160.833333
179	39	96.750000
180	47	112.000000
181	52	79.625000
182	42	61.816667
183	60	149.489583
184	44	263.833333
185	55	120.333333
186	49	192.000000
187	59	175.562500
188	50	130.416667
189	45	91.000000
190	58	298.781250
191	47	482.333333
192	51	88.666667
193	55	89.583333
194	50	242.625000
195	60	212.833333
196	55	127.000000
197	57	190.750000
198	46	110.208333
199	57	135.250000
200	46	200.739583
201	48	275.833333
202	52	329.500000
203	56	184.818750
204	46	173.666667
205	50	265.291667
206	70	119.333333
207	40	212.291667
208	52	254.662500
209	44	277.333333
210	50	139.666667
211	46	150.579167
212	53	172.000000
213	45	193.083333
214	61	135.750000
215	55	184.333333
216	43	519.541667
217	58	130.083333
218	61	108.333333
219	49	124.333333
220	55	144.750000
221	41	86.083333
222	55	144.916667
223	53	168.750000
224	35	134.333333
225	51	289.333333
226	54	185.675000
227	57	196.083333
228	48	202.041667
229	50	281.058333
230	43	180.250000
231	54	473.958333
232	60	138.666667
233	42	156.666667
234	47	139.000000
235	47	132.666667
236	52	226.666667
237	52	134.541667
238	48	167.947917
239	47	83.250000
240	45	99.750000
241	48	154.850000
242	48	102.791667
243	46	157.541667
244	48	308.041667
245	49	147.000000
246	52	122.166667
247	57	146.583333
248	51	135.416667
249	55	116.333333
250	46	132.666667
251	38	179.333333
252	54	113.781250
253	67	154.229167
254	54	153.541667
255	46	274.458333
256	55	82.750000
257	37	204.266667
258	59	108.895833
259	54	240.641667
260	54	489.625000
261	49	168.083333
262	55	210.333333
263	46	132.166667
264	53	151.083333
265	54	155.447917
266	47	156.333333
267	38	198.333333
268	56	127.864583
269	54	95.375000
270	44	208.500000
271	47	254.333333
272	48	159.041667
273	53	176.333333
274	47	144.000000
275	47	232.750000
276	51	115.083333
277	53	243.229167
278	41	142.333333
279	46	294.541667
280	48	108.489583
281	64	252.816667
282	52	238.333333
283	55	203.583333
284	41	261.333333
285	43	161.583333
286	61	108.333333
287	41	139.750000
288	57	200.333333
289	47	180.333333
290	44	177.166667
291	58	184.833333
292	52	172.400000
293	57	203.250000
294	49	91.000000
295	50	76.000000
296	49	77.666667
297	60	176.333333
298	51	183.000000
299	49	258.729167
300	54	213.541667
301	44	140.958333
302	59	126.895833
303	53	127.000000
304	53	218.583333
305	53	82.333333
306	52	133.458333
307	47	390.062500
308	49	108.333333
309	55	157.000000
310	51	184.083333
311	46	243.333333
312	44	360.791667
313	47	176.333333
314	50	170.791667
315	48	215.041667
316	53	281.583333
317	46	69.031250
318	49	200.333333
319	33	260.895833
320	51	117.125000
321	42	180.333333
322	55	78.250000
323	47	177.333333
324	49	112.333333
325	59	183.000000
326	49	210.083333
327	59	197.333333
328	51	121.333333
329	50	119.697917
330	49	244.333333
331	64	129.933333
332	49	91.000000
333	41	156.229167
334	47	120.333333
335	43	154.333333
336	46	140.541667
337	52	213.739583
338	58	155.833333
339	49	92.333333
340	51	171.000000
341	48	165.041667
342	50	226.041667
343	58	225.208333
344	48	124.541667
345	51	192.000000
346	46	150.166667
347	52	209.833333
348	39	269.200000
349	42	155.641667
350	62	106.791667
351	50	154.208333
352	47	249.250000
353	37	164.700000
354	46	129.791667
355	57	100.333333
356	61	112.666667
357	52	133.666667
358	53	134.250000
359	47	146.916667
360	53	162.333333
361	60	141.666667
362	45	133.333333
363	41	570.729167
364	44	224.947917
365	48	111.166667
366	53	200.333333
367	49	180.250000
368	43	185.333333
369	48	192.000000
370	46	124.166667
371	44	147.500000
372	48	236.125000
373	52	168.666667
374	53	154.333333
375	47	137.333333
376	47	124.750000
377	56	253.708333
378	54	305.666667
379	58	128.166667
380	46	49.166667
381	47	161.333333
382	49	200.333333
383	53	142.700000
384	43	108.333333
385	52	77.291667
386	56	89.166667
387	55	137.583333
388	50	115.333333
389	43	261.333333
390	60	431.541667
391	38	170.364583
392	62	105.333333
393	60	145.625000
394	45	94.925000
395	55	290.333333
396	50	200.375000
397	35	174.333333
398	45	191.062500
399	56	146.166667
400	53	127.050000
401	59	170.333333
402	56	170.531250
403	48	140.500000
404	52	103.947917
405	52	448.947917
406	48	224.031250
407	53	192.000000
408	49	147.000000
409	52	184.291667
410	44	581.333333
411	49	124.333333
412	51	108.000000
413	56	181.614583
414	58	161.991667
415	52	272.656250
416	51	177.333333
417	49	108.333333
418	53	102.333333
419	50	133.572917
420	50	98.333333
421	59	188.083333
422	40	138.000000
423	46	123.541667
424	51	108.000000
425	54	89.333333
426	46	128.041667
427	51	201.000000
428	59	133.333333
429	50	58.333333
430	54	586.500000
431	66	172.156250
432	48	154.708333
433	56	210.666667
434	56	113.958333
435	46	123.775000
436	43	75.416667
437	53	111.200000
438	40	249.791667
439	55	156.333333
440	48	160.208333
441	54	133.625000
442	54	119.208333
443	47	227.729167
444	40	224.541667
445	45	230.229167
446	46	179.958333
447	52	115.625000
448	40	138.437500
449	52	162.833333
450	54	169.333333
451	54	204.541667
452	47	110.250000
453	36	123.500000
454	63	148.000000
455	45	167.229167
456	53	91.000000
457	52	201.291667
458	58	117.125000
459	48	148.666667
460	52	126.316667
461	54	153.333333
462	49	149.083333
463	53	144.083333
464	45	487.741667
465	41	136.750000
466	51	120.333333
467	49	133.333333
468	51	196.333333
469	48	167.458333
470	57	126.583333
471	40	139.958333
472	40	717.125000
473	60	177.291667
474	48	91.833333
475	45	122.333333
476	49	170.333333
477	48	165.745833
478	45	108.333333
479	55	156.250000
480	54	172.614583
481	55	184.333333
482	52	218.666667
483	53	209.333333
484	55	155.583333
485	52	127.666667
486	46	245.375000
487	59	119.083333
488	52	86.541667
489	60	202.541667
490	54	167.333333
491	67	120.250000
492	60	184.291667
493	55	333.666667
494	52	198.958333
495	54	171.208333
496	42	126.864583
497	49	205.750000
498	48	145.816667
499	46	442.754167
500	49	263.250000
501	53	207.750000
502	48	103.708333
503	50	205.041667
504	47	97.583333
505	48	124.666667
506	55	150.583333
507	49	57.333333
508	43	148.000000
509	55	165.083333
510	49	289.000000
511	49	188.083333
512	48	212.791667
513	48	115.958333
514	59	156.333333
515	56	165.666667
516	52	146.666667
517	54	174.458333
518	57	85.333333
519	54	229.291667
520	53	65.583333
521	57	149.333333
522	49	193.750000
523	41	114.333333
524	43	187.062500
525	50	154.666667
526	49	150.583333
527	53	106.083333
528	52	158.333333
529	50	44.441667
530	53	233.083333
531	53	133.333333
532	47	114.333333
533	51	169.000000
534	66	84.281250
535	56	152.833333
536	54	225.166667
537	40	171.625000
538	54	124.900000
539	54	87.333333
540	61	192.250000
541	54	166.958333
542	55	217.000000
543	59	85.333333
544	52	142.166667
545	47	162.333333
546	47	208.333333
547	56	114.666667
548	44	302.000000
549	50	72.291667
550	49	149.333333
551	54	97.566667
552	62	102.333333
553	53	111.000000
554	43	127.000000
555	63	280.333333
556	52	141.833333
557	47	127.000000
558	47	213.083333
559	51	105.562500
560	51	108.000000
561	52	136.150000
562	49	392.562500
563	47	142.750000
564	50	173.375000
565	53	161.333333
566	45	146.333333
567	46	109.875000
568	54	187.500000
569	40	215.666667
570	51	74.333333
571	50	107.947917
572	54	141.958333
573	46	171.625000
574	52	249.666667
575	62	115.791667
576	52	232.458333
577	62	231.125000
578	43	129.000000
579	41	165.333333
580	58	210.666667
581	40	212.666667
582	56	132.666667
583	55	280.583333
584	46	161.941667
585	57	128.666667
586	56	116.114583
587	49	99.750000
588	49	124.000000
589	62	110.197917
590	52	251.166667
591	45	109.750000
592	54	166.208333
593	48	249.125000
594	59	218.416667
595	45	89.333333
596	55	130.062500
597	47	108.000000
598	49	154.062500
599	47	289.000000
600	61	80.333333
601	54	177.358333
602	46	229.125000
603	54	96.833333
604	57	144.333333
605	59	233.333333
606	44	177.666667
607	57	132.666667
608	63	121.000000
609	49	156.333333
610	57	206.333333
611	37	364.000000
612	54	143.833333
613	55	57.333333
614	47	216.750000
615	49	118.750000
616	60	113.333333
617	48	132.500000
618	59	146.229167
619	47	124.000000
620	42	103.666667
621	40	105.458333
622	57	96.333333
623	44	282.083333
624	43	96.333333
625	53	80.333333
626	58	140.197917
627	54	122.850000
628	43	268.000000
629	49	151.083333
630	38	279.775000
631	51	98.583333
632	46	170.000000
633	60	314.166667
634	47	230.333333
635	49	66.333333
636	42	72.666667
637	54	108.489583
638	50	162.958333
639	48	156.781250
640	43	120.333333
641	44	196.458333
642	48	109.833333
643	40	300.875000
644	52	265.333333
645	48	89.166667
646	41	160.333333
647	61	120.333333
648	50	184.150000
649	47	173.083333
650	53	192.000000
651	51	130.916667
652	52	59.516667
653	58	83.208333
654	51	108.000000
655	52	179.691667
656	51	98.583333
657	56	125.000000
658	43	108.000000
659	60	190.000000
660	53	124.333333
661	51	167.583333
662	46	192.333333
663	53	117.000000
664	41	66.083333
665	49	139.750000
666	47	80.583333
667	51	96.750000
668	62	173.400000
669	52	198.333333
670	56	127.333333
671	54	72.333333
672	43	384.000000
673	58	284.614583
674	42	275.708333
675	56	140.291667
676	49	212.333333
677	49	193.000000
678	42	87.322917
679	47	152.083333
680	41	147.000000
681	45	162.333333
682	48	148.739583
683	54	122.333333
684	50	145.333333
685	57	109.000000
686	53	331.750000
687	54	190.333333
688	55	210.416667
689	48	119.291667
690	48	211.750000
691	47	158.550000
692	47	133.333333
693	52	241.458333
694	40	165.708333
695	38	406.791667
696	54	120.239583
697	50	268.333333
698	42	99.833333
699	58	198.629167
700	51	137.583333
701	47	125.083333
702	50	212.483333
703	49	174.083333
704	52	156.114583
705	42	180.833333
706	49	168.916667
707	52	177.333333
708	51	120.333333
709	44	88.833333
710	56	255.791667
711	55	150.583333
712	55	156.333333
713	55	193.333333
714	46	159.041667
715	54	267.125000
716	59	158.083333
717	68	150.833333
718	51	121.000000
719	42	68.875000
720	46	116.458333
721	42	187.958333
722	48	327.708333
723	47	156.333333
724	58	167.416667
725	53	117.000000
726	49	133.583333
727	49	144.083333
728	56	145.208333
729	58	194.041667
730	58	123.541667
731	50	111.291667
732	52	173.166667
733	52	81.541667
734	44	134.906250
735	58	126.875000
736	58	182.208333
737	59	124.000000
738	46	191.375000
739	51	161.333333
740	52	106.197917
741	50	200.875000
742	50	194.000000
743	55	209.333333
744	48	138.583333
745	51	184.333333
746	54	222.266667
747	51	189.000000
748	48	280.666667
749	52	151.031250
750	53	146.333333
751	50	240.666667
752	39	277.325000
753	49	142.333333
754	41	142.895833
755	53	155.000000
756	53	192.000000
757	49	126.583333
758	47	246.333333
759	54	140.166667
760	43	129.000000
761	59	106.916667
762	56	72.791667
763	42	245.333333
764	41	256.750000
765	40	191.125000
766	41	75.000000
767	53	134.333333
768	52	171.958333
769	50	163.666667
770	50	133.666667
771	59	165.083333
772	54	150.781250
773	48	186.433333
774	49	86.333333
775	50	76.000000
776	52	147.350000
777	44	75.833333
778	47	182.916667
779	47	154.333333
780	49	271.000000
781	55	217.333333
782	40	134.666667
783	56	243.541667
784	55	154.333333
785	53	120.333333
786	49	57.200000
787	55	190.062500
788	57	82.750000
789	52	126.916667
790	52	140.666667
791	63	105.083333
792	53	192.000000
793	66	179.166667
794	49	158.333333
795	53	172.583333
796	46	181.291667
797	54	117.291667
798	59	57.000000
799	58	171.583333
800	56	192.125000
801	62	93.291667
802	49	193.000000
803	49	84.000000
804	52	86.041667
805	52	174.458333
806	54	129.375000
807	50	305.166667
808	43	174.333333
809	44	138.625000
810	52	162.166667
811	53	195.083333
812	46	170.208333
813	43	91.000000
814	46	263.166667
815	48	218.191667
816	47	105.333333
817	59	183.000000
818	49	133.333333
819	57	176.333333
820	49	301.000000
821	52	145.208333
822	46	96.083333
823	49	412.250000
824	45	108.333333
825	50	211.625000
826	51	196.083333
827	47	93.000000
828	63	121.333333
829	45	171.000000
830	48	445.614583
831	38	238.791667
832	55	204.400000
833	43	289.000000
834	49	337.000000
835	57	200.333333
836	54	167.541667
837	59	200.083333
838	54	126.531250
839	54	134.333333
840	51	150.583333
841	40	219.162500
842	57	104.333333
843	53	114.333333
844	55	160.333333
845	52	55.704167
846	54	177.333333
847	48	181.500000
848	48	155.000000
849	53	154.333333
850	54	139.583333
851	51	180.325000
852	39	184.333333
853	52	159.958333
854	49	154.333333
855	53	82.333333
856	53	123.583333
857	51	150.583333
858	44	111.322917
859	40	70.725000
860	49	201.333333
861	57	147.250000
862	51	110.083333
863	49	231.583333
864	51	143.583333
865	59	138.583333
866	46	85.791667
867	45	369.666667
868	49	73.000000
869	41	185.583333
870	52	137.364583
871	49	98.000000
872	53	100.000000
873	62	150.625000
874	55	130.083333
875	61	238.229167
876	48	343.666667
877	50	210.697917
878	53	229.750000
879	58	154.958333
880	56	110.333333
881	48	92.541667
882	48	135.864583
883	59	202.333333
884	48	192.208333
885	48	282.525000
886	56	115.500000
887	52	69.041667
888	45	177.333333
889	48	173.541667
890	56	161.833333
891	51	61.000000
892	46	77.708333
893	49	77.583333
894	48	331.614583
895	50	173.791667
896	52	260.708333
897	54	207.125000
898	46	174.000000
899	52	144.333333
900	54	213.572917
901	53	366.333333
902	61	110.250000
903	51	123.083333
904	45	221.583333
905	45	96.583333
906	49	147.000000
907	43	82.333333
908	52	166.333333
909	46	298.791667
910	55	85.333333
911	47	97.333333
912	45	166.062500
913	49	186.333333
914	52	368.500000
915	54	152.958333
916	57	156.333333
917	50	133.375000
918	41	160.333333
919	42	490.708333
920	54	210.129167
921	45	113.000000
922	55	108.000000
923	53	139.000000
924	53	177.333333
925	46	347.629167
926	51	129.000000
927	51	117.750000
928	54	161.833333
929	48	95.833333
930	52	87.333333
931	52	151.041667
932	57	200.333333
933	52	264.958333
934	50	408.166667
935	66	180.833333
936	57	165.083333
937	57	86.333333
938	55	127.000000
939	50	163.906250
940	42	165.333333
941	53	119.395833
942	54	237.541667
943	49	91.000000
944	53	92.895833
945	45	208.333333
946	61	176.583333
947	51	343.000000
948	55	185.083333
949	50	300.000000
950	46	137.297917
951	48	56.333333
952	45	80.583333
953	54	67.833333
954	45	166.583333
955	44	186.500000
956	45	141.583333
957	48	187.500000
958	48	107.333333
959	53	96.333333
960	42	136.208333
961	54	186.875000
962	52	146.875000
963	45	211.000000
964	51	372.000000
965	56	188.166667
966	50	150.791667
967	53	147.000000
968	56	113.739583
969	57	156.333333
970	38	251.208333
971	54	89.739583
972	41	273.000000
973	59	71.333333
974	46	291.833333
975	48	385.816667
976	47	87.800000
977	51	125.416667
978	47	85.333333
979	50	104.166667
980	54	122.375000
981	42	230.000000
982	42	225.333333
983	54	124.625000
984	41	115.583333
985	47	127.000000
986	57	145.333333
987	52	208.291667
988	48	113.833333
989	58	141.291667
990	46	106.166667
991	50	80.791667
992	60	133.166667
993	53	97.583333
994	54	316.125000
995	55	102.083333
996	50	74.572917
997	51	116.333333
998	49	168.750000
999	61	135.416667
1000	47	189.000000
